  0
SECTION
  2
HEADER
  9
$ACADVER
  1
AC1014
  9
$ACADMAINTVER
 70
     9
  9
$DWGCODEPAGE
  3
ANSI_936
  9
$INSBASE
 10
0.0
 20
0.0
 30
0.0
  9
$EXTMIN
 10
1.000000E+20
 20
1.000000E+20
 30
1.000000E+20
  9
$EXTMAX
 10
-1.000000E+20
 20
-1.000000E+20
 30
-1.000000E+20
  9
$LIMMIN
 10
0.0
 20
0.0
  9
$LIMMAX
 10
12.0
 20
9.0
  9
$ORTHOMODE
 70
     0
  9
$REGENMODE
 70
     1
  9
$FILLMODE
 70
     1
  9
$QTEXTMODE
 70
     0
  9
$MIRRTEXT
 70
     0
  9
$DRAGMODE
 70
     2
  9
$LTSCALE
 40
1.0
  9
$OSMODE
 70
    37
  9
$ATTMODE
 70
     1
  9
$TEXTSIZE
 40
35.383019
  9
$TRACEWID
 40
0.05
  9
$TEXTSTYLE
  7
STANDARD
  9
$CLAYER
  8
0
  9
$CELTYPE
  6
BYLAYER
  9
$CECOLOR
 62
   256
  9
$CELTSCALE
 40
1.0
  9
$DELOBJ
 70
     1
  9
$DISPSILH
 70
     0
  9
$DIMSCALE
 40
1.0
  9
$DIMASZ
 40
0.18
  9
$DIMEXO
 40
0.0625
  9
$DIMDLI
 40
0.38
  9
$DIMRND
 40
0.0
  9
$DIMDLE
 40
0.0
  9
$DIMEXE
 40
0.18
  9
$DIMTP
 40
0.0
  9
$DIMTM
 40
0.0
  9
$DIMTXT
 40
0.18
  9
$DIMCEN
 40
0.09
  9
$DIMTSZ
 40
0.0
  9
$DIMTOL
 70
     0
  9
$DIMLIM
 70
     0
  9
$DIMTIH
 70
     1
  9
$DIMTOH
 70
     1
  9
$DIMSE1
 70
     0
  9
$DIMSE2
 70
     0
  9
$DIMTAD
 70
     0
  9
$DIMZIN
 70
     0
  9
$DIMBLK
  1

  9
$DIMASO
 70
     1
  9
$DIMSHO
 70
     1
  9
$DIMPOST
  1

  9
$DIMAPOST
  1

  9
$DIMALT
 70
     0
  9
$DIMALTD
 70
     2
  9
$DIMALTF
 40
25.4
  9
$DIMLFAC
 40
1.0
  9
$DIMTOFL
 70
     0
  9
$DIMTVP
 40
0.0
  9
$DIMTIX
 70
     0
  9
$DIMSOXD
 70
     0
  9
$DIMSAH
 70
     0
  9
$DIMBLK1
  1

  9
$DIMBLK2
  1

  9
$DIMSTYLE
  2
STANDARD
  9
$DIMCLRD
 70
     0
  9
$DIMCLRE
 70
     0
  9
$DIMCLRT
 70
     0
  9
$DIMTFAC
 40
1.0
  9
$DIMGAP
 40
0.09
  9
$DIMJUST
 70
     0
  9
$DIMSD1
 70
     0
  9
$DIMSD2
 70
     0
  9
$DIMTOLJ
 70
     1
  9
$DIMTZIN
 70
     0
  9
$DIMALTZ
 70
     0
  9
$DIMALTTZ
 70
     0
  9
$DIMFIT
 70
     5
  9
$DIMUPT
 70
     0
  9
$DIMUNIT
 70
     2
  9
$DIMDEC
 70
     4
  9
$DIMTDEC
 70
     4
  9
$DIMALTU
 70
     2
  9
$DIMALTTD
 70
     2
  9
$DIMTXSTY
  7
STANDARD
  9
$DIMAUNIT
 70
     0
  9
$LUNITS
 70
     2
  9
$LUPREC
 70
     4
  9
$SKETCHINC
 40
0.1
  9
$FILLETRAD
 40
0.0
  9
$AUNITS
 70
     0
  9
$AUPREC
 70
     0
  9
$MENU
  1
.
  9
$ELEVATION
 40
0.0
  9
$PELEVATION
 40
0.0
  9
$THICKNESS
 40
0.0
  9
$LIMCHECK
 70
     0
  9
$CHAMFERA
 40
0.0
  9
$CHAMFERB
 40
0.0
  9
$CHAMFERC
 40
0.0
  9
$CHAMFERD
 40
0.0
  9
$SKPOLY
 70
     0
  9
$TDCREATE
 40
2460560.647581019
  9
$TDUPDATE
 40
2461286.621270509
  9
$TDINDWG
 40
0.0234490741
  9
$TDUSRTIMER
 40
0.0234490741
  9
$USRTIMER
 70
     1
  9
$ANGBASE
 50
0.0
  9
$ANGDIR
 70
     0
  9
$PDMODE
 70
     0
  9
$PDSIZE
 40
0.0
  9
$PLINEWID
 40
0.0
  9
$COORDS
 70
     1
  9
$SPLFRAME
 70
     0
  9
$SPLINETYPE
 70
     6
  9
$SPLINESEGS
 70
     8
  9
$ATTDIA
 70
     0
  9
$ATTREQ
 70
     1
  9
$HANDLING
 70
     1
  9
$HANDSEED
  5
495B
  9
$SURFTAB1
 70
     6
  9
$SURFTAB2
 70
     6
  9
$SURFTYPE
 70
     6
  9
$SURFU
 70
     6
  9
$SURFV
 70
     6
  9
$UCSNAME
  2

  9
$UCSORG
 10
0.0
 20
0.0
 30
0.0
  9
$UCSXDIR
 10
1.0
 20
0.0
 30
0.0
  9
$UCSYDIR
 10
0.0
 20
1.0
 30
0.0
  9
$PUCSNAME
  2

  9
$PUCSORG
 10
0.0
 20
0.0
 30
0.0
  9
$PUCSXDIR
 10
1.0
 20
0.0
 30
0.0
  9
$PUCSYDIR
 10
0.0
 20
1.0
 30
0.0
  9
$USERI1
 70
     0
  9
$USERI2
 70
     0
  9
$USERI3
 70
     0
  9
$USERI4
 70
     0
  9
$USERI5
 70
     0
  9
$USERR1
 40
0.0
  9
$USERR2
 40
0.0
  9
$USERR3
 40
0.0
  9
$USERR4
 40
0.0
  9
$USERR5
 40
0.0
  9
$WORLDVIEW
 70
     1
  9
$SHADEDGE
 70
     3
  9
$SHADEDIF
 70
    70
  9
$TILEMODE
 70
     0
  9
$MAXACTVP
 70
    64
  9
$PINSBASE
 10
0.0
 20
0.0
 30
0.0
  9
$PLIMCHECK
 70
     0
  9
$PEXTMIN
 10
0.0
 20
0.0
 30
0.0
  9
$PEXTMAX
 10
0.0
 20
0.0
 30
0.0
  9
$PLIMMIN
 10
-0.25
 20
-0.25
  9
$PLIMMAX
 10
10.75
 20
8.25
  9
$UNITMODE
 70
     0
  9
$VISRETAIN
 70
     1
  9
$PLINEGEN
 70
     0
  9
$PSLTSCALE
 70
     0
  9
$TREEDEPTH
 70
  3020
  9
$PICKSTYLE
 70
     1
  9
$CMLSTYLE
  2
STANDARD
  9
$CMLJUST
 70
     0
  9
$CMLSCALE
 40
1.0
  9
$PROXYGRAPHICS
 70
     1
  9
$MEASUREMENT
 70
     0
  0
ENDSEC
  0
SECTION
  2
CLASSES
  0
CLASS
  1
ACDBDICTIONARYWDFLT
  2
AcDbDictionaryWithDefault
  3
ObjectDBX Classes
 90
        0
280
     0
281
     0
  0
CLASS
  1
DICTIONARYVAR
  2
AcDbDictionaryVar
  3
ObjectDBX Classes
 90
        0
280
     0
281
     0
  0
CLASS
  1
MATERIAL
  2
AcDbMaterial
  3
ObjectDBX Classes
 90
     1153
280
     0
281
     0
  0
CLASS
  1
VISUALSTYLE
  2
AcDbVisualStyle
  3
ObjectDBX Classes
 90
     4095
280
     0
281
     0
  0
CLASS
  1
TABLESTYLE
  2
AcDbTableStyle
  3
ObjectDBX Classes
 90
     4095
280
     0
281
     0
  0
CLASS
  1
SCALE
  2
AcDbScale
  3
ObjectDBX Classes
 90
     1153
280
     0
281
     0
  0
CLASS
  1
MLEADERSTYLE
  2
AcDbMLeaderStyle
  3
ACDB_MLEADERSTYLE_CLASS
 90
     4095
280
     0
281
     0
  0
CLASS
  1
CELLSTYLEMAP
  2
AcDbCellStyleMap
  3
ObjectDBX Classes
 90
     1152
280
     0
281
     0
  0
CLASS
  1
EXACXREFPANELOBJECT
  2
ExAcXREFPanelObject
  3
EXAC_ESW
 90
     1025
280
     1
281
     0
  0
CLASS
  1
NPOCOLLECTION
  2
AcDbImpNonPersistentObjectsCollection
  3
ObjectDBX Classes
 90
     1153
280
     1
281
     0
  0
CLASS
  1
LAYER_INDEX
  2
AcDbLayerIndex
  3
ObjectDBX Classes
 90
        0
280
     0
281
     0
  0
CLASS
  1
SPATIAL_INDEX
  2
AcDbSpatialIndex
  3
AutoCAD 2000
 90
        0
280
     0
281
     0
  0
CLASS
  1
IDBUFFER
  2
AcDbIdBuffer
  3
ObjectDBX Classes
 90
        0
280
     0
281
     0
  0
CLASS
  1
ACDBSECTIONVIEWSTYLE
  2
AcDbSectionViewStyle
  3
ObjectDBX Classes
 90
     1025
280
     0
281
     0
  0
CLASS
  1
ACDBDETAILVIEWSTYLE
  2
AcDbDetailViewStyle
  3
ObjectDBX Classes
 90
     1025
280
     0
281
     0
  0
CLASS
  1
SUN
  2
AcDbSun
  3
SCENEOE
 90
     1153
280
     0
281
     0
  0
CLASS
  1
CSACDOCUMENTOPTIONS
  2
CDocDataContainer
  3
"DERU003_CSAPP"
 90
     4095
280
     0
281
     0
  0
CLASS
  1
SORTENTSTABLE
  2
AcDbSortentsTable
  3
ObjectDBX Classes
 90
        0
280
     0
281
     0
  0
CLASS
  1
XRECORD
  2
AcDbXrecord
  3
ObjectDBX Classes
 90
        0
280
     0
281
     0
  0
CLASS
  1
LWPOLYLINE
  2
AcDbPolyline
  3
ObjectDBX Classes
 90
        0
280
     0
281
     1
  0
CLASS
  1
HATCH
  2
AcDbHatch
  3
ObjectDBX Classes
 90
        0
280
     0
281
     1
  0
CLASS
  1
ACDBPLACEHOLDER
  2
AcDbPlaceHolder
  3
ObjectDBX Classes
 90
        0
280
     0
281
     0
  0
CLASS
  1
LAYOUT
  2
AcDbLayout
  3
ObjectDBX Classes
 90
        0
280
     0
281
     0
  0
CLASS
  1
PLOTSETTINGS
  2
AcDbPlotSettings
  3
ObjectDBX Classes
 90
        0
280
     0
281
     0
  0
CLASS
  1
LAYOUTPRINTCONFIG
  2
CAcLayoutPrintConfig
  3
"CSD_APP"
 90
     4095
280
     0
281
     1
  0
CLASS
  1
McDbContainer2
  2
McDbContainer2
  3
NanoSPDS
 90
      893
280
     0
281
     0
  0
ENDSEC
  0
SECTION
  2
TABLES
  0
TABLE
  2
VPORT
  5
8
102
{ACAD_XDICTIONARY
360
4956
102
}
330
0
100
AcDbSymbolTable
 70
     1
  0
VPORT
  5
90
330
8
100
AcDbSymbolTableRecord
100
AcDbViewportTableRecord
  2
*ACTIVE
 70
     0
 10
0.0
 20
0.0
 11
1.0
 21
1.0
 12
204.562247
 22
-53.61271
 13
0.0
 23
0.0
 14
0.5
 24
0.5
 15
0.5
 25
0.5
 16
0.0
 26
0.0
 36
1.0
 17
0.0
 27
0.0
 37
0.0
 40
264.795748
 41
2.607843
 42
50.0
 43
0.0
 44
0.0
 50
0.0
 51
0.0
 71
    16
 72
  1000
 73
     1
 74
     3
 75
     0
 76
     1
 77
     0
 78
     0
1001
ACAD_NAV_VCDISPLAY
1070
     3
  0
ENDTAB
  0
TABLE
  2
LTYPE
  5
5
330
0
100
AcDbSymbolTable
 70
     1
  0
LTYPE
  5
14
330
5
100
AcDbSymbolTableRecord
100
AcDbLinetypeTableRecord
  2
BYBLOCK
 70
     0
  3

 72
    65
 73
     0
 40
0.0
  0
LTYPE
  5
15
330
5
100
AcDbSymbolTableRecord
100
AcDbLinetypeTableRecord
  2
BYLAYER
 70
     0
  3

 72
    65
 73
     0
 40
0.0
  0
LTYPE
  5
16
330
5
100
AcDbSymbolTableRecord
100
AcDbLinetypeTableRecord
  2
CONTINUOUS
 70
     0
  3
Solid line
 72
    65
 73
     0
 40
0.0
  0
ENDTAB
  0
TABLE
  2
LAYER
  5
2
102
{ACAD_XDICTIONARY
360
18B
102
}
330
0
100
AcDbSymbolTable
 70
    23
  0
LAYER
  5
1024
330
2
100
AcDbSymbolTableRecord
100
AcDbLayerTableRecord
  2
TOP-LAYER
 70
     0
 62
     1
  6
CONTINUOUS
  0
LAYER
  5
1025
330
2
100
AcDbSymbolTableRecord
100
AcDbLayerTableRecord
  2
BOTTOM-LAYER
 70
     0
 62
     5
  6
CONTINUOUS
  0
LAYER
  5
1026
330
2
100
AcDbSymbolTableRecord
100
AcDbLayerTableRecord
  2
TOP-SILKSCREEN-LAYER
 70
     0
 62
    40
  6
CONTINUOUS
  0
LAYER
  5
1027
330
2
100
AcDbSymbolTableRecord
100
AcDbLayerTableRecord
  2
BOTTOM-SILKSCREEN-LAYER
 70
     0
 62
    72
  6
CONTINUOUS
  0
LAYER
  5
1028
330
2
100
AcDbSymbolTableRecord
100
AcDbLayerTableRecord
  2
TOP-SOLDER-MASK-LAYER
 70
     0
 62
   216
  6
CONTINUOUS
  0
LAYER
  5
1029
330
2
100
AcDbSymbolTableRecord
100
AcDbLayerTableRecord
  2
BOTTOM-SOLDER-MASK-LAYER
 70
     0
 62
   200
  6
CONTINUOUS
  0
LAYER
  5
1030
330
2
100
AcDbSymbolTableRecord
100
AcDbLayerTableRecord
  2
TOP-PASTE-MASK-LAYER
 70
     0
 62
     8
  6
CONTINUOUS
  0
LAYER
  5
1031
330
2
100
AcDbSymbolTableRecord
100
AcDbLayerTableRecord
  2
BOTTOM-PASTE-MASK-LAYER
 70
     0
 62
    16
  6
CONTINUOUS
  0
LAYER
  5
1032
330
2
100
AcDbSymbolTableRecord
100
AcDbLayerTableRecord
  2
TOP-ASSEMBLY-LAYER
 70
     0
 62
   113
  6
CONTINUOUS
  0
LAYER
  5
1033
330
2
100
AcDbSymbolTableRecord
100
AcDbLayerTableRecord
  2
BOTTOM-ASSEMBLY-LAYER
 70
     0
 62
   173
  6
CONTINUOUS
  0
LAYER
  5
1034
330
2
100
AcDbSymbolTableRecord
100
AcDbLayerTableRecord
  2
BOARD-OUTLINE-LAYER
 70
     0
 62
     6
  6
CONTINUOUS
  0
LAYER
  5
1035
330
2
100
AcDbSymbolTableRecord
100
AcDbLayerTableRecord
  2
MULTI-LAYER
 70
     0
 62
     9
  6
CONTINUOUS
  0
LAYER
  5
1036
330
2
100
AcDbSymbolTableRecord
100
AcDbLayerTableRecord
  2
DOCUMENT-LAYER
 70
     0
 62
     7
  6
CONTINUOUS
  0
LAYER
  5
1037
330
2
100
AcDbSymbolTableRecord
100
AcDbLayerTableRecord
  2
MECHANICAL-LAYER
 70
     0
 62
     6
  6
CONTINUOUS
  0
LAYER
  5
1038
330
2
100
AcDbSymbolTableRecord
100
AcDbLayerTableRecord
  2
HOLE-LAYER
 70
     0
 62
   250
  6
CONTINUOUS
  0
LAYER
  5
1039
330
2
100
AcDbSymbolTableRecord
100
AcDbLayerTableRecord
  2
3D-SHELL-OUTLINE-LAYER
 70
     0
 62
   101
  6
CONTINUOUS
  0
LAYER
  5
1040
330
2
100
AcDbSymbolTableRecord
100
AcDbLayerTableRecord
  2
3D-SHELL-TOP-LAYER
 70
     0
 62
     7
  6
CONTINUOUS
  0
LAYER
  5
1041
330
2
100
AcDbSymbolTableRecord
100
AcDbLayerTableRecord
  2
3D-SHELL-BOTTOM-LAYER
 70
     0
 62
   152
  6
CONTINUOUS
  0
LAYER
  5
1042
330
2
100
AcDbSymbolTableRecord
100
AcDbLayerTableRecord
  2
DRILL-DRAWING-LAYER
 70
     0
 62
   136
  6
CONTINUOUS
  0
LAYER
  5
1043
330
2
100
AcDbSymbolTableRecord
100
AcDbLayerTableRecord
  2
RATLINE-LAYER
 70
     0
 62
   171
  6
CONTINUOUS
  0
LAYER
  5
10
330
2
100
AcDbSymbolTableRecord
100
AcDbLayerTableRecord
  2
0
 70
     0
 62
     7
  6
CONTINUOUS
  0
LAYER
  5
48C4
330
2
100
AcDbSymbolTableRecord
100
AcDbLayerTableRecord
  2
DEFPOINTS
 70
     0
 62
     7
  6
CONTINUOUS
  0
LAYER
  5
48EC
330
2
100
AcDbSymbolTableRecord
100
AcDbLayerTableRecord
  2
DIMENSION
 70
     0
 62
     3
  6
CONTINUOUS
  0
ENDTAB
  0
TABLE
  2
STYLE
  5
3
330
0
100
AcDbSymbolTable
 70
     2
  0
STYLE
  5
11
330
3
100
AcDbSymbolTableRecord
100
AcDbTextStyleTableRecord
  2
STANDARD
 70
     0
 40
0.0
 41
1.0
 50
0.0
 71
     0
 42
35.383019
  3
arial.ttf
  4

1001
ACAD
1000
Arial
1071
       34
  0
STYLE
  5
D7
330
3
100
AcDbSymbolTableRecord
100
AcDbTextStyleTableRecord
  2
ANNOTATIVE
 70
     0
 40
0.0
 41
1.0
 50
0.0
 71
     0
 42
0.2
  3
arial.ttf
  4

1001
ACADANNOTATIVE
1000
AnnotativeData
1002
{
1070
     1
1070
     1
1002
}
1001
ACAD
1000
Arial
1071
       34
  0
ENDTAB
  0
TABLE
  2
VIEW
  5
6
330
0
100
AcDbSymbolTable
 70
     0
  0
ENDTAB
  0
TABLE
  2
UCS
  5
7
330
0
100
AcDbSymbolTable
 70
     0
  0
ENDTAB
  0
TABLE
  2
APPID
  5
9
330
0
100
AcDbSymbolTable
 70
    13
  0
APPID
  5
12
330
9
100
AcDbSymbolTableRecord
100
AcDbRegAppTableRecord
  2
ACAD
 70
     0
  0
APPID
  5
D8
330
9
100
AcDbSymbolTableRecord
100
AcDbRegAppTableRecord
  2
ACADANNOPO
 70
     0
  0
APPID
  5
D9
330
9
100
AcDbSymbolTableRecord
100
AcDbRegAppTableRecord
  2
ACADANNOTATIVE
 70
     0
  0
APPID
  5
DA
330
9
100
AcDbSymbolTableRecord
100
AcDbRegAppTableRecord
  2
ACAD_DSTYLE_DIMJAG
 70
     0
  0
APPID
  5
DB
330
9
100
AcDbSymbolTableRecord
100
AcDbRegAppTableRecord
  2
ACAD_DSTYLE_DIMTALN
 70
     0
  0
APPID
  5
102
330
9
100
AcDbSymbolTableRecord
100
AcDbRegAppTableRecord
  2
ACAD_MLEADERVER
 70
     0
  0
APPID
  5
1A3
330
9
100
AcDbSymbolTableRecord
100
AcDbRegAppTableRecord
  2
ACAD_NAV_VCDISPLAY
 70
     0
  0
APPID
  5
4486
330
9
100
AcDbSymbolTableRecord
100
AcDbRegAppTableRecord
  2
MCS_DOCUMENT_ID
 70
     0
  0
APPID
  5
4487
330
9
100
AcDbSymbolTableRecord
100
AcDbRegAppTableRecord
  2
MCS_DIM1
 70
     0
  0
APPID
  5
4488
330
9
100
AcDbSymbolTableRecord
100
AcDbRegAppTableRecord
  2
MCSXDATA5
 70
     0
  0
APPID
  5
448E
330
9
100
AcDbSymbolTableRecord
100
AcDbRegAppTableRecord
  2
MCS_PARAMS_DATA
 70
     0
  0
APPID
  5
4539
330
9
100
AcDbSymbolTableRecord
100
AcDbRegAppTableRecord
  2
MC_VERSION_DATA
 70
     0
  0
APPID
  5
48CB
330
9
100
AcDbSymbolTableRecord
100
AcDbRegAppTableRecord
  2
ACAD_PSEXT
 70
     0
  0
ENDTAB
  0
TABLE
  2
DIMSTYLE
  5
A
330
0
100
AcDbSymbolTable
 70
     2
  0
DIMSTYLE
105
27
330
A
100
AcDbSymbolTableRecord
100
AcDbDimStyleTableRecord
  2
STANDARD
 70
     0
  3

  4

  5

  6

  7

 40
1.0
 41
0.18
 42
0.0625
 43
0.38
 44
0.18
 45
0.0
 46
0.0
 47
0.0
 48
0.0
140
0.18
141
0.09
142
0.0
143
25.4
144
1.0
145
0.0
146
1.0
147
0.09
 71
     0
 72
     0
 73
     1
 74
     1
 75
     0
 76
     0
 77
     0
 78
     0
170
     0
171
     2
172
     0
173
     0
174
     0
175
     0
176
     0
177
     0
178
     0
270
     2
271
     4
272
     4
273
     2
274
     2
340
11
275
     0
280
     0
281
     0
282
     0
283
     1
284
     0
285
     0
286
     0
287
     3
288
     0
  0
DIMSTYLE
105
DC
330
A
100
AcDbSymbolTableRecord
100
AcDbDimStyleTableRecord
  2
ANNOTATIVE
 70
     0
  3

  4

  5

  6

  7

 40
0.0
 41
0.18
 42
0.0625
 43
0.38
 44
0.18
 45
0.0
 46
0.0
 47
0.0
 48
0.0
140
0.18
141
0.09
142
0.0
143
25.4
144
1.0
145
0.0
146
1.0
147
0.09
 71
     0
 72
     0
 73
     1
 74
     1
 75
     0
 76
     0
 77
     0
 78
     0
170
     0
171
     2
172
     0
173
     0
174
     0
175
     0
176
     0
177
     0
178
     0
270
     2
271
     4
272
     4
273
     2
274
     2
340
11
275
     0
280
     0
281
     0
282
     0
283
     1
284
     0
285
     0
286
     0
287
     3
288
     0
1001
ACADANNOTATIVE
1000
AnnotativeData
1002
{
1070
     1
1070
     1
1002
}
1001
ACAD_DSTYLE_DIMJAG
1070
   388
1040
1.5
1001
ACAD_DSTYLE_DIMTALN
1070
   392
1070
     0
  0
ENDTAB
  0
TABLE
  2
BLOCK_RECORD
  5
1
330
0
100
AcDbSymbolTable
 70
     3
  0
BLOCK_RECORD
  5
1F
102
{ACAD_XDICTIONARY
360
448B
102
}
330
1
100
AcDbSymbolTableRecord
100
AcDbBlockTableRecord
  2
*MODEL_SPACE
  0
BLOCK_RECORD
  5
73
330
1
100
AcDbSymbolTableRecord
100
AcDbBlockTableRecord
  2
*PAPER_SPACE
  0
BLOCK_RECORD
  5
48DF
330
1
100
AcDbSymbolTableRecord
100
AcDbBlockTableRecord
  2
*D0
  0
BLOCK_RECORD
  5
48F1
330
1
100
AcDbSymbolTableRecord
100
AcDbBlockTableRecord
  2
*D1
  0
BLOCK_RECORD
  5
4903
330
1
100
AcDbSymbolTableRecord
100
AcDbBlockTableRecord
  2
*D2
  0
ENDTAB
  0
ENDSEC
  0
SECTION
  2
BLOCKS
  0
BLOCK
  5
20
330
1F
100
AcDbEntity
  8
0
100
AcDbBlockBegin
  2
*MODEL_SPACE
 70
     0
 10
0.0
 20
0.0
 30
0.0
  3
*MODEL_SPACE
  1

  0
ENDBLK
  5
21
330
1F
100
AcDbEntity
  8
0
100
AcDbBlockEnd
  0
BLOCK
  5
75
330
73
100
AcDbEntity
 67
     1
  8
0
100
AcDbBlockBegin
  2
*PAPER_SPACE
 70
     0
 10
0.0
 20
0.0
 30
0.0
  3
*PAPER_SPACE
  1

  0
ENDBLK
  5
76
330
73
100
AcDbEntity
 67
     1
  8
0
100
AcDbBlockEnd
  0
BLOCK
  5
48E0
330
48DF
100
AcDbEntity
  8
0
100
AcDbBlockBegin
  2
*D0
 70
     1
 10
0.0
 20
0.0
 30
0.0
  3
*D0
  1
*D0
  0
LINE
  5
48E2
330
48DF
100
AcDbEntity
  8
DIMENSION
 62
     0
100
AcDbLine
 10
3.500008
 20
-3.437508
 30
0.0
 11
3.500008
 21
-3.320008
 31
0.0
  0
LINE
  5
48E3
330
48DF
100
AcDbEntity
  8
DIMENSION
 62
     0
100
AcDbLine
 10
174.000348
 20
-3.437508
 30
0.0
 11
174.000348
 21
-3.320008
 31
0.0
  0
LINE
  5
48E4
330
48DF
100
AcDbEntity
  8
DIMENSION
 62
     0
100
AcDbLine
 10
3.680008
 20
-3.500008
 30
0.0
 11
88.155728
 21
-3.500008
 31
0.0
  0
LINE
  5
48E5
330
48DF
100
AcDbEntity
  8
DIMENSION
 62
     0
100
AcDbLine
 10
173.820348
 20
-3.500008
 30
0.0
 11
89.344628
 21
-3.500008
 31
0.0
  0
SOLID
  5
48E6
330
48DF
100
AcDbEntity
  8
DIMENSION
 62
     0
100
AcDbTrace
 10
3.680008
 20
-3.470008
 30
0.0
 11
3.680008
 21
-3.530008
 31
0.0
 12
3.500008
 22
-3.500008
 32
0.0
 13
3.500008
 23
-3.500008
 33
0.0
  0
SOLID
  5
48E7
330
48DF
100
AcDbEntity
  8
DIMENSION
 62
     0
100
AcDbTrace
 10
173.820348
 20
-3.530008
 30
0.0
 11
173.820348
 21
-3.470008
 31
0.0
 12
174.000348
 22
-3.500008
 32
0.0
 13
174.000348
 23
-3.500008
 33
0.0
  0
MTEXT
  5
48E8
330
48DF
100
AcDbEntity
  8
DIMENSION
 62
     0
100
AcDbMText
 10
88.750178
 20
-3.500008
 30
0.0
 40
0.18
 41
0.0
 71
     5
 72
     1
  1
\A1;170.5003
  0
POINT
  5
48E9
330
48DF
100
AcDbEntity
  8
DEFPOINTS
 62
     0
100
AcDbPoint
 10
3.500008
 20
-3.500008
 30
0.0
  0
POINT
  5
48EA
330
48DF
100
AcDbEntity
  8
DEFPOINTS
 62
     0
100
AcDbPoint
 10
174.000348
 20
-3.500008
 30
0.0
  0
POINT
  5
48EB
330
48DF
100
AcDbEntity
  8
DEFPOINTS
 62
     0
100
AcDbPoint
 10
174.000348
 20
-3.500008
 30
0.0
  0
ENDBLK
  5
48E1
330
48DF
100
AcDbEntity
  8
0
100
AcDbBlockEnd
  0
BLOCK
  5
48F2
330
48F1
100
AcDbEntity
  8
0
100
AcDbBlockBegin
  2
*D1
 70
     1
 10
0.0
 20
0.0
 30
0.0
  3
*D1
  1
*D1
  0
LINE
  5
48F4
330
48F1
100
AcDbEntity
  8
DIMENSION
 62
     0
100
AcDbLine
 10
174.000348
 20
1.54595
 30
0.0
 11
174.000348
 21
1.66345
 31
0.0
  0
LINE
  5
48F5
330
48F1
100
AcDbEntity
  8
DIMENSION
 62
     0
100
AcDbLine
 10
3.562508
 20
-3.500008
 30
0.0
 11
169.19689
 21
-3.500008
 31
0.0
  0
ARC
  5
48F6
330
48F1
100
AcDbEntity
  8
DIMENSION
 62
     0
100
AcDbCircle
 10
174.000348
 20
-3.500008
 30
0.0
 40
4.98345756722686
100
AcDbArc
 50
92.069607
 51
131.940413
  0
ARC
  5
48F7
330
48F1
100
AcDbEntity
  8
DIMENSION
 62
     0
100
AcDbCircle
 10
174.000348
 20
-3.500008
 30
0.0
 40
4.98345756722686
100
AcDbArc
 50
137.904121
 51
177.930393
  0
SOLID
  5
48F8
330
48F1
100
AcDbEntity
  8
DIMENSION
 62
     0
100
AcDbTrace
 10
173.820919
 20
1.450204
 30
0.0
 11
173.819836
 21
1.510194
 31
0.0
 12
174.000348
 22
1.48345
 32
0.0
 13
174.000348
 23
1.48345
 33
0.0
  0
SOLID
  5
48F9
330
48F1
100
AcDbEntity
  8
DIMENSION
 62
     0
100
AcDbTrace
 10
168.990146
 20
-3.319496
 30
0.0
 11
169.050136
 21
-3.320579
 31
0.0
 12
169.01689
 22
-3.500008
 32
0.0
 13
169.01689
 23
-3.500008
 33
0.0
  0
MTEXT
  5
48FA
330
48F1
100
AcDbEntity
  8
DIMENSION
 62
     0
100
AcDbMText
 10
170.476511
 20
0.023829
 30
0.0
 40
0.18
 41
0.0
 71
     5
 72
     1
  1
\A1;90%%d
  0
POINT
  5
48FB
330
48F1
100
AcDbEntity
  8
DEFPOINTS
 62
     0
100
AcDbPoint
 10
174.000348
 20
-3.500008
 30
0.0
  0
POINT
  5
48FC
330
48F1
100
AcDbEntity
  8
DEFPOINTS
 62
     0
100
AcDbPoint
 10
174.000348
 20
1.48345
 30
0.0
  0
POINT
  5
48FD
330
48F1
100
AcDbEntity
  8
DEFPOINTS
 62
     0
100
AcDbPoint
 10
3.500008
 20
-3.500008
 30
0.0
  0
POINT
  5
48FE
330
48F1
100
AcDbEntity
  8
DEFPOINTS
 62
     0
100
AcDbPoint
 10
171.508619
 20
0.815793
 30
0.0
  0
ENDBLK
  5
48F3
330
48F1
100
AcDbEntity
  8
0
100
AcDbBlockEnd
  0
BLOCK
  5
4904
330
4903
100
AcDbEntity
  8
0
100
AcDbBlockBegin
  2
*D2
 70
     1
 10
0.0
 20
0.0
 30
0.0
  3
*D2
  1
*D2
  0
LINE
  5
4906
330
4903
100
AcDbEntity
  8
DIMENSION
 62
     0
100
AcDbLine
 10
3.500008
 20
-3.437508
 30
0.0
 11
3.500008
 21
20.799992
 31
0.0
  0
LINE
  5
4907
330
4903
100
AcDbEntity
  8
DIMENSION
 62
     0
100
AcDbLine
 10
174.000348
 20
-3.437508
 30
0.0
 11
174.000348
 21
20.799992
 31
0.0
  0
LINE
  5
4908
330
4903
100
AcDbEntity
  8
DIMENSION
 62
     0
100
AcDbLine
 10
3.680008
 20
20.619992
 30
0.0
 11
88.155728
 21
20.619992
 31
0.0
  0
LINE
  5
4909
330
4903
100
AcDbEntity
  8
DIMENSION
 62
     0
100
AcDbLine
 10
173.820348
 20
20.619992
 30
0.0
 11
89.344628
 21
20.619992
 31
0.0
  0
SOLID
  5
490A
330
4903
100
AcDbEntity
  8
DIMENSION
 62
     0
100
AcDbTrace
 10
3.680008
 20
20.649992
 30
0.0
 11
3.680008
 21
20.589992
 31
0.0
 12
3.500008
 22
20.619992
 32
0.0
 13
3.500008
 23
20.619992
 33
0.0
  0
SOLID
  5
490B
330
4903
100
AcDbEntity
  8
DIMENSION
 62
     0
100
AcDbTrace
 10
173.820348
 20
20.589992
 30
0.0
 11
173.820348
 21
20.649992
 31
0.0
 12
174.000348
 22
20.619992
 32
0.0
 13
174.000348
 23
20.619992
 33
0.0
  0
MTEXT
  5
490C
330
4903
100
AcDbEntity
  8
DIMENSION
 62
     0
100
AcDbMText
 10
88.750178
 20
20.619992
 30
0.0
 40
0.18
 41
0.0
 71
     5
 72
     1
  1
\A1;170.5003
  0
POINT
  5
490D
330
4903
100
AcDbEntity
  8
DEFPOINTS
 62
     0
100
AcDbPoint
 10
3.500008
 20
-3.500008
 30
0.0
  0
POINT
  5
490E
330
4903
100
AcDbEntity
  8
DEFPOINTS
 62
     0
100
AcDbPoint
 10
174.000348
 20
-3.500008
 30
0.0
  0
POINT
  5
490F
330
4903
100
AcDbEntity
  8
DEFPOINTS
 62
     0
100
AcDbPoint
 10
174.000348
 20
20.619992
 30
0.0
  0
ENDBLK
  5
4905
330
4903
100
AcDbEntity
  8
0
100
AcDbBlockEnd
  0
ENDSEC
  0
SECTION
  2
ENTITIES
  0
LWPOLYLINE
  5
1047
330
1F
100
AcDbEntity
  8
BOTTOM-LAYER
100
AcDbPolyline
 90
        4
 70
     1
 43
0.00508
 10
0.254001
 20
-116.713233
 10
0.254001
 20
0.0
 10
187.071374
 20
0.0
 10
187.071374
 20
-116.713233
  0
LWPOLYLINE
  5
1588
330
1F
100
AcDbEntity
  8
BOTTOM-LAYER
100
AcDbPolyline
 90
       32
 70
     1
 43
0.0508
 10
0.358141
 20
-3.500008
 10
0.436914
 20
-2.800876
 10
0.669283
 20
-2.136803
 10
1.043597
 20
-1.541086
 10
1.541086
 20
-1.043597
 10
2.136803
 20
-0.669283
 10
2.800876
 20
-0.436914
 10
3.500008
 20
-0.358141
 10
177.500356
 20
-0.358141
 10
178.199487
 20
-0.436914
 10
178.863561
 20
-0.669283
 10
179.459278
 20
-1.043597
 10
179.956766
 20
-1.541086
 10
180.33108
 20
-2.136803
 10
180.563449
 20
-2.800876
 10
180.642223
 20
-3.500008
 10
180.642223
 20
-104.500208
 10
180.563449
 20
-105.199339
 10
180.33108
 20
-105.863413
 10
179.956766
 20
-106.45913
 10
179.459278
 20
-106.956619
 10
178.863561
 20
-107.330933
 10
178.199487
 20
-107.563302
 10
177.500356
 20
-107.642075
 10
3.500008
 20
-107.642075
 10
2.800876
 20
-107.563302
 10
2.136803
 20
-107.330933
 10
1.541086
 20
-106.956619
 10
1.043597
 20
-106.45913
 10
0.669283
 20
-105.863413
 10
0.436914
 20
-105.199339
 10
0.358141
 20
-104.500208
  0
HATCH
  5
1591
330
1F
100
AcDbEntity
  8
BOTTOM-LAYER
100
AcDbHatch
 10
0.0
 20
0.0
 30
0.0
210
0.0
220
0.0
230
1.0
  2
SOLID
 70
     1
 71
     0
 91
        1
 92
        7
 72
     0
 73
     1
 93
       26
 10
0.3958623317246631
 20
-104.5002082804166
 10
0.4860631522478703
 20
-105.2430788721289
 10
0.7514234699953275
 20
-105.9427765252757
 10
1.17652150784506
 20
-106.5586373555535
 10
1.73665211300574
 20
-107.0548697700695
 10
2.399262530697337
 20
-107.4026345446237
 10
3.125844251934487
 20
-107.5817208545923
 10
3.874170988095987
 20
-107.5817208545923
 10
4.600752709333139
 20
-107.4026345446237
 10
5.263363127024739
 20
-107.0548697700695
 10
5.823493732185421
 20
-106.5586373555535
 10
6.248591770035154
 20
-105.9427765252757
 10
6.513952087782609
 20
-105.2430788721289
 10
6.604152908305816
 20
-104.5002082804166
 10
6.513952087782609
 20
-103.7573376887042
 10
6.248591770035151
 20
-103.0576400355575
 10
5.823493732185417
 20
-102.4417792052797
 10
5.263363127024737
 20
-101.9455467907636
 10
4.60075270933314
 20
-101.5977820162095
 10
3.87417098809599
 20
-101.4186957062409
 10
3.125844251934492
 20
-101.4186957062409
 10
2.399262530697342
 20
-101.5977820162095
 10
1.736652113005744
 20
-101.9455467907636
 10
1.176521507845063
 20
-102.4417792052797
 10
0.7514234699953297
 20
-103.0576400355575
 10
0.4860631522478712
 20
-103.7573376887042
 97
        1
330
1590
 75
     0
 76
     1
 47
0.412818
 98
        1
 10
34.90568961886538
 20
22.81183545379326
1001
ACAD
1010
0.0
1020
0.0
1030
0.0
  0
LWPOLYLINE
  5
1590
330
1F
100
AcDbEntity
  8
BOTTOM-LAYER
100
AcDbPolyline
 90
       26
 70
     1
 43
0.0508
 10
0.395862
 20
-104.500208
 10
0.486063
 20
-105.243079
 10
0.751423
 20
-105.942777
 10
1.176522
 20
-106.558637
 10
1.736652
 20
-107.05487
 10
2.399263
 20
-107.402635
 10
3.125844
 20
-107.581721
 10
3.874171
 20
-107.581721
 10
4.600753
 20
-107.402635
 10
5.263363
 20
-107.05487
 10
5.823494
 20
-106.558637
 10
6.248592
 20
-105.942777
 10
6.513952
 20
-105.243079
 10
6.604153
 20
-104.500208
 10
6.513952
 20
-103.757338
 10
6.248592
 20
-103.05764
 10
5.823494
 20
-102.441779
 10
5.263363
 20
-101.945547
 10
4.600753
 20
-101.597782
 10
3.874171
 20
-101.418696
 10
3.125844
 20
-101.418696
 10
2.399263
 20
-101.597782
 10
1.736652
 20
-101.945547
 10
1.176522
 20
-102.441779
 10
0.751423
 20
-103.05764
 10
0.486063
 20
-103.757338
  0
HATCH
  5
1593
330
1F
100
AcDbEntity
  8
BOTTOM-LAYER
100
AcDbHatch
 10
0.0
 20
0.0
 30
0.0
210
0.0
220
0.0
230
1.0
  2
SOLID
 70
     1
 71
     0
 91
        1
 92
        7
 72
     0
 73
     1
 93
       26
 10
0.3958623317246631
 20
-3.50000762001524
 10
0.4860631522478703
 20
-4.242878211727592
 10
0.7514234699953275
 20
-4.942575864874354
 10
1.17652150784506
 20
-5.558436695152126
 10
1.73665211300574
 20
-6.054669109668197
 10
2.399262530697337
 20
-6.402433884222329
 10
3.125844251934487
 20
-6.581520194190957
 10
3.874170988095987
 20
-6.581520194190958
 10
4.600752709333139
 20
-6.402433884222329
 10
5.263363127024739
 20
-6.054669109668197
 10
5.823493732185421
 20
-5.558436695152125
 10
6.248591770035154
 20
-4.942575864874353
 10
6.513952087782609
 20
-4.242878211727587
 10
6.604152908305816
 20
-3.50000762001524
 10
6.513952087782609
 20
-2.757137028302888
 10
6.248591770035151
 20
-2.057439375156125
 10
5.823493732185418
 20
-1.441578544878353
 10
5.263363127024738
 20
-0.9453461303622828
 10
4.600752709333141
 20
-0.5975813558081516
 10
3.874170988095991
 20
-0.4184950458395229
 10
3.125844251934493
 20
-0.4184950458395224
 10
2.399262530697343
 20
-0.5975813558081503
 10
1.736652113005745
 20
-0.9453461303622819
 10
1.176521507845064
 20
-1.441578544878352
 10
0.7514234699953302
 20
-2.057439375156122
 10
0.4860631522478717
 20
-2.757137028302886
 97
        1
330
1592
 75
     0
 76
     1
 47
0.412818
 98
        1
 10
34.90568961886538
 20
22.81183545379326
1001
ACAD
1010
0.0
1020
0.0
1030
0.0
  0
LWPOLYLINE
  5
1592
330
1F
100
AcDbEntity
  8
BOTTOM-LAYER
100
AcDbPolyline
 90
       26
 70
     1
 43
0.0508
 10
0.395862
 20
-3.500008
 10
0.486063
 20
-4.242878
 10
0.751423
 20
-4.942576
 10
1.176522
 20
-5.558437
 10
1.736652
 20
-6.054669
 10
2.399263
 20
-6.402434
 10
3.125844
 20
-6.58152
 10
3.874171
 20
-6.58152
 10
4.600753
 20
-6.402434
 10
5.263363
 20
-6.054669
 10
5.823494
 20
-5.558437
 10
6.248592
 20
-4.942576
 10
6.513952
 20
-4.242878
 10
6.604153
 20
-3.500008
 10
6.513952
 20
-2.757137
 10
6.248592
 20
-2.057439
 10
5.823494
 20
-1.441579
 10
5.263363
 20
-0.945346
 10
4.600753
 20
-0.597581
 10
3.874171
 20
-0.418495
 10
3.125844
 20
-0.418495
 10
2.399263
 20
-0.597581
 10
1.736652
 20
-0.945346
 10
1.176522
 20
-1.441579
 10
0.751423
 20
-2.057439
 10
0.486063
 20
-2.757137
  0
HATCH
  5
1595
330
1F
100
AcDbEntity
  8
BOTTOM-LAYER
100
AcDbHatch
 10
0.0
 20
0.0
 30
0.0
210
0.0
220
0.0
230
1.0
  2
SOLID
 70
     1
 71
     0
 91
        1
 92
        7
 72
     0
 73
     1
 93
       18
 10
9.862890525781074
 20
-83.43916687833376
 10
9.944796432983955
 20
-83.90367836077277
 10
10.18063509338149
 20
-84.31216290297027
 10
10.54196088392179
 20
-84.61535124054748
 10
10.98519258166498
 20
-84.77667438540928
 10
11.45686990246004
 20
-84.77667438540928
 10
11.90010160020323
 20
-84.61535124054748
 10
12.26142739074353
 20
-84.31216290297027
 10
12.49726605114106
 20
-83.90367836077277
 10
12.57917195834394
 20
-83.43916687833376
 10
12.49726605114106
 20
-82.97465539589477
 10
12.26142739074353
 20
-82.56617085369726
 10
11.90010160020323
 20
-82.26298251612006
 10
11.45686990246004
 20
-82.10165937125826
 10
10.98519258166498
 20
-82.10165937125826
 10
10.54196088392179
 20
-82.26298251612006
 10
10.18063509338149
 20
-82.56617085369726
 10
9.944796432983955
 20
-82.97465539589477
 97
        1
330
1594
 75
     0
 76
     1
 47
0.412818
 98
        1
 10
34.90568961886538
 20
22.81183545379326
1001
ACAD
1010
0.0
1020
0.0
1030
0.0
  0
LWPOLYLINE
  5
1594
330
1F
100
AcDbEntity
  8
BOTTOM-LAYER
100
AcDbPolyline
 90
       18
 70
     1
 43
0.0508
 10
9.862891
 20
-83.439167
 10
9.944796
 20
-83.903678
 10
10.180635
 20
-84.312163
 10
10.541961
 20
-84.615351
 10
10.985193
 20
-84.776674
 10
11.45687
 20
-84.776674
 10
11.900102
 20
-84.615351
 10
12.261427
 20
-84.312163
 10
12.497266
 20
-83.903678
 10
12.579172
 20
-83.439167
 10
12.497266
 20
-82.974655
 10
12.261427
 20
-82.566171
 10
11.900102
 20
-82.262983
 10
11.45687
 20
-82.101659
 10
10.985193
 20
-82.101659
 10
10.541961
 20
-82.262983
 10
10.180635
 20
-82.566171
 10
9.944796
 20
-82.974655
  0
HATCH
  5
1597
330
1F
100
AcDbEntity
  8
BOTTOM-LAYER
100
AcDbHatch
 10
0.0
 20
0.0
 30
0.0
210
0.0
220
0.0
230
1.0
  2
SOLID
 70
     1
 71
     0
 91
        1
 92
        7
 72
     0
 73
     1
 93
       16
 10
10.70795021590043
 20
-103.251206502413
 10
10.80372047539036
 20
-103.7326761101179
 10
11.07645110001237
 20
-104.1408463345825
 10
11.48462132447701
 20
-104.4135769592045
 10
11.96609093218187
 20
-104.5093472186945
 10
12.44756053988672
 20
-104.4135769592045
 10
12.85573076435137
 20
-104.1408463345825
 10
13.12846138897337
 20
-103.7326761101179
 10
13.2242316484633
 20
-103.251206502413
 10
13.12846138897337
 20
-102.7697368947082
 10
12.85573076435137
 20
-102.3615666702435
 10
12.44756053988672
 20
-102.0888360456215
 10
11.96609093218187
 20
-101.9930657861316
 10
11.48462132447701
 20
-102.0888360456215
 10
11.07645110001237
 20
-102.3615666702435
 10
10.80372047539036
 20
-102.7697368947082
 97
        1
330
1596
 75
     0
 76
     1
 47
0.412818
 98
        1
 10
34.90568961886538
 20
22.81183545379326
1001
ACAD
1010
0.0
1020
0.0
1030
0.0
  0
LWPOLYLINE
  5
1596
330
1F
100
AcDbEntity
  8
BOTTOM-LAYER
100
AcDbPolyline
 90
       16
 70
     1
 43
0.0508
 10
10.70795
 20
-103.251207
 10
10.80372
 20
-103.732676
 10
11.076451
 20
-104.140846
 10
11.484621
 20
-104.413577
 10
11.966091
 20
-104.509347
 10
12.447561
 20
-104.413577
 10
12.855731
 20
-104.140846
 10
13.128461
 20
-103.732676
 10
13.224232
 20
-103.251207
 10
13.128461
 20
-102.769737
 10
12.855731
 20
-102.361567
 10
12.447561
 20
-102.088836
 10
11.966091
 20
-101.993066
 10
11.484621
 20
-102.088836
 10
11.076451
 20
-102.361567
 10
10.80372
 20
-102.769737
  0
HATCH
  5
1599
330
1F
100
AcDbEntity
  8
BOTTOM-LAYER
100
AcDbHatch
 10
0.0
 20
0.0
 30
0.0
210
0.0
220
0.0
230
1.0
  2
SOLID
 70
     1
 71
     0
 91
        1
 92
        7
 72
     0
 73
     1
 93
       18
 10
14.44130048260097
 20
-94.48818897637797
 10
14.34733309955527
 20
-93.95527346527383
 10
14.07676480362435
 20
-93.48663542980415
 10
13.66223012446025
 20
-93.13879953340737
 10
13.15372806225045
 20
-92.95371991870002
 10
12.61259147038862
 20
-92.95371991870002
 10
12.10408940817882
 20
-93.13879953340737
 10
11.68955472901472
 20
-93.48663542980415
 10
11.4189864330838
 20
-93.95527346527383
 10
11.3250190500381
 20
-94.48818897637797
 10
11.4189864330838
 20
-95.02110448748209
 10
11.68955472901472
 20
-95.48974252295177
 10
12.10408940817882
 20
-95.83757841934857
 10
12.61259147038862
 20
-96.02265803405591
 10
13.15372806225045
 20
-96.02265803405591
 10
13.66223012446025
 20
-95.83757841934857
 10
14.07676480362435
 20
-95.48974252295177
 10
14.34733309955527
 20
-95.02110448748209
 97
        1
330
1598
 75
     0
 76
     1
 47
0.412818
 98
        1
 10
34.90568961886538
 20
22.81183545379326
1001
ACAD
1010
0.0
1020
0.0
1030
0.0
  0
LWPOLYLINE
  5
1598
330
1F
100
AcDbEntity
  8
BOTTOM-LAYER
100
AcDbPolyline
 90
       18
 70
     1
 43
0.0508
 10
14.4413
 20
-94.488189
 10
14.347333
 20
-93.955273
 10
14.076765
 20
-93.486635
 10
13.66223
 20
-93.1388
 10
13.153728
 20
-92.95372
 10
12.612591
 20
-92.95372
 10
12.104089
 20
-93.1388
 10
11.689555
 20
-93.486635
 10
11.418986
 20
-93.955273
 10
11.325019
 20
-94.488189
 10
11.418986
 20
-95.021104
 10
11.689555
 20
-95.489743
 10
12.104089
 20
-95.837578
 10
12.612591
 20
-96.022658
 10
13.153728
 20
-96.022658
 10
13.66223
 20
-95.837578
 10
14.076765
 20
-95.489743
 10
14.347333
 20
-95.021104
  0
HATCH
  5
1601
330
1F
100
AcDbEntity
  8
BOTTOM-LAYER
100
AcDbHatch
 10
0.0
 20
0.0
 30
0.0
210
0.0
220
0.0
230
1.0
  2
SOLID
 70
     1
 71
     0
 91
        1
 92
        7
 72
     0
 73
     1
 93
       16
 10
14.20782321564643
 20
-103.251206502413
 10
14.30359347513636
 20
-103.7326761101179
 10
14.57632409975836
 20
-104.1408463345825
 10
14.98449432422301
 20
-104.4135769592045
 10
15.46596393192787
 20
-104.5093472186945
 10
15.94743353963272
 20
-104.4135769592045
 10
16.35560376409737
 20
-104.1408463345825
 10
16.62833438871937
 20
-103.7326761101179
 10
16.7241046482093
 20
-103.251206502413
 10
16.62833438871937
 20
-102.7697368947082
 10
16.35560376409737
 20
-102.3615666702435
 10
15.94743353963272
 20
-102.0888360456215
 10
15.46596393192787
 20
-101.9930657861316
 10
14.98449432422301
 20
-102.0888360456215
 10
14.57632409975836
 20
-102.3615666702435
 10
14.30359347513636
 20
-102.7697368947082
 97
        1
330
1600
 75
     0
 76
     1
 47
0.412818
 98
        1
 10
34.90568961886538
 20
22.81183545379326
1001
ACAD
1010
0.0
1020
0.0
1030
0.0
  0
LWPOLYLINE
  5
1600
330
1F
100
AcDbEntity
  8
BOTTOM-LAYER
100
AcDbPolyline
 90
       16
 70
     1
 43
0.0508
 10
14.207823
 20
-103.251207
 10
14.303593
 20
-103.732676
 10
14.576324
 20
-104.140846
 10
14.984494
 20
-104.413577
 10
15.465964
 20
-104.509347
 10
15.947434
 20
-104.413577
 10
16.355604
 20
-104.140846
 10
16.628334
 20
-103.732676
 10
16.724105
 20
-103.251207
 10
16.628334
 20
-102.769737
 10
16.355604
 20
-102.361567
 10
15.947434
 20
-102.088836
 10
15.465964
 20
-101.993066
 10
14.984494
 20
-102.088836
 10
14.576324
 20
-102.361567
 10
14.303593
 20
-102.769737
  0
HATCH
  5
1603
330
1F
100
AcDbEntity
  8
BOTTOM-LAYER
100
AcDbHatch
 10
0.0
 20
0.0
 30
0.0
210
0.0
220
0.0
230
1.0
  2
SOLID
 70
     1
 71
     0
 91
        1
 92
        7
 72
     0
 73
     1
 93
       18
 10
17.94117348234697
 20
-94.48818897637797
 10
17.84720609930126
 20
-93.95527346527383
 10
17.57663780337035
 20
-93.48663542980415
 10
17.16210312420625
 20
-93.13879953340737
 10
16.65360106199645
 20
-92.95371991870002
 10
16.11246447013462
 20
-92.95371991870002
 10
15.60396240792482
 20
-93.13879953340737
 10
15.18942772876072
 20
-93.48663542980415
 10
14.9188594328298
 20
-93.95527346527383
 10
14.8248920497841
 20
-94.48818897637797
 10
14.9188594328298
 20
-95.02110448748209
 10
15.18942772876072
 20
-95.48974252295177
 10
15.60396240792482
 20
-95.83757841934857
 10
16.11246447013462
 20
-96.02265803405591
 10
16.65360106199645
 20
-96.02265803405591
 10
17.16210312420625
 20
-95.83757841934857
 10
17.57663780337035
 20
-95.48974252295177
 10
17.84720609930126
 20
-95.02110448748209
 97
        1
330
1602
 75
     0
 76
     1
 47
0.412818
 98
        1
 10
34.90568961886538
 20
22.81183545379326
1001
ACAD
1010
0.0
1020
0.0
1030
0.0
  0
LWPOLYLINE
  5
1602
330
1F
100
AcDbEntity
  8
BOTTOM-LAYER
100
AcDbPolyline
 90
       18
 70
     1
 43
0.0508
 10
17.941173
 20
-94.488189
 10
17.847206
 20
-93.955273
 10
17.576638
 20
-93.486635
 10
17.162103
 20
-93.1388
 10
16.653601
 20
-92.95372
 10
16.112464
 20
-92.95372
 10
15.603962
 20
-93.1388
 10
15.189428
 20
-93.486635
 10
14.918859
 20
-93.955273
 10
14.824892
 20
-94.488189
 10
14.918859
 20
-95.021104
 10
15.189428
 20
-95.489743
 10
15.603962
 20
-95.837578
 10
16.112464
 20
-96.022658
 10
16.653601
 20
-96.022658
 10
17.162103
 20
-95.837578
 10
17.576638
 20
-95.489743
 10
17.847206
 20
-95.021104
  0
HATCH
  5
1605
330
1F
100
AcDbEntity
  8
BOTTOM-LAYER
100
AcDbHatch
 10
0.0
 20
0.0
 30
0.0
210
0.0
220
0.0
230
1.0
  2
SOLID
 70
     1
 71
     0
 91
        1
 92
        7
 72
     0
 73
     1
 93
       20
 10
18.28803657607315
 20
-68.1522758445517
 10
18.86223442024889
 20
-68.06133184036638
 10
19.38022577876508
 20
-67.79740206058418
 10
19.79130604839215
 20
-67.38632179095711
 10
20.05523582817434
 20
-66.86833043244093
 10
20.14617983235967
 20
-66.29413258826519
 10
20.05523582817434
 20
-65.71993474408944
 10
19.79130604839215
 20
-65.20194338557326
 10
19.38022577876508
 20
-64.7908631159462
 10
18.86223442024889
 20
-64.52693333616399
 10
18.28803657607315
 20
-64.43598933197866
 10
17.71383873189742
 20
-64.52693333616399
 10
17.19584737338123
 20
-64.7908631159462
 10
16.78476710375416
 20
-65.20194338557326
 10
16.52083732397197
 20
-65.71993474408944
 10
16.42989331978664
 20
-66.29413258826519
 10
16.52083732397197
 20
-66.86833043244093
 10
16.78476710375416
 20
-67.38632179095711
 10
17.19584737338123
 20
-67.79740206058418
 10
17.71383873189742
 20
-68.06133184036638
 97
        1
330
1604
 75
     0
 76
     1
 47
0.412818
 98
        1
 10
34.90568961886538
 20
22.81183545379326
1001
ACAD
1010
0.0
1020
0.0
1030
0.0
  0
LWPOLYLINE
  5
1604
330
1F
100
AcDbEntity
  8
BOTTOM-LAYER
100
AcDbPolyline
 90
       20
 70
     1
 43
0.0508
 10
18.288037
 20
-68.152276
 10
18.862234
 20
-68.061332
 10
19.380226
 20
-67.797402
 10
19.791306
 20
-67.386322
 10
20.055236
 20
-66.86833
 10
20.14618
 20
-66.294133
 10
20.055236
 20
-65.719935
 10
19.791306
 20
-65.201943
 10
19.380226
 20
-64.790863
 10
18.862234
 20
-64.526933
 10
18.288037
 20
-64.435989
 10
17.713839
 20
-64.526933
 10
17.195847
 20
-64.790863
 10
16.784767
 20
-65.201943
 10
16.520837
 20
-65.719935
 10
16.429893
 20
-66.294133
 10
16.520837
 20
-66.86833
 10
16.784767
 20
-67.386322
 10
17.195847
 20
-67.797402
 10
17.713839
 20
-68.061332
  0
HATCH
  5
1607
330
1F
100
AcDbEntity
  8
BOTTOM-LAYER
100
AcDbHatch
 10
0.0
 20
0.0
 30
0.0
210
0.0
220
0.0
230
1.0
  2
SOLID
 70
     1
 71
     0
 91
        1
 92
        7
 72
     0
 73
     1
 93
       20
 10
18.28803657607316
 20
-37.67221488442977
 10
18.8622344202489
 20
-37.58127088024444
 10
19.38022577876509
 20
-37.31734110046225
 10
19.79130604839215
 20
-36.90626083083519
 10
20.05523582817434
 20
-36.388269472319
 10
20.14617983235967
 20
-35.81407162814326
 10
20.05523582817434
 20
-35.23987378396752
 10
19.79130604839215
 20
-34.72188242545133
 10
19.38022577876509
 20
-34.31080215582427
 10
18.8622344202489
 20
-34.04687237604208
 10
18.28803657607316
 20
-33.95592837185675
 10
17.71383873189743
 20
-34.04687237604208
 10
17.19584737338124
 20
-34.31080215582427
 10
16.78476710375417
 20
-34.72188242545133
 10
16.52083732397198
 20
-35.23987378396752
 10
16.42989331978665
 20
-35.81407162814326
 10
16.52083732397198
 20
-36.388269472319
 10
16.78476710375417
 20
-36.90626083083519
 10
17.19584737338124
 20
-37.31734110046225
 10
17.71383873189743
 20
-37.58127088024444
 97
        1
330
1606
 75
     0
 76
     1
 47
0.412818
 98
        1
 10
34.90568961886538
 20
22.81183545379326
1001
ACAD
1010
0.0
1020
0.0
1030
0.0
  0
LWPOLYLINE
  5
1606
330
1F
100
AcDbEntity
  8
BOTTOM-LAYER
100
AcDbPolyline
 90
       20
 70
     1
 43
0.0508
 10
18.288037
 20
-37.672215
 10
18.862234
 20
-37.581271
 10
19.380226
 20
-37.317341
 10
19.791306
 20
-36.906261
 10
20.055236
 20
-36.388269
 10
20.14618
 20
-35.814072
 10
20.055236
 20
-35.239874
 10
19.791306
 20
-34.721882
 10
19.380226
 20
-34.310802
 10
18.862234
 20
-34.046872
 10
18.288037
 20
-33.955928
 10
17.713839
 20
-34.046872
 10
17.195847
 20
-34.310802
 10
16.784767
 20
-34.721882
 10
16.520837
 20
-35.239874
 10
16.429893
 20
-35.814072
 10
16.520837
 20
-36.388269
 10
16.784767
 20
-36.906261
 10
17.195847
 20
-37.317341
 10
17.713839
 20
-37.581271
  0
HATCH
  5
1609
330
1F
100
AcDbEntity
  8
BOTTOM-LAYER
100
AcDbHatch
 10
0.0
 20
0.0
 30
0.0
210
0.0
220
0.0
230
1.0
  2
SOLID
 70
     1
 71
     0
 91
        1
 92
        7
 72
     0
 73
     1
 93
       16
 10
18.68290576581153
 20
-93.03004826009654
 10
18.50383540767082
 20
-93.07803001794869
 10
18.37274680738226
 20
-93.20911861823726
 10
18.3247650495301
 20
-93.38818897637798
 10
18.3247650495301
 20
-95.58818897637796
 10
18.37274680738226
 20
-95.76725933451867
 10
18.50383540767082
 20
-95.89834793480725
 10
18.68290576581153
 20
-95.9463296926594
 10
21.08290576581154
 20
-95.9463296926594
 10
21.26197612395225
 20
-95.89834793480725
 10
21.39306472424081
 20
-95.76725933451867
 10
21.44104648209296
 20
-95.58818897637796
 10
21.44104648209296
 20
-93.38818897637798
 10
21.39306472424081
 20
-93.20911861823726
 10
21.26197612395225
 20
-93.07803001794869
 10
21.08290576581154
 20
-93.03004826009654
 97
        1
330
0
 75
     0
 76
     1
 47
0.412818
 98
        1
 10
34.90568961886538
 20
22.81183545379326
1001
ACAD
1010
0.0
1020
0.0
1030
0.0
  0
HATCH
  5
1611
330
1F
100
AcDbEntity
  8
BOTTOM-LAYER
100
AcDbHatch
 10
0.0
 20
0.0
 30
0.0
210
0.0
220
0.0
230
1.0
  2
SOLID
 70
     1
 71
     0
 91
        1
 92
        7
 72
     0
 73
     1
 93
       30
 10
32.55270510541023
 20
-35.81407162814327
 10
32.47350632442524
 20
-35.32258082444243
 10
32.24392771636727
 20
-34.88084637960687
 10
31.88721080584739
 20
-34.53358753842185
 10
31.43946803785845
 20
-34.31595925270141
 10
30.94602691329294
 20
-34.24999324918796
 10
30.45684123288914
 20
-34.34236763481455
 10
30.02143399500767
 20
-34.5837308346451
 10
29.68388390593855
 20
-34.94964830403053
 10
29.2981532795057
 20
-34.56834604823954
 10
28.80247260588209
 20
-34.34816385950572
 10
28.2609523959712
 20
-34.31757973457724
 10
27.74363196978154
 20
-34.48054937311928
 10
27.317420687691
 20
-34.81599455412255
 10
27.03744400546509
 20
-35.28052935782336
 10
26.9399136398273
 20
-35.81407162814327
 10
27.03744400546509
 20
-36.3476138984632
 10
27.317420687691
 20
-36.812148702164
 10
27.74363196978154
 20
-37.14759388316727
 10
28.2609523959712
 20
-37.31056352170931
 10
28.80247260588209
 20
-37.27997939678082
 10
29.2981532795057
 20
-37.05979720804701
 10
29.68388390593855
 20
-36.67849495225602
 10
30.02143399500767
 20
-37.04441242164145
 10
30.45684123288914
 20
-37.28577562147201
 10
30.94602691329294
 20
-37.3781500070986
 10
31.43946803785845
 20
-37.31218400358514
 10
31.88721080584739
 20
-37.0945557178647
 10
32.24392771636727
 20
-36.74729687667968
 10
32.47350632442524
 20
-36.30556243184412
 97
        1
330
1610
 75
     0
 76
     1
 47
0.412818
 98
        1
 10
34.90568961886538
 20
22.81183545379326
1001
ACAD
1010
0.0
1020
0.0
1030
0.0
  0
LWPOLYLINE
  5
1610
330
1F
100
AcDbEntity
  8
BOTTOM-LAYER
100
AcDbPolyline
 90
       30
 70
     1
 43
0.0508
 10
32.552705
 20
-35.814072
 10
32.473506
 20
-35.322581
 10
32.243928
 20
-34.880846
 10
31.887211
 20
-34.533588
 10
31.439468
 20
-34.315959
 10
30.946027
 20
-34.249993
 10
30.456841
 20
-34.342368
 10
30.021434
 20
-34.583731
 10
29.683884
 20
-34.949648
 10
29.298153
 20
-34.568346
 10
28.802473
 20
-34.348164
 10
28.260952
 20
-34.31758
 10
27.743632
 20
-34.480549
 10
27.317421
 20
-34.815995
 10
27.037444
 20
-35.280529
 10
26.939914
 20
-35.814072
 10
27.037444
 20
-36.347614
 10
27.317421
 20
-36.812149
 10
27.743632
 20
-37.147594
 10
28.260952
 20
-37.310564
 10
28.802473
 20
-37.279979
 10
29.298153
 20
-37.059797
 10
29.683884
 20
-36.678495
 10
30.021434
 20
-37.044412
 10
30.456841
 20
-37.285776
 10
30.946027
 20
-37.37815
 10
31.439468
 20
-37.312184
 10
31.887211
 20
-37.094556
 10
32.243928
 20
-36.747297
 10
32.473506
 20
-36.305562
  0
HATCH
  5
1613
330
1F
100
AcDbEntity
  8
BOTTOM-LAYER
100
AcDbHatch
 10
0.0
 20
0.0
 30
0.0
210
0.0
220
0.0
230
1.0
  2
SOLID
 70
     1
 71
     0
 91
        1
 92
        7
 72
     0
 73
     1
 93
       20
 10
30.98806197612395
 20
-68.1522758445517
 10
31.56225982029968
 20
-68.06133184036638
 10
32.08025117881587
 20
-67.79740206058418
 10
32.49133144844294
 20
-67.38632179095711
 10
32.75526122822514
 20
-66.86833043244093
 10
32.84620523241046
 20
-66.29413258826519
 10
32.75526122822514
 20
-65.71993474408944
 10
32.49133144844294
 20
-65.20194338557326
 10
32.08025117881587
 20
-64.7908631159462
 10
31.56225982029969
 20
-64.52693333616399
 10
30.98806197612395
 20
-64.43598933197866
 10
30.41386413194821
 20
-64.52693333616399
 10
29.89587277343202
 20
-64.7908631159462
 10
29.48479250380496
 20
-65.20194338557326
 10
29.22086272402277
 20
-65.71993474408944
 10
29.12991871983743
 20
-66.29413258826519
 10
29.22086272402277
 20
-66.86833043244093
 10
29.48479250380496
 20
-67.38632179095711
 10
29.89587277343202
 20
-67.79740206058418
 10
30.41386413194821
 20
-68.06133184036638
 97
        1
330
1612
 75
     0
 76
     1
 47
0.412818
 98
        1
 10
34.90568961886538
 20
22.81183545379326
1001
ACAD
1010
0.0
1020
0.0
1030
0.0
  0
LWPOLYLINE
  5
1612
330
1F
100
AcDbEntity
  8
BOTTOM-LAYER
100
AcDbPolyline
 90
       20
 70
     1
 43
0.0508
 10
30.988062
 20
-68.152276
 10
31.56226
 20
-68.061332
 10
32.080251
 20
-67.797402
 10
32.491331
 20
-67.386322
 10
32.755261
 20
-66.86833
 10
32.846205
 20
-66.294133
 10
32.755261
 20
-65.719935
 10
32.491331
 20
-65.201943
 10
32.080251
 20
-64.790863
 10
31.56226
 20
-64.526933
 10
30.988062
 20
-64.435989
 10
30.413864
 20
-64.526933
 10
29.895873
 20
-64.790863
 10
29.484793
 20
-65.201943
 10
29.220863
 20
-65.719935
 10
29.129919
 20
-66.294133
 10
29.220863
 20
-66.86833
 10
29.484793
 20
-67.386322
 10
29.895873
 20
-67.797402
 10
30.413864
 20
-68.061332
  0
HATCH
  5
1615
330
1F
100
AcDbEntity
  8
BOTTOM-LAYER
100
AcDbHatch
 10
0.0
 20
0.0
 30
0.0
210
0.0
220
0.0
230
1.0
  2
SOLID
 70
     1
 71
     0
 91
        1
 92
        7
 72
     0
 73
     1
 93
       18
 10
31.36301752603507
 20
-83.43916687833376
 10
31.44492343323795
 20
-83.90367836077277
 10
31.68076209363548
 20
-84.31216290297027
 10
32.04208788417579
 20
-84.61535124054748
 10
32.48531958191897
 20
-84.77667438540928
 10
32.95699690271403
 20
-84.77667438540928
 10
33.40022860045721
 20
-84.61535124054748
 10
33.76155439099752
 20
-84.31216290297027
 10
33.99739305139505
 20
-83.90367836077277
 10
34.07929895859793
 20
-83.43916687833376
 10
33.99739305139505
 20
-82.97465539589477
 10
33.76155439099752
 20
-82.56617085369726
 10
33.40022860045721
 20
-82.26298251612006
 10
32.95699690271403
 20
-82.10165937125826
 10
32.48531958191897
 20
-82.10165937125826
 10
32.04208788417579
 20
-82.26298251612006
 10
31.68076209363548
 20
-82.56617085369726
 10
31.44492343323795
 20
-82.97465539589477
 97
        1
330
1614
 75
     0
 76
     1
 47
0.412818
 98
        1
 10
34.90568961886538
 20
22.81183545379326
1001
ACAD
1010
0.0
1020
0.0
1030
0.0
  0
LWPOLYLINE
  5
1614
330
1F
100
AcDbEntity
  8
BOTTOM-LAYER
100
AcDbPolyline
 90
       18
 70
     1
 43
0.0508
 10
31.363018
 20
-83.439167
 10
31.444923
 20
-83.903678
 10
31.680762
 20
-84.312163
 10
32.042088
 20
-84.615351
 10
32.48532
 20
-84.776674
 10
32.956997
 20
-84.776674
 10
33.400229
 20
-84.615351
 10
33.761554
 20
-84.312163
 10
33.997393
 20
-83.903678
 10
34.079299
 20
-83.439167
 10
33.997393
 20
-82.974655
 10
33.761554
 20
-82.566171
 10
33.400229
 20
-82.262983
 10
32.956997
 20
-82.101659
 10
32.48532
 20
-82.101659
 10
32.042088
 20
-82.262983
 10
31.680762
 20
-82.566171
 10
31.444923
 20
-82.974655
  0
HATCH
  5
1617
330
1F
100
AcDbEntity
  8
BOTTOM-LAYER
100
AcDbHatch
 10
0.0
 20
0.0
 30
0.0
210
0.0
220
0.0
230
1.0
  2
SOLID
 70
     1
 71
     0
 91
        1
 92
        7
 72
     0
 73
     1
 93
       20
 10
38.60807721615443
 20
-68.1522758445517
 10
39.18227506033018
 20
-68.06133184036638
 10
39.70026641884636
 20
-67.79740206058418
 10
40.11134668847343
 20
-67.38632179095711
 10
40.37527646825563
 20
-66.86833043244093
 10
40.46622047244095
 20
-66.29413258826519
 10
40.37527646825563
 20
-65.71993474408944
 10
40.11134668847343
 20
-65.20194338557326
 10
39.70026641884636
 20
-64.7908631159462
 10
39.18227506033018
 20
-64.52693333616399
 10
38.60807721615443
 20
-64.43598933197866
 10
38.0338793719787
 20
-64.52693333616399
 10
37.51588801346252
 20
-64.7908631159462
 10
37.10480774383544
 20
-65.20194338557326
 10
36.84087796405325
 20
-65.71993474408944
 10
36.74993395986792
 20
-66.29413258826519
 10
36.84087796405325
 20
-66.86833043244093
 10
37.10480774383544
 20
-67.38632179095711
 10
37.51588801346252
 20
-67.79740206058418
 10
38.0338793719787
 20
-68.06133184036638
 97
        1
330
1616
 75
     0
 76
     1
 47
0.412818
 98
        1
 10
34.90568961886538
 20
22.81183545379326
1001
ACAD
1010
0.0
1020
0.0
1030
0.0
  0
LWPOLYLINE
  5
1616
330
1F
100
AcDbEntity
  8
BOTTOM-LAYER
100
AcDbPolyline
 90
       20
 70
     1
 43
0.0508
 10
38.608077
 20
-68.152276
 10
39.182275
 20
-68.061332
 10
39.700266
 20
-67.797402
 10
40.111347
 20
-67.386322
 10
40.375276
 20
-66.86833
 10
40.46622
 20
-66.294133
 10
40.375276
 20
-65.719935
 10
40.111347
 20
-65.201943
 10
39.700266
 20
-64.790863
 10
39.182275
 20
-64.526933
 10
38.608077
 20
-64.435989
 10
38.033879
 20
-64.526933
 10
37.515888
 20
-64.790863
 10
37.104808
 20
-65.201943
 10
36.840878
 20
-65.719935
 10
36.749934
 20
-66.294133
 10
36.840878
 20
-66.86833
 10
37.104808
 20
-67.386322
 10
37.515888
 20
-67.797402
 10
38.033879
 20
-68.061332
  0
HATCH
  5
1619
330
1F
100
AcDbEntity
  8
BOTTOM-LAYER
100
AcDbHatch
 10
0.0
 20
0.0
 30
0.0
210
0.0
220
0.0
230
1.0
  2
SOLID
 70
     1
 71
     0
 91
        1
 92
        7
 72
     0
 73
     1
 93
       20
 10
38.60807721615444
 20
-37.67221488442981
 10
39.18227506033018
 20
-37.58127088024447
 10
39.70026641884637
 20
-37.31734110046229
 10
40.11134668847343
 20
-36.90626083083522
 10
40.37527646825563
 20
-36.38826947231903
 10
40.46622047244095
 20
-35.8140716281433
 10
40.37527646825563
 20
-35.23987378396756
 10
40.11134668847343
 20
-34.72188242545137
 10
39.70026641884637
 20
-34.31080215582431
 10
39.18227506033018
 20
-34.04687237604212
 10
38.60807721615444
 20
-33.95592837185679
 10
38.03387937197871
 20
-34.04687237604212
 10
37.51588801346252
 20
-34.31080215582431
 10
37.10480774383546
 20
-34.72188242545137
 10
36.84087796405326
 20
-35.23987378396756
 10
36.74993395986793
 20
-35.8140716281433
 10
36.84087796405326
 20
-36.38826947231903
 10
37.10480774383546
 20
-36.90626083083522
 10
37.51588801346252
 20
-37.31734110046229
 10
38.03387937197871
 20
-37.58127088024447
 97
        1
330
1618
 75
     0
 76
     1
 47
0.412818
 98
        1
 10
34.90568961886538
 20
22.81183545379326
1001
ACAD
1010
0.0
1020
0.0
1030
0.0
  0
LWPOLYLINE
  5
1618
330
1F
100
AcDbEntity
  8
BOTTOM-LAYER
100
AcDbPolyline
 90
       20
 70
     1
 43
0.0508
 10
38.608077
 20
-37.672215
 10
39.182275
 20
-37.581271
 10
39.700266
 20
-37.317341
 10
40.111347
 20
-36.906261
 10
40.375276
 20
-36.388269
 10
40.46622
 20
-35.814072
 10
40.375276
 20
-35.239874
 10
40.111347
 20
-34.721882
 10
39.700266
 20
-34.310802
 10
39.182275
 20
-34.046872
 10
38.608077
 20
-33.955928
 10
38.033879
 20
-34.046872
 10
37.515888
 20
-34.310802
 10
37.104808
 20
-34.721882
 10
36.840878
 20
-35.239874
 10
36.749934
 20
-35.814072
 10
36.840878
 20
-36.388269
 10
37.104808
 20
-36.906261
 10
37.515888
 20
-37.317341
 10
38.033879
 20
-37.581271
  0
HATCH
  5
1623
330
1F
100
AcDbEntity
  8
BOTTOM-LAYER
100
AcDbHatch
 10
0.0
 20
0.0
 30
0.0
210
0.0
220
0.0
230
1.0
  2
SOLID
 70
     1
 71
     0
 91
        1
 92
        7
 72
     0
 73
     1
 93
       16
 10
72.80599441198883
 20
-75.72923545847092
 10
72.89034756808734
 20
-76.15330741141032
 10
73.13056503303007
 20
-76.51281825373653
 10
73.49007587535627
 20
-76.75303571867927
 10
73.91414782829567
 20
-76.83738887477776
 10
74.33821978123507
 20
-76.75303571867927
 10
74.69773062356126
 20
-76.51281825373653
 10
74.937948088504
 20
-76.15330741141032
 10
75.0223012446025
 20
-75.72923545847092
 10
74.937948088504
 20
-75.30516350553154
 10
74.69773062356126
 20
-74.94565266320534
 10
74.33821978123507
 20
-74.70543519826259
 10
73.91414782829567
 20
-74.6210820421641
 10
73.49007587535627
 20
-74.70543519826259
 10
73.13056503303007
 20
-74.94565266320534
 10
72.89034756808734
 20
-75.30516350553154
 97
        1
330
1622
 75
     0
 76
     1
 47
0.412818
 98
        1
 10
34.90568961886538
 20
22.81183545379326
1001
ACAD
1010
0.0
1020
0.0
1030
0.0
  0
LWPOLYLINE
  5
1622
330
1F
100
AcDbEntity
  8
BOTTOM-LAYER
100
AcDbPolyline
 90
       16
 70
     1
 43
0.0508
 10
72.805994
 20
-75.729235
 10
72.890348
 20
-76.153307
 10
73.130565
 20
-76.512818
 10
73.490076
 20
-76.753036
 10
73.914148
 20
-76.837389
 10
74.33822
 20
-76.753036
 10
74.697731
 20
-76.512818
 10
74.937948
 20
-76.153307
 10
75.022301
 20
-75.729235
 10
74.937948
 20
-75.305164
 10
74.697731
 20
-74.945653
 10
74.33822
 20
-74.705435
 10
73.914148
 20
-74.621082
 10
73.490076
 20
-74.705435
 10
73.130565
 20
-74.945653
 10
72.890348
 20
-75.305164
  0
HATCH
  5
1625
330
1F
100
AcDbEntity
  8
BOTTOM-LAYER
100
AcDbHatch
 10
0.0
 20
0.0
 30
0.0
210
0.0
220
0.0
230
1.0
  2
SOLID
 70
     1
 71
     0
 91
        1
 92
        7
 72
     0
 73
     1
 93
       16
 10
72.80599441198883
 20
-83.22910845821693
 10
72.89034756808734
 20
-83.65318041115633
 10
73.13056503303007
 20
-84.01269125348252
 10
73.49007587535627
 20
-84.25290871842526
 10
73.91414782829567
 20
-84.33726187452376
 10
74.33821978123507
 20
-84.25290871842526
 10
74.69773062356126
 20
-84.01269125348252
 10
74.937948088504
 20
-83.65318041115633
 10
75.0223012446025
 20
-83.22910845821693
 10
74.937948088504
 20
-82.80503650527753
 10
74.69773062356126
 20
-82.44552566295133
 10
74.33821978123507
 20
-82.2053081980086
 10
73.91414782829567
 20
-82.1209550419101
 10
73.49007587535627
 20
-82.2053081980086
 10
73.13056503303007
 20
-82.44552566295133
 10
72.89034756808734
 20
-82.80503650527753
 97
        1
330
1624
 75
     0
 76
     1
 47
0.412818
 98
        1
 10
34.90568961886538
 20
22.81183545379326
1001
ACAD
1010
0.0
1020
0.0
1030
0.0
  0
LWPOLYLINE
  5
1624
330
1F
100
AcDbEntity
  8
BOTTOM-LAYER
100
AcDbPolyline
 90
       16
 70
     1
 43
0.0508
 10
72.805994
 20
-83.229108
 10
72.890348
 20
-83.65318
 10
73.130565
 20
-84.012691
 10
73.490076
 20
-84.252909
 10
73.914148
 20
-84.337262
 10
74.33822
 20
-84.252909
 10
74.697731
 20
-84.012691
 10
74.937948
 20
-83.65318
 10
75.022301
 20
-83.229108
 10
74.937948
 20
-82.805037
 10
74.697731
 20
-82.445526
 10
74.33822
 20
-82.205308
 10
73.914148
 20
-82.120955
 10
73.490076
 20
-82.205308
 10
73.130565
 20
-82.445526
 10
72.890348
 20
-82.805037
  0
HATCH
  5
1633
330
1F
100
AcDbEntity
  8
BOTTOM-LAYER
100
AcDbHatch
 10
0.0
 20
0.0
 30
0.0
210
0.0
220
0.0
230
1.0
  2
SOLID
 70
     1
 71
     0
 91
        1
 92
        7
 72
     0
 73
     1
 93
       16
 10
117.2363728727458
 20
-98.67919735839473
 10
117.1482146600047
 20
-98.23599609392639
 10
116.8971613105152
 20
-97.8602682043439
 10
116.5214334209327
 20
-97.60921485485436
 10
116.0782321564643
 20
-97.5210566421133
 10
115.635030891996
 20
-97.60921485485436
 10
115.2593030024135
 20
-97.8602682043439
 10
115.008249652924
 20
-98.23599609392639
 10
114.9200914401829
 20
-98.67919735839473
 10
115.008249652924
 20
-99.12239862286307
 10
115.2593030024135
 20
-99.49812651244557
 10
115.635030891996
 20
-99.7491798619351
 10
116.0782321564643
 20
-99.83733807467615
 10
116.5214334209327
 20
-99.7491798619351
 10
116.8971613105152
 20
-99.49812651244557
 10
117.1482146600047
 20
-99.12239862286307
 97
        1
330
1632
 75
     0
 76
     1
 47
0.412818
 98
        1
 10
34.90568961886538
 20
22.81183545379326
1001
ACAD
1010
0.0
1020
0.0
1030
0.0
  0
LWPOLYLINE
  5
1632
330
1F
100
AcDbEntity
  8
BOTTOM-LAYER
100
AcDbPolyline
 90
       16
 70
     1
 43
0.0508
 10
117.236373
 20
-98.679197
 10
117.148215
 20
-98.235996
 10
116.897161
 20
-97.860268
 10
116.521433
 20
-97.609215
 10
116.078232
 20
-97.521057
 10
115.635031
 20
-97.609215
 10
115.259303
 20
-97.860268
 10
115.00825
 20
-98.235996
 10
114.920091
 20
-98.679197
 10
115.00825
 20
-99.122399
 10
115.259303
 20
-99.498127
 10
115.635031
 20
-99.74918
 10
116.078232
 20
-99.837338
 10
116.521433
 20
-99.74918
 10
116.897161
 20
-99.498127
 10
117.148215
 20
-99.122399
  0
HATCH
  5
1635
330
1F
100
AcDbEntity
  8
BOTTOM-LAYER
100
AcDbHatch
 10
0.0
 20
0.0
 30
0.0
210
0.0
220
0.0
230
1.0
  2
SOLID
 70
     1
 71
     0
 91
        1
 92
        7
 72
     0
 73
     1
 93
       16
 10
117.2363728727458
 20
-101.2192024384049
 10
117.1482146600047
 20
-100.7760011739365
 10
116.8971613105152
 20
-100.4002732843541
 10
116.5214334209327
 20
-100.1492199348645
 10
116.0782321564643
 20
-100.0610617221235
 10
115.635030891996
 20
-100.1492199348645
 10
115.2593030024135
 20
-100.4002732843541
 10
115.008249652924
 20
-100.7760011739365
 10
114.9200914401829
 20
-101.2192024384049
 10
115.008249652924
 20
-101.6624037028732
 10
115.2593030024135
 20
-102.0381315924557
 10
115.635030891996
 20
-102.2891849419453
 10
116.0782321564643
 20
-102.3773431546863
 10
116.5214334209327
 20
-102.2891849419453
 10
116.8971613105152
 20
-102.0381315924557
 10
117.1482146600047
 20
-101.6624037028732
 97
        1
330
1634
 75
     0
 76
     1
 47
0.412818
 98
        1
 10
34.90568961886538
 20
22.81183545379326
1001
ACAD
1010
0.0
1020
0.0
1030
0.0
  0
LWPOLYLINE
  5
1634
330
1F
100
AcDbEntity
  8
BOTTOM-LAYER
100
AcDbPolyline
 90
       16
 70
     1
 43
0.0508
 10
117.236373
 20
-101.219202
 10
117.148215
 20
-100.776001
 10
116.897161
 20
-100.400273
 10
116.521433
 20
-100.14922
 10
116.078232
 20
-100.061062
 10
115.635031
 20
-100.14922
 10
115.259303
 20
-100.400273
 10
115.00825
 20
-100.776001
 10
114.920091
 20
-101.219202
 10
115.00825
 20
-101.662404
 10
115.259303
 20
-102.038132
 10
115.635031
 20
-102.289185
 10
116.078232
 20
-102.377343
 10
116.521433
 20
-102.289185
 10
116.897161
 20
-102.038132
 10
117.148215
 20
-101.662404
  0
HATCH
  5
1637
330
1F
100
AcDbEntity
  8
BOTTOM-LAYER
100
AcDbHatch
 10
0.0
 20
0.0
 30
0.0
210
0.0
220
0.0
230
1.0
  2
SOLID
 70
     1
 71
     0
 91
        1
 92
        7
 72
     0
 73
     1
 93
       16
 10
117.2363728727458
 20
-93.59918719837441
 10
117.1482146600047
 20
-93.15598593390607
 10
116.8971613105152
 20
-92.78025804432357
 10
116.5214334209327
 20
-92.52920469483404
 10
116.0782321564643
 20
-92.44104648209297
 10
115.635030891996
 20
-92.52920469483404
 10
115.2593030024135
 20
-92.78025804432357
 10
115.008249652924
 20
-93.15598593390607
 10
114.9200914401829
 20
-93.59918719837441
 10
115.008249652924
 20
-94.04238846284275
 10
115.2593030024135
 20
-94.41811635242524
 10
115.635030891996
 20
-94.66916970191478
 10
116.0782321564643
 20
-94.75732791465583
 10
116.5214334209327
 20
-94.66916970191478
 10
116.8971613105152
 20
-94.41811635242524
 10
117.1482146600047
 20
-94.04238846284275
 97
        1
330
1636
 75
     0
 76
     1
 47
0.412818
 98
        1
 10
34.90568961886538
 20
22.81183545379326
1001
ACAD
1010
0.0
1020
0.0
1030
0.0
  0
LWPOLYLINE
  5
1636
330
1F
100
AcDbEntity
  8
BOTTOM-LAYER
100
AcDbPolyline
 90
       16
 70
     1
 43
0.0508
 10
117.236373
 20
-93.599187
 10
117.148215
 20
-93.155986
 10
116.897161
 20
-92.780258
 10
116.521433
 20
-92.529205
 10
116.078232
 20
-92.441046
 10
115.635031
 20
-92.529205
 10
115.259303
 20
-92.780258
 10
115.00825
 20
-93.155986
 10
114.920091
 20
-93.599187
 10
115.00825
 20
-94.042388
 10
115.259303
 20
-94.418116
 10
115.635031
 20
-94.66917
 10
116.078232
 20
-94.757328
 10
116.521433
 20
-94.66917
 10
116.897161
 20
-94.418116
 10
117.148215
 20
-94.042388
  0
HATCH
  5
1639
330
1F
100
AcDbEntity
  8
BOTTOM-LAYER
100
AcDbHatch
 10
0.0
 20
0.0
 30
0.0
210
0.0
220
0.0
230
1.0
  2
SOLID
 70
     1
 71
     0
 91
        1
 92
        7
 72
     0
 73
     1
 93
       16
 10
117.2363728727458
 20
-96.13919227838457
 10
117.1482146600047
 20
-95.69599101391623
 10
116.8971613105152
 20
-95.32026312433374
 10
116.5214334209327
 20
-95.0692097748442
 10
116.0782321564643
 20
-94.98105156210313
 10
115.635030891996
 20
-95.0692097748442
 10
115.2593030024135
 20
-95.32026312433374
 10
115.008249652924
 20
-95.69599101391623
 10
114.9200914401829
 20
-96.13919227838457
 10
115.008249652924
 20
-96.58239354285291
 10
115.2593030024135
 20
-96.9581214324354
 10
115.635030891996
 20
-97.20917478192494
 10
116.0782321564643
 20
-97.297332994666
 10
116.5214334209327
 20
-97.20917478192494
 10
116.8971613105152
 20
-96.9581214324354
 10
117.1482146600047
 20
-96.58239354285291
 97
        1
330
1638
 75
     0
 76
     1
 47
0.412818
 98
        1
 10
34.90568961886538
 20
22.81183545379326
1001
ACAD
1010
0.0
1020
0.0
1030
0.0
  0
LWPOLYLINE
  5
1638
330
1F
100
AcDbEntity
  8
BOTTOM-LAYER
100
AcDbPolyline
 90
       16
 70
     1
 43
0.0508
 10
117.236373
 20
-96.139192
 10
117.148215
 20
-95.695991
 10
116.897161
 20
-95.320263
 10
116.521433
 20
-95.06921
 10
116.078232
 20
-94.981052
 10
115.635031
 20
-95.06921
 10
115.259303
 20
-95.320263
 10
115.00825
 20
-95.695991
 10
114.920091
 20
-96.139192
 10
115.00825
 20
-96.582394
 10
115.259303
 20
-96.958121
 10
115.635031
 20
-97.209175
 10
116.078232
 20
-97.297333
 10
116.521433
 20
-97.209175
 10
116.897161
 20
-96.958121
 10
117.148215
 20
-96.582394
  0
HATCH
  5
1641
330
1F
100
AcDbEntity
  8
BOTTOM-LAYER
100
AcDbHatch
 10
0.0
 20
0.0
 30
0.0
210
0.0
220
0.0
230
1.0
  2
SOLID
 70
     1
 71
     0
 91
        1
 92
        7
 72
     0
 73
     1
 93
       16
 10
117.2363728727458
 20
-88.51917703835409
 10
117.1482146600047
 20
-88.07597577388574
 10
116.8971613105152
 20
-87.70024788430325
 10
116.5214334209327
 20
-87.44919453481371
 10
116.0782321564643
 20
-87.36103632207266
 10
115.635030891996
 20
-87.44919453481371
 10
115.2593030024135
 20
-87.70024788430325
 10
115.008249652924
 20
-88.07597577388574
 10
114.9200914401829
 20
-88.51917703835409
 10
115.008249652924
 20
-88.96237830282243
 10
115.2593030024135
 20
-89.33810619240492
 10
115.635030891996
 20
-89.58915954189446
 10
116.0782321564643
 20
-89.67731775463552
 10
116.5214334209327
 20
-89.58915954189446
 10
116.8971613105152
 20
-89.33810619240492
 10
117.1482146600047
 20
-88.96237830282243
 97
        1
330
1640
 75
     0
 76
     1
 47
0.412818
 98
        1
 10
34.90568961886538
 20
22.81183545379326
1001
ACAD
1010
0.0
1020
0.0
1030
0.0
  0
LWPOLYLINE
  5
1640
330
1F
100
AcDbEntity
  8
BOTTOM-LAYER
100
AcDbPolyline
 90
       16
 70
     1
 43
0.0508
 10
117.236373
 20
-88.519177
 10
117.148215
 20
-88.075976
 10
116.897161
 20
-87.700248
 10
116.521433
 20
-87.449195
 10
116.078232
 20
-87.361036
 10
115.635031
 20
-87.449195
 10
115.259303
 20
-87.700248
 10
115.00825
 20
-88.075976
 10
114.920091
 20
-88.519177
 10
115.00825
 20
-88.962378
 10
115.259303
 20
-89.338106
 10
115.635031
 20
-89.58916
 10
116.078232
 20
-89.677318
 10
116.521433
 20
-89.58916
 10
116.897161
 20
-89.338106
 10
117.148215
 20
-88.962378
  0
HATCH
  5
1643
330
1F
100
AcDbEntity
  8
BOTTOM-LAYER
100
AcDbHatch
 10
0.0
 20
0.0
 30
0.0
210
0.0
220
0.0
230
1.0
  2
SOLID
 70
     1
 71
     0
 91
        1
 92
        7
 72
     0
 73
     1
 93
       16
 10
117.2363728727458
 20
-91.05918211836425
 10
117.1482146600047
 20
-90.6159808538959
 10
116.8971613105152
 20
-90.24025296431341
 10
116.5214334209327
 20
-89.98919961482387
 10
116.0782321564643
 20
-89.90104140208283
 10
115.635030891996
 20
-89.98919961482387
 10
115.2593030024135
 20
-90.24025296431341
 10
115.008249652924
 20
-90.6159808538959
 10
114.9200914401829
 20
-91.05918211836425
 10
115.008249652924
 20
-91.50238338283259
 10
115.2593030024135
 20
-91.87811127241508
 10
115.635030891996
 20
-92.12916462190462
 10
116.0782321564643
 20
-92.21732283464569
 10
116.5214334209327
 20
-92.12916462190462
 10
116.8971613105152
 20
-91.87811127241508
 10
117.1482146600047
 20
-91.50238338283259
 97
        1
330
1642
 75
     0
 76
     1
 47
0.412818
 98
        1
 10
34.90568961886538
 20
22.81183545379326
1001
ACAD
1010
0.0
1020
0.0
1030
0.0
  0
LWPOLYLINE
  5
1642
330
1F
100
AcDbEntity
  8
BOTTOM-LAYER
100
AcDbPolyline
 90
       16
 70
     1
 43
0.0508
 10
117.236373
 20
-91.059182
 10
117.148215
 20
-90.615981
 10
116.897161
 20
-90.240253
 10
116.521433
 20
-89.9892
 10
116.078232
 20
-89.901041
 10
115.635031
 20
-89.9892
 10
115.259303
 20
-90.240253
 10
115.00825
 20
-90.615981
 10
114.920091
 20
-91.059182
 10
115.00825
 20
-91.502383
 10
115.259303
 20
-91.878111
 10
115.635031
 20
-92.129165
 10
116.078232
 20
-92.217323
 10
116.521433
 20
-92.129165
 10
116.897161
 20
-91.878111
 10
117.148215
 20
-91.502383
  0
HATCH
  5
1645
330
1F
100
AcDbEntity
  8
BOTTOM-LAYER
100
AcDbHatch
 10
0.0
 20
0.0
 30
0.0
210
0.0
220
0.0
230
1.0
  2
SOLID
 70
     1
 71
     0
 91
        1
 92
        7
 72
     0
 73
     1
 93
       16
 10
137.556413512827
 20
-98.67919735839473
 10
137.468255300086
 20
-98.23599609392639
 10
137.2172019505965
 20
-97.86026820434388
 10
136.8414740610139
 20
-97.60921485485434
 10
136.3982727965456
 20
-97.52105664211328
 10
135.9550715320773
 20
-97.60921485485434
 10
135.5793436424948
 20
-97.86026820434388
 10
135.3282902930052
 20
-98.23599609392637
 10
135.2401320802642
 20
-98.67919735839473
 10
135.3282902930052
 20
-99.12239862286307
 10
135.5793436424948
 20
-99.49812651244558
 10
135.9550715320773
 20
-99.74917986193512
 10
136.3982727965456
 20
-99.83733807467617
 10
136.8414740610139
 20
-99.74917986193512
 10
137.2172019505965
 20
-99.49812651244558
 10
137.468255300086
 20
-99.12239862286309
 97
        1
330
1644
 75
     0
 76
     1
 47
0.412818
 98
        1
 10
34.90568961886538
 20
22.81183545379326
1001
ACAD
1010
0.0
1020
0.0
1030
0.0
  0
LWPOLYLINE
  5
1644
330
1F
100
AcDbEntity
  8
BOTTOM-LAYER
100
AcDbPolyline
 90
       16
 70
     1
 43
0.0508
 10
137.556414
 20
-98.679197
 10
137.468255
 20
-98.235996
 10
137.217202
 20
-97.860268
 10
136.841474
 20
-97.609215
 10
136.398273
 20
-97.521057
 10
135.955072
 20
-97.609215
 10
135.579344
 20
-97.860268
 10
135.32829
 20
-98.235996
 10
135.240132
 20
-98.679197
 10
135.32829
 20
-99.122399
 10
135.579344
 20
-99.498127
 10
135.955072
 20
-99.74918
 10
136.398273
 20
-99.837338
 10
136.841474
 20
-99.74918
 10
137.217202
 20
-99.498127
 10
137.468255
 20
-99.122399
  0
HATCH
  5
1647
330
1F
100
AcDbEntity
  8
BOTTOM-LAYER
100
AcDbHatch
 10
0.0
 20
0.0
 30
0.0
210
0.0
220
0.0
230
1.0
  2
SOLID
 70
     1
 71
     0
 91
        1
 92
        7
 72
     0
 73
     1
 93
       16
 10
137.556413512827
 20
-96.13919227838457
 10
137.468255300086
 20
-95.69599101391623
 10
137.2172019505965
 20
-95.32026312433372
 10
136.8414740610139
 20
-95.06920977484418
 10
136.3982727965456
 20
-94.98105156210312
 10
135.9550715320773
 20
-95.06920977484418
 10
135.5793436424948
 20
-95.32026312433372
 10
135.3282902930052
 20
-95.69599101391621
 10
135.2401320802642
 20
-96.13919227838457
 10
135.3282902930052
 20
-96.58239354285291
 10
135.5793436424948
 20
-96.95812143243542
 10
135.9550715320773
 20
-97.20917478192496
 10
136.3982727965456
 20
-97.29733299466601
 10
136.8414740610139
 20
-97.20917478192496
 10
137.2172019505965
 20
-96.95812143243542
 10
137.468255300086
 20
-96.58239354285293
 97
        1
330
1646
 75
     0
 76
     1
 47
0.412818
 98
        1
 10
34.90568961886538
 20
22.81183545379326
1001
ACAD
1010
0.0
1020
0.0
1030
0.0
  0
LWPOLYLINE
  5
1646
330
1F
100
AcDbEntity
  8
BOTTOM-LAYER
100
AcDbPolyline
 90
       16
 70
     1
 43
0.0508
 10
137.556414
 20
-96.139192
 10
137.468255
 20
-95.695991
 10
137.217202
 20
-95.320263
 10
136.841474
 20
-95.06921
 10
136.398273
 20
-94.981052
 10
135.955072
 20
-95.06921
 10
135.579344
 20
-95.320263
 10
135.32829
 20
-95.695991
 10
135.240132
 20
-96.139192
 10
135.32829
 20
-96.582394
 10
135.579344
 20
-96.958121
 10
135.955072
 20
-97.209175
 10
136.398273
 20
-97.297333
 10
136.841474
 20
-97.209175
 10
137.217202
 20
-96.958121
 10
137.468255
 20
-96.582394
  0
HATCH
  5
1649
330
1F
100
AcDbEntity
  8
BOTTOM-LAYER
100
AcDbHatch
 10
0.0
 20
0.0
 30
0.0
210
0.0
220
0.0
230
1.0
  2
SOLID
 70
     1
 71
     0
 91
        1
 92
        7
 72
     0
 73
     1
 93
       16
 10
137.556413512827
 20
-93.59918719837441
 10
137.468255300086
 20
-93.15598593390607
 10
137.2172019505965
 20
-92.78025804432356
 10
136.8414740610139
 20
-92.52920469483402
 10
136.3982727965456
 20
-92.44104648209296
 10
135.9550715320773
 20
-92.52920469483402
 10
135.5793436424948
 20
-92.78025804432356
 10
135.3282902930052
 20
-93.15598593390605
 10
135.2401320802642
 20
-93.59918719837441
 10
135.3282902930052
 20
-94.04238846284275
 10
135.5793436424948
 20
-94.41811635242526
 10
135.9550715320773
 20
-94.6691697019148
 10
136.3982727965456
 20
-94.75732791465585
 10
136.8414740610139
 20
-94.6691697019148
 10
137.2172019505965
 20
-94.41811635242526
 10
137.468255300086
 20
-94.04238846284277
 97
        1
330
1648
 75
     0
 76
     1
 47
0.412818
 98
        1
 10
34.90568961886538
 20
22.81183545379326
1001
ACAD
1010
0.0
1020
0.0
1030
0.0
  0
LWPOLYLINE
  5
1648
330
1F
100
AcDbEntity
  8
BOTTOM-LAYER
100
AcDbPolyline
 90
       16
 70
     1
 43
0.0508
 10
137.556414
 20
-93.599187
 10
137.468255
 20
-93.155986
 10
137.217202
 20
-92.780258
 10
136.841474
 20
-92.529205
 10
136.398273
 20
-92.441046
 10
135.955072
 20
-92.529205
 10
135.579344
 20
-92.780258
 10
135.32829
 20
-93.155986
 10
135.240132
 20
-93.599187
 10
135.32829
 20
-94.042388
 10
135.579344
 20
-94.418116
 10
135.955072
 20
-94.66917
 10
136.398273
 20
-94.757328
 10
136.841474
 20
-94.66917
 10
137.217202
 20
-94.418116
 10
137.468255
 20
-94.042388
  0
HATCH
  5
1653
330
1F
100
AcDbEntity
  8
BOTTOM-LAYER
100
AcDbHatch
 10
0.0
 20
0.0
 30
0.0
210
0.0
220
0.0
230
1.0
  2
SOLID
 70
     1
 71
     0
 91
        1
 92
        7
 72
     0
 73
     1
 93
       16
 10
137.556413512827
 20
-88.51917703835409
 10
137.468255300086
 20
-88.07597577388574
 10
137.2172019505965
 20
-87.70024788430324
 10
136.8414740610139
 20
-87.4491945348137
 10
136.3982727965456
 20
-87.36103632207265
 10
135.9550715320773
 20
-87.4491945348137
 10
135.5793436424948
 20
-87.70024788430324
 10
135.3282902930052
 20
-88.07597577388573
 10
135.2401320802642
 20
-88.51917703835409
 10
135.3282902930052
 20
-88.96237830282243
 10
135.5793436424948
 20
-89.33810619240494
 10
135.9550715320773
 20
-89.58915954189447
 10
136.3982727965456
 20
-89.67731775463554
 10
136.8414740610139
 20
-89.58915954189447
 10
137.2172019505965
 20
-89.33810619240494
 10
137.468255300086
 20
-88.96237830282244
 97
        1
330
1652
 75
     0
 76
     1
 47
0.412818
 98
        1
 10
34.90568961886538
 20
22.81183545379326
1001
ACAD
1010
0.0
1020
0.0
1030
0.0
  0
LWPOLYLINE
  5
1652
330
1F
100
AcDbEntity
  8
BOTTOM-LAYER
100
AcDbPolyline
 90
       16
 70
     1
 43
0.0508
 10
137.556414
 20
-88.519177
 10
137.468255
 20
-88.075976
 10
137.217202
 20
-87.700248
 10
136.841474
 20
-87.449195
 10
136.398273
 20
-87.361036
 10
135.955072
 20
-87.449195
 10
135.579344
 20
-87.700248
 10
135.32829
 20
-88.075976
 10
135.240132
 20
-88.519177
 10
135.32829
 20
-88.962378
 10
135.579344
 20
-89.338106
 10
135.955072
 20
-89.58916
 10
136.398273
 20
-89.677318
 10
136.841474
 20
-89.58916
 10
137.217202
 20
-89.338106
 10
137.468255
 20
-88.962378
  0
HATCH
  5
1655
330
1F
100
AcDbEntity
  8
BOTTOM-LAYER
100
AcDbHatch
 10
0.0
 20
0.0
 30
0.0
210
0.0
220
0.0
230
1.0
  2
SOLID
 70
     1
 71
     0
 91
        1
 92
        7
 72
     0
 73
     1
 93
       16
 10
135.5982727965456
 20
-100.0610617221234
 10
135.4192024384049
 20
-100.1090434799756
 10
135.2881138381163
 20
-100.2401320802642
 10
135.2401320802642
 20
-100.4192024384049
 10
135.2401320802642
 20
-102.0192024384049
 10
135.2881138381163
 20
-102.1982727965456
 10
135.4192024384049
 20
-102.3293613968342
 10
135.5982727965456
 20
-102.3773431546863
 10
137.1982727965456
 20
-102.3773431546863
 10
137.3773431546863
 20
-102.3293613968342
 10
137.5084317549749
 20
-102.1982727965456
 10
137.556413512827
 20
-102.0192024384049
 10
137.556413512827
 20
-100.4192024384049
 10
137.5084317549749
 20
-100.2401320802642
 10
137.3773431546863
 20
-100.1090434799756
 10
137.1982727965456
 20
-100.0610617221235
 97
        1
330
1654
 75
     0
 76
     1
 47
0.412818
 98
        1
 10
34.90568961886538
 20
22.81183545379326
1001
ACAD
1010
0.0
1020
0.0
1030
0.0
  0
LWPOLYLINE
  5
1654
330
1F
100
AcDbEntity
  8
BOTTOM-LAYER
100
AcDbPolyline
 90
       16
 70
     1
 43
0.0508
 10
135.598273
 20
-100.061062
 10
135.419202
 20
-100.109043
 10
135.288114
 20
-100.240132
 10
135.240132
 20
-100.419202
 10
135.240132
 20
-102.019202
 10
135.288114
 20
-102.198273
 10
135.419202
 20
-102.329361
 10
135.598273
 20
-102.377343
 10
137.198273
 20
-102.377343
 10
137.377343
 20
-102.329361
 10
137.508432
 20
-102.198273
 10
137.556414
 20
-102.019202
 10
137.556414
 20
-100.419202
 10
137.508432
 20
-100.240132
 10
137.377343
 20
-100.109043
 10
137.198273
 20
-100.061062
  0
HATCH
  5
1659
330
1F
100
AcDbEntity
  8
BOTTOM-LAYER
100
AcDbHatch
 10
0.0
 20
0.0
 30
0.0
210
0.0
220
0.0
230
1.0
  2
SOLID
 70
     1
 71
     0
 91
        1
 92
        7
 72
     0
 73
     1
 93
       16
 10
150.0991617983236
 20
-59.81711963423928
 10
150.1873200110647
 20
-60.26032089870763
 10
150.4383733605542
 20
-60.63604878829013
 10
150.8141012501367
 20
-60.88710213777966
 10
151.257302514605
 20
-60.97526035052072
 10
151.7005037790734
 20
-60.88710213777966
 10
152.0762316686559
 20
-60.63604878829013
 10
152.3272850181455
 20
-60.26032089870763
 10
152.4154432308865
 20
-59.81711963423928
 10
152.3272850181455
 20
-59.37391836977093
 10
152.0762316686559
 20
-58.99819048018842
 10
151.7005037790734
 20
-58.74713713069889
 10
151.257302514605
 20
-58.65897891795783
 10
150.8141012501367
 20
-58.74713713069889
 10
150.4383733605542
 20
-58.99819048018842
 10
150.1873200110647
 20
-59.37391836977093
 97
        1
330
1658
 75
     0
 76
     1
 47
0.412818
 98
        1
 10
34.90568961886538
 20
22.81183545379326
1001
ACAD
1010
0.0
1020
0.0
1030
0.0
  0
LWPOLYLINE
  5
1658
330
1F
100
AcDbEntity
  8
BOTTOM-LAYER
100
AcDbPolyline
 90
       16
 70
     1
 43
0.0508
 10
150.099162
 20
-59.81712
 10
150.18732
 20
-60.260321
 10
150.438373
 20
-60.636049
 10
150.814101
 20
-60.887102
 10
151.257303
 20
-60.97526
 10
151.700504
 20
-60.887102
 10
152.076232
 20
-60.636049
 10
152.327285
 20
-60.260321
 10
152.415443
 20
-59.81712
 10
152.327285
 20
-59.373918
 10
152.076232
 20
-58.99819
 10
151.700504
 20
-58.747137
 10
151.257303
 20
-58.658979
 10
150.814101
 20
-58.747137
 10
150.438373
 20
-58.99819
 10
150.18732
 20
-59.373918
  0
HATCH
  5
1663
330
1F
100
AcDbEntity
  8
BOTTOM-LAYER
100
AcDbHatch
 10
0.0
 20
0.0
 30
0.0
210
0.0
220
0.0
230
1.0
  2
SOLID
 70
     1
 71
     0
 91
        1
 92
        7
 72
     0
 73
     1
 93
       16
 10
152.6391668783338
 20
-59.81711963423928
 10
152.7273250910748
 20
-60.26032089870763
 10
152.9783784405643
 20
-60.63604878829013
 10
153.3541063301469
 20
-60.88710213777966
 10
153.7973075946152
 20
-60.97526035052072
 10
154.2405088590835
 20
-60.88710213777966
 10
154.6162367486661
 20
-60.63604878829013
 10
154.8672900981556
 20
-60.26032089870763
 10
154.9554483108967
 20
-59.81711963423928
 10
154.8672900981556
 20
-59.37391836977093
 10
154.6162367486661
 20
-58.99819048018842
 10
154.2405088590835
 20
-58.74713713069889
 10
153.7973075946152
 20
-58.65897891795783
 10
153.3541063301469
 20
-58.74713713069889
 10
152.9783784405643
 20
-58.99819048018842
 10
152.7273250910748
 20
-59.37391836977093
 97
        1
330
1662
 75
     0
 76
     1
 47
0.412818
 98
        1
 10
34.90568961886538
 20
22.81183545379326
1001
ACAD
1010
0.0
1020
0.0
1030
0.0
  0
LWPOLYLINE
  5
1662
330
1F
100
AcDbEntity
  8
BOTTOM-LAYER
100
AcDbPolyline
 90
       16
 70
     1
 43
0.0508
 10
152.639167
 20
-59.81712
 10
152.727325
 20
-60.260321
 10
152.978378
 20
-60.636049
 10
153.354106
 20
-60.887102
 10
153.797308
 20
-60.97526
 10
154.240509
 20
-60.887102
 10
154.616237
 20
-60.636049
 10
154.86729
 20
-60.260321
 10
154.955448
 20
-59.81712
 10
154.86729
 20
-59.373918
 10
154.616237
 20
-58.99819
 10
154.240509
 20
-58.747137
 10
153.797308
 20
-58.658979
 10
153.354106
 20
-58.747137
 10
152.978378
 20
-58.99819
 10
152.727325
 20
-59.373918
  0
HATCH
  5
1667
330
1F
100
AcDbEntity
  8
BOTTOM-LAYER
100
AcDbHatch
 10
0.0
 20
0.0
 30
0.0
210
0.0
220
0.0
230
1.0
  2
SOLID
 70
     1
 71
     0
 91
        1
 92
        7
 72
     0
 73
     1
 93
       16
 10
170.6882397764796
 20
-53.9769748539497
 10
170.225904340393
 20
-54.06893909006519
 10
169.8339552833694
 20
-54.33083107712096
 10
169.5720632963136
 20
-54.72278013414454
 10
169.4800990601981
 20
-55.18511557023113
 10
169.5720632963136
 20
-55.64745100631773
 10
169.8339552833694
 20
-56.03940006334131
 10
170.225904340393
 20
-56.30129205039708
 10
170.6882397764796
 20
-56.39325628651257
 10
171.1505752125662
 20
-56.30129205039708
 10
171.5425242695897
 20
-56.03940006334131
 10
171.8044162566455
 20
-55.64745100631773
 10
171.896380492761
 20
-55.18511557023113
 10
171.8044162566455
 20
-54.72278013414454
 10
171.5425242695898
 20
-54.33083107712096
 10
171.1505752125662
 20
-54.06893909006519
 97
        1
330
1666
 75
     0
 76
     1
 47
0.412818
 98
        1
 10
34.90568961886538
 20
22.81183545379326
1001
ACAD
1010
0.0
1020
0.0
1030
0.0
  0
LWPOLYLINE
  5
1666
330
1F
100
AcDbEntity
  8
BOTTOM-LAYER
100
AcDbPolyline
 90
       16
 70
     1
 43
0.0508
 10
170.68824
 20
-53.976975
 10
170.225904
 20
-54.068939
 10
169.833955
 20
-54.330831
 10
169.572063
 20
-54.72278
 10
169.480099
 20
-55.185116
 10
169.572063
 20
-55.647451
 10
169.833955
 20
-56.0394
 10
170.225904
 20
-56.301292
 10
170.68824
 20
-56.393256
 10
171.150575
 20
-56.301292
 10
171.542524
 20
-56.0394
 10
171.804416
 20
-55.647451
 10
171.89638
 20
-55.185116
 10
171.804416
 20
-54.72278
 10
171.542524
 20
-54.330831
 10
171.150575
 20
-54.068939
  0
HATCH
  5
1669
330
1F
100
AcDbEntity
  8
BOTTOM-LAYER
100
AcDbHatch
 10
0.0
 20
0.0
 30
0.0
210
0.0
220
0.0
230
1.0
  2
SOLID
 70
     1
 71
     0
 91
        1
 92
        7
 72
     0
 73
     1
 93
       16
 10
170.6882397764796
 20
-46.47684785369569
 10
170.225904340393
 20
-46.56881208981118
 10
169.8339552833694
 20
-46.83070407686695
 10
169.5720632963136
 20
-47.22265313389053
 10
169.4800990601982
 20
-47.68498856997713
 10
169.5720632963136
 20
-48.14732400606373
 10
169.8339552833694
 20
-48.5392730630873
 10
170.225904340393
 20
-48.80116505014307
 10
170.6882397764796
 20
-48.89312928625856
 10
171.1505752125662
 20
-48.80116505014307
 10
171.5425242695898
 20
-48.5392730630873
 10
171.8044162566455
 20
-48.14732400606373
 10
171.896380492761
 20
-47.68498856997713
 10
171.8044162566455
 20
-47.22265313389053
 10
171.5425242695898
 20
-46.83070407686695
 10
171.1505752125662
 20
-46.56881208981118
 97
        1
330
1668
 75
     0
 76
     1
 47
0.412818
 98
        1
 10
34.90568961886538
 20
22.81183545379326
1001
ACAD
1010
0.0
1020
0.0
1030
0.0
  0
LWPOLYLINE
  5
1668
330
1F
100
AcDbEntity
  8
BOTTOM-LAYER
100
AcDbPolyline
 90
       16
 70
     1
 43
0.0508
 10
170.68824
 20
-46.476848
 10
170.225904
 20
-46.568812
 10
169.833955
 20
-46.830704
 10
169.572063
 20
-47.222653
 10
169.480099
 20
-47.684989
 10
169.572063
 20
-48.147324
 10
169.833955
 20
-48.539273
 10
170.225904
 20
-48.801165
 10
170.68824
 20
-48.893129
 10
171.150575
 20
-48.801165
 10
171.542524
 20
-48.539273
 10
171.804416
 20
-48.147324
 10
171.89638
 20
-47.684989
 10
171.804416
 20
-47.222653
 10
171.542524
 20
-46.830704
 10
171.150575
 20
-46.568812
  0
HATCH
  5
1671
330
1F
100
AcDbEntity
  8
BOTTOM-LAYER
100
AcDbHatch
 10
0.0
 20
0.0
 30
0.0
210
0.0
220
0.0
230
1.0
  2
SOLID
 70
     1
 71
     0
 91
        1
 92
        7
 72
     0
 73
     1
 93
       16
 10
170.6882397764796
 20
-48.97697485394971
 10
170.225904340393
 20
-49.0689390900652
 10
169.8339552833694
 20
-49.33083107712098
 10
169.5720632963136
 20
-49.72278013414455
 10
169.4800990601982
 20
-50.18511557023115
 10
169.5720632963136
 20
-50.64745100631774
 10
169.8339552833694
 20
-51.03940006334132
 10
170.225904340393
 20
-51.30129205039709
 10
170.6882397764796
 20
-51.39325628651258
 10
171.1505752125662
 20
-51.30129205039709
 10
171.5425242695898
 20
-51.03940006334132
 10
171.8044162566455
 20
-50.64745100631774
 10
171.896380492761
 20
-50.18511557023115
 10
171.8044162566455
 20
-49.72278013414455
 10
171.5425242695898
 20
-49.33083107712098
 10
171.1505752125662
 20
-49.0689390900652
 97
        1
330
1670
 75
     0
 76
     1
 47
0.412818
 98
        1
 10
34.90568961886538
 20
22.81183545379326
1001
ACAD
1010
0.0
1020
0.0
1030
0.0
  0
LWPOLYLINE
  5
1670
330
1F
100
AcDbEntity
  8
BOTTOM-LAYER
100
AcDbPolyline
 90
       16
 70
     1
 43
0.0508
 10
170.68824
 20
-48.976975
 10
170.225904
 20
-49.068939
 10
169.833955
 20
-49.330831
 10
169.572063
 20
-49.72278
 10
169.480099
 20
-50.185116
 10
169.572063
 20
-50.647451
 10
169.833955
 20
-51.0394
 10
170.225904
 20
-51.301292
 10
170.68824
 20
-51.393256
 10
171.150575
 20
-51.301292
 10
171.542524
 20
-51.0394
 10
171.804416
 20
-50.647451
 10
171.89638
 20
-50.185116
 10
171.804416
 20
-49.72278
 10
171.542524
 20
-49.330831
 10
171.150575
 20
-49.068939
  0
HATCH
  5
1675
330
1F
100
AcDbEntity
  8
BOTTOM-LAYER
100
AcDbHatch
 10
0.0
 20
0.0
 30
0.0
210
0.0
220
0.0
230
1.0
  2
SOLID
 70
     1
 71
     0
 91
        1
 92
        7
 72
     0
 73
     1
 93
       26
 10
170.8962026924054
 20
-3.50000762001524
 10
170.9864035129286
 20
-4.242878211727588
 10
171.2517638306761
 20
-4.942575864874349
 10
171.6768618685258
 20
-5.558436695152117
 10
172.2369924736865
 20
-6.054669109668185
 10
172.8996028913781
 20
-6.402433884222316
 10
173.6261846126152
 20
-6.581520194190945
 10
174.3745113487767
 20
-6.581520194190946
 10
175.1010930700139
 20
-6.402433884222318
 10
175.7637034877055
 20
-6.054669109668186
 10
176.3238340928662
 20
-5.558436695152116
 10
176.7489321307159
 20
-4.942575864874347
 10
177.0142924484634
 20
-4.242878211727583
 10
177.1044932689865
 20
-3.50000762001524
 10
177.0142924484634
 20
-2.757137028302891
 10
176.7489321307159
 20
-2.05743937515613
 10
176.3238340928662
 20
-1.441578544878361
 10
175.7637034877055
 20
-0.9453461303622918
 10
175.1010930700139
 20
-0.597581355808162
 10
174.3745113487767
 20
-0.4184950458395337
 10
173.6261846126152
 20
-0.4184950458395332
 10
172.8996028913781
 20
-0.5975813558081615
 10
172.2369924736865
 20
-0.9453461303622909
 10
171.6768618685258
 20
-1.441578544878359
 10
171.2517638306761
 20
-2.057439375156127
 10
170.9864035129286
 20
-2.757137028302888
 97
        1
330
1674
 75
     0
 76
     1
 47
0.412818
 98
        1
 10
34.90568961886538
 20
22.81183545379326
1001
ACAD
1010
0.0
1020
0.0
1030
0.0
  0
LWPOLYLINE
  5
1674
330
1F
100
AcDbEntity
  8
BOTTOM-LAYER
100
AcDbPolyline
 90
       26
 70
     1
 43
0.0508
 10
170.896203
 20
-3.500008
 10
170.986404
 20
-4.242878
 10
171.251764
 20
-4.942576
 10
171.676862
 20
-5.558437
 10
172.236992
 20
-6.054669
 10
172.899603
 20
-6.402434
 10
173.626185
 20
-6.58152
 10
174.374511
 20
-6.58152
 10
175.101093
 20
-6.402434
 10
175.763703
 20
-6.054669
 10
176.323834
 20
-5.558437
 10
176.748932
 20
-4.942576
 10
177.014292
 20
-4.242878
 10
177.104493
 20
-3.500008
 10
177.014292
 20
-2.757137
 10
176.748932
 20
-2.057439
 10
176.323834
 20
-1.441579
 10
175.763703
 20
-0.945346
 10
175.101093
 20
-0.597581
 10
174.374511
 20
-0.418495
 10
173.626185
 20
-0.418495
 10
172.899603
 20
-0.597581
 10
172.236992
 20
-0.945346
 10
171.676862
 20
-1.441579
 10
171.251764
 20
-2.057439
 10
170.986404
 20
-2.757137
  0
HATCH
  5
1677
330
1F
100
AcDbEntity
  8
BOTTOM-LAYER
100
AcDbHatch
 10
0.0
 20
0.0
 30
0.0
210
0.0
220
0.0
230
1.0
  2
SOLID
 70
     1
 71
     0
 91
        1
 92
        7
 72
     0
 73
     1
 93
       26
 10
170.8962026924054
 20
-104.5002082804166
 10
170.9864035129286
 20
-105.2430788721289
 10
171.2517638306761
 20
-105.9427765252757
 10
171.6768618685258
 20
-106.5586373555535
 10
172.2369924736865
 20
-107.0548697700695
 10
172.8996028913781
 20
-107.4026345446237
 10
173.6261846126152
 20
-107.5817208545923
 10
174.3745113487767
 20
-107.5817208545923
 10
175.1010930700139
 20
-107.4026345446237
 10
175.7637034877055
 20
-107.0548697700695
 10
176.3238340928662
 20
-106.5586373555535
 10
176.7489321307159
 20
-105.9427765252757
 10
177.0142924484634
 20
-105.2430788721289
 10
177.1044932689865
 20
-104.5002082804166
 10
177.0142924484634
 20
-103.7573376887042
 10
176.7489321307159
 20
-103.0576400355575
 10
176.3238340928662
 20
-102.4417792052797
 10
175.7637034877055
 20
-101.9455467907636
 10
175.1010930700139
 20
-101.5977820162095
 10
174.3745113487767
 20
-101.4186957062409
 10
173.6261846126152
 20
-101.4186957062409
 10
172.8996028913781
 20
-101.5977820162095
 10
172.2369924736865
 20
-101.9455467907636
 10
171.6768618685258
 20
-102.4417792052797
 10
171.2517638306761
 20
-103.0576400355575
 10
170.9864035129286
 20
-103.7573376887042
 97
        1
330
1676
 75
     0
 76
     1
 47
0.412818
 98
        1
 10
34.90568961886538
 20
22.81183545379326
1001
ACAD
1010
0.0
1020
0.0
1030
0.0
  0
LWPOLYLINE
  5
1676
330
1F
100
AcDbEntity
  8
BOTTOM-LAYER
100
AcDbPolyline
 90
       26
 70
     1
 43
0.0508
 10
170.896203
 20
-104.500208
 10
170.986404
 20
-105.243079
 10
171.251764
 20
-105.942777
 10
171.676862
 20
-106.558637
 10
172.236992
 20
-107.05487
 10
172.899603
 20
-107.402635
 10
173.626185
 20
-107.581721
 10
174.374511
 20
-107.581721
 10
175.101093
 20
-107.402635
 10
175.763703
 20
-107.05487
 10
176.323834
 20
-106.558637
 10
176.748932
 20
-105.942777
 10
177.014292
 20
-105.243079
 10
177.104493
 20
-104.500208
 10
177.014292
 20
-103.757338
 10
176.748932
 20
-103.05764
 10
176.323834
 20
-102.441779
 10
175.763703
 20
-101.945547
 10
175.101093
 20
-101.597782
 10
174.374511
 20
-101.418696
 10
173.626185
 20
-101.418696
 10
172.899603
 20
-101.597782
 10
172.236992
 20
-101.945547
 10
171.676862
 20
-102.441779
 10
171.251764
 20
-103.05764
 10
170.986404
 20
-103.757338
  0
HATCH
  5
1679
330
1F
100
AcDbEntity
  8
BOTTOM-LAYER
100
AcDbHatch
 10
0.0
 20
0.0
 30
0.0
210
0.0
220
0.0
230
1.0
  2
SOLID
 70
     1
 71
     0
 91
        1
 92
        7
 72
     0
 73
     1
 93
       16
 10
172.0853441706884
 20
-65.54927609855221
 10
172.5140040479376
 20
-65.4640103475679
 10
172.877404344687
 20
-65.22119403226638
 10
173.1202206599885
 20
-64.85779373551692
 10
173.2054864109728
 20
-64.42913385826773
 10
173.1202206599885
 20
-64.00047398101854
 10
172.877404344687
 20
-63.63707368426908
 10
172.5140040479376
 20
-63.39425736896756
 10
172.0853441706884
 20
-63.30899161798325
 10
171.6566842934392
 20
-63.39425736896756
 10
171.2932839966897
 20
-63.63707368426908
 10
171.0504676813882
 20
-64.00047398101854
 10
170.9652019304039
 20
-64.42913385826773
 10
171.0504676813882
 20
-64.85779373551692
 10
171.2932839966897
 20
-65.22119403226638
 10
171.6566842934392
 20
-65.4640103475679
 97
        1
330
1678
 75
     0
 76
     1
 47
0.412818
 98
        1
 10
34.90568961886538
 20
22.81183545379326
1001
ACAD
1010
0.0
1020
0.0
1030
0.0
  0
LWPOLYLINE
  5
1678
330
1F
100
AcDbEntity
  8
BOTTOM-LAYER
100
AcDbPolyline
 90
       16
 70
     1
 43
0.0508
 10
172.085344
 20
-65.549276
 10
172.514004
 20
-65.46401
 10
172.877404
 20
-65.221194
 10
173.120221
 20
-64.857794
 10
173.205486
 20
-64.429134
 10
173.120221
 20
-64.000474
 10
172.877404
 20
-63.637074
 10
172.514004
 20
-63.394257
 10
172.085344
 20
-63.308992
 10
171.656684
 20
-63.394257
 10
171.293284
 20
-63.637074
 10
171.050468
 20
-64.000474
 10
170.965202
 20
-64.429134
 10
171.050468
 20
-64.857794
 10
171.293284
 20
-65.221194
 10
171.656684
 20
-65.46401
  0
LWPOLYLINE
  5
1680
330
1F
100
AcDbEntity
  8
BOTTOM-LAYER
100
AcDbPolyline
 90
       16
 70
     1
 43
0.0508
 10
172.085344
 20
-68.049149
 10
172.514004
 20
-67.963883
 10
172.877404
 20
-67.721067
 10
173.120221
 20
-67.357667
 10
173.205486
 20
-66.929007
 10
173.120221
 20
-66.500347
 10
172.877404
 20
-66.136947
 10
172.514004
 20
-65.89413
 10
172.085344
 20
-65.808865
 10
171.656684
 20
-65.89413
 10
171.293284
 20
-66.136947
 10
171.050468
 20
-66.500347
 10
170.965202
 20
-66.929007
 10
171.050468
 20
-67.357667
 10
171.293284
 20
-67.721067
 10
171.656684
 20
-67.963883
  0
LWPOLYLINE
  5
1782
330
1F
100
AcDbEntity
  8
BOTTOM-LAYER
100
AcDbPolyline
 90
        2
 70
     0
 43
0.0508
 10
30.988062
 20
-37.018034
 10
30.988062
 20
-37.277115
  0
LWPOLYLINE
  5
1783
330
1F
100
AcDbEntity
  8
BOTTOM-LAYER
100
AcDbPolyline
 90
        2
 70
     0
 43
0.0508
 10
30.988062
 20
-34.610109
 10
30.988062
 20
-34.351029
  0
LWPOLYLINE
  5
1784
330
1F
100
AcDbEntity
  8
BOTTOM-LAYER
100
AcDbPolyline
 90
        2
 70
     0
 43
0.0508
 10
32.192024
 20
-35.814072
 10
32.451105
 20
-35.814072
  0
LWPOLYLINE
  5
1785
330
1F
100
AcDbEntity
  8
BOTTOM-LAYER
100
AcDbPolyline
 90
        2
 70
     0
 43
0.0508
 10
116.875692
 20
-101.219202
 10
117.134773
 20
-101.219202
  0
LWPOLYLINE
  5
1786
330
1F
100
AcDbEntity
  8
BOTTOM-LAYER
100
AcDbPolyline
 90
        2
 70
     0
 43
0.0508
 10
115.280772
 20
-101.219202
 10
115.021692
 20
-101.219202
  0
LWPOLYLINE
  5
1787
330
1F
100
AcDbEntity
  8
BOTTOM-LAYER
100
AcDbPolyline
 90
        2
 70
     0
 43
0.0508
 10
116.078232
 20
-102.016662
 10
116.078232
 20
-102.275743
  0
LWPOLYLINE
  5
1788
330
1F
100
AcDbEntity
  8
BOTTOM-LAYER
100
AcDbPolyline
 90
        2
 70
     0
 43
0.0508
 10
116.078232
 20
-100.421742
 10
116.078232
 20
-100.162662
  0
LWPOLYLINE
  5
1789
330
1F
100
AcDbEntity
  8
BOTTOM-LAYER
100
AcDbPolyline
 90
        2
 70
     0
 43
0.0508
 10
137.195733
 20
-98.679197
 10
137.454813
 20
-98.679197
  0
LWPOLYLINE
  5
1790
330
1F
100
AcDbEntity
  8
BOTTOM-LAYER
100
AcDbPolyline
 90
        2
 70
     0
 43
0.0508
 10
135.600813
 20
-98.679197
 10
135.341732
 20
-98.679197
  0
LWPOLYLINE
  5
1791
330
1F
100
AcDbEntity
  8
BOTTOM-LAYER
100
AcDbPolyline
 90
        2
 70
     0
 43
0.0508
 10
136.398273
 20
-99.476657
 10
136.398273
 20
-99.735738
  0
LWPOLYLINE
  5
1792
330
1F
100
AcDbEntity
  8
BOTTOM-LAYER
100
AcDbPolyline
 90
        2
 70
     0
 43
0.0508
 10
136.398273
 20
-97.881737
 10
136.398273
 20
-97.622657
  0
LWPOLYLINE
  5
1793
330
1F
100
AcDbEntity
  8
BOTTOM-LAYER
100
AcDbPolyline
 90
        2
 70
     0
 43
0.0508
 10
137.195733
 20
-101.219202
 10
137.454813
 20
-101.219202
  0
LWPOLYLINE
  5
1794
330
1F
100
AcDbEntity
  8
BOTTOM-LAYER
100
AcDbPolyline
 90
        2
 70
     0
 43
0.0508
 10
135.600813
 20
-101.219202
 10
135.341732
 20
-101.219202
  0
LWPOLYLINE
  5
1795
330
1F
100
AcDbEntity
  8
BOTTOM-LAYER
100
AcDbPolyline
 90
        2
 70
     0
 43
0.0508
 10
136.398273
 20
-102.016662
 10
136.398273
 20
-102.275743
  0
LWPOLYLINE
  5
1796
330
1F
100
AcDbEntity
  8
BOTTOM-LAYER
100
AcDbPolyline
 90
        2
 70
     0
 43
0.0508
 10
136.398273
 20
-100.421742
 10
136.398273
 20
-100.162662
  0
LWPOLYLINE
  5
1797
330
1F
100
AcDbEntity
  8
BOTTOM-LAYER
100
AcDbPolyline
 90
        2
 70
     0
 43
0.0508
 10
170.68824
 20
-54.337656
 10
170.68824
 20
-54.078575
  0
LWPOLYLINE
  5
1798
330
1F
100
AcDbEntity
  8
BOTTOM-LAYER
100
AcDbPolyline
 90
        2
 70
     0
 43
0.0508
 10
170.68824
 20
-56.032576
 10
170.68824
 20
-56.291656
  0
LWPOLYLINE
  5
1799
330
1F
100
AcDbEntity
  8
BOTTOM-LAYER
100
AcDbPolyline
 90
        2
 70
     0
 43
0.0508
 10
171.5357
 20
-55.185116
 10
171.79478
 20
-55.185116
  0
LWPOLYLINE
  5
1800
330
1F
100
AcDbEntity
  8
BOTTOM-LAYER
100
AcDbPolyline
 90
        2
 70
     0
 43
0.0508
 10
169.84078
 20
-55.185116
 10
169.581699
 20
-55.185116
  0
LWPOLYLINE
  5
1801
330
1F
100
AcDbEntity
  8
BOTTOM-LAYER
100
AcDbPolyline
 90
        2
 70
     0
 43
0.0508
 10
172.085344
 20
-65.188595
 10
172.085344
 20
-65.447676
  0
LWPOLYLINE
  5
1802
330
1F
100
AcDbEntity
  8
BOTTOM-LAYER
100
AcDbPolyline
 90
        2
 70
     0
 43
0.0508
 10
172.085344
 20
-63.669672
 10
172.085344
 20
-63.410592
  0
LWPOLYLINE
  5
1803
330
1F
100
AcDbEntity
  8
BOTTOM-LAYER
100
AcDbPolyline
 90
        2
 70
     0
 43
0.0508
 10
171.325883
 20
-64.429134
 10
171.066802
 20
-64.429134
  0
LWPOLYLINE
  5
1804
330
1F
100
AcDbEntity
  8
BOTTOM-LAYER
100
AcDbPolyline
 90
        2
 70
     0
 43
0.0508
 10
172.844806
 20
-64.429134
 10
173.103886
 20
-64.429134
  0
LWPOLYLINE
  5
2138
330
1F
100
AcDbEntity
  8
BOTTOM-LAYER
100
AcDbPolyline
 90
        2
 70
     0
 43
0.508001
 10
148.717297
 20
-61.341123
 10
148.717297
 20
-59.81712
  0
HATCH
  5
2455
330
1F
100
AcDbEntity
  8
BOTTOM-LAYER
100
AcDbHatch
 10
0.0
 20
0.0
 30
0.0
210
0.0
220
0.0
230
1.0
  2
SOLID
 70
     1
 71
     0
 91
        1
 92
        7
 72
     1
 73
     1
 93
        2
 10
169.8382397764796
 20
-47.68498856997715
 42
1.0
 10
171.5382397764796
 20
-47.68498856997715
 42
1.0
 97
        1
330
0
 75
     0
 76
     1
 47
0.868144
 98
        1
 10
3.629517071192367
 20
33.92795499968543
1001
ACAD
1010
0.0
1020
0.0
1030
0.0
  0
LWPOLYLINE
  5
2456
330
1F
100
AcDbEntity
  8
BOTTOM-LAYER
100
AcDbPolyline
 90
        2
 70
     1
 43
0.0
 10
169.83824
 20
-47.684989
 42
1.0
 10
171.53824
 20
-47.684989
 42
1.0
  0
HATCH
  5
2485
330
1F
100
AcDbEntity
  8
BOTTOM-LAYER
100
AcDbHatch
 10
0.0
 20
0.0
 30
0.0
210
0.0
220
0.0
230
1.0
  2
SOLID
 70
     1
 71
     0
 91
        1
 92
        7
 72
     1
 73
     1
 93
        2
 10
169.8382397764796
 20
-50.18511557023115
 42
1.0
 10
171.5382397764796
 20
-50.18511557023115
 42
1.0
 97
        1
330
0
 75
     0
 76
     1
 47
0.868144
 98
        1
 10
3.629517071192367
 20
33.92795499968543
1001
ACAD
1010
0.0
1020
0.0
1030
0.0
  0
LWPOLYLINE
  5
2486
330
1F
100
AcDbEntity
  8
BOTTOM-LAYER
100
AcDbPolyline
 90
        2
 70
     1
 43
0.0
 10
169.83824
 20
-50.185116
 42
1.0
 10
171.53824
 20
-50.185116
 42
1.0
  0
HATCH
  5
2515
330
1F
100
AcDbEntity
  8
BOTTOM-LAYER
100
AcDbHatch
 10
0.0
 20
0.0
 30
0.0
210
0.0
220
0.0
230
1.0
  2
SOLID
 70
     1
 71
     0
 91
        1
 92
        7
 72
     1
 73
     1
 93
        2
 10
169.8382397764796
 20
-52.68498856997714
 42
1.0
 10
171.5382397764796
 20
-52.68498856997714
 42
1.0
 97
        1
330
0
 75
     0
 76
     1
 47
0.868144
 98
        1
 10
3.629517071192367
 20
33.92795499968543
1001
ACAD
1010
0.0
1020
0.0
1030
0.0
  0
LWPOLYLINE
  5
2516
330
1F
100
AcDbEntity
  8
BOTTOM-LAYER
100
AcDbPolyline
 90
        2
 70
     1
 43
0.0
 10
169.83824
 20
-52.684989
 42
1.0
 10
171.53824
 20
-52.684989
 42
1.0
  0
HATCH
  5
2545
330
1F
100
AcDbEntity
  8
BOTTOM-LAYER
100
AcDbHatch
 10
0.0
 20
0.0
 30
0.0
210
0.0
220
0.0
230
1.0
  2
SOLID
 70
     1
 71
     0
 91
        1
 92
        7
 72
     1
 73
     1
 93
        2
 10
169.8382397764796
 20
-55.18511557023115
 42
1.0
 10
171.5382397764796
 20
-55.18511557023115
 42
1.0
 97
        1
330
0
 75
     0
 76
     1
 47
0.868144
 98
        1
 10
3.629517071192367
 20
33.92795499968543
1001
ACAD
1010
0.0
1020
0.0
1030
0.0
  0
LWPOLYLINE
  5
2546
330
1F
100
AcDbEntity
  8
BOTTOM-LAYER
100
AcDbPolyline
 90
        2
 70
     1
 43
0.0
 10
169.83824
 20
-55.185116
 42
1.0
 10
171.53824
 20
-55.185116
 42
1.0
  0
HATCH
  5
2575
330
1F
100
AcDbEntity
  8
BOTTOM-LAYER
100
AcDbHatch
 10
0.0
 20
0.0
 30
0.0
210
0.0
220
0.0
230
1.0
  2
SOLID
 70
     1
 71
     0
 91
        1
 92
        7
 72
     0
 73
     1
 93
        4
 10
172.8473456946914
 20
-70.19113538227077
 10
171.3233426466853
 20
-70.19113538227077
 10
171.3233426466853
 20
-68.66713233426466
 10
172.8473456946914
 20
-68.66713233426466
 97
        1
330
2574
 75
     0
 76
     1
 47
0.412818
 98
        1
 10
34.90568961886538
 20
22.81183545379326
1001
ACAD
1010
0.0
1020
0.0
1030
0.0
  0
LWPOLYLINE
  5
2574
330
1F
100
AcDbEntity
  8
BOTTOM-LAYER
100
AcDbPolyline
 90
        4
 70
     1
 43
0.0
 10
172.847346
 20
-70.191135
 10
171.323343
 20
-70.191135
 10
171.323343
 20
-68.667132
 10
172.847346
 20
-68.667132
  0
HATCH
  5
2596
330
1F
100
AcDbEntity
  8
BOTTOM-LAYER
100
AcDbHatch
 10
0.0
 20
0.0
 30
0.0
210
0.0
220
0.0
230
1.0
  2
SOLID
 70
     1
 71
     0
 91
        1
 92
        7
 72
     1
 73
     1
 93
        2
 10
171.3233426466853
 20
-66.92900685801372
 42
1.0
 10
172.8473456946914
 20
-66.92900685801372
 42
1.0
 97
        1
330
0
 75
     0
 76
     1
 47
0.868144
 98
        1
 10
3.629517071192367
 20
33.92795499968543
1001
ACAD
1010
0.0
1020
0.0
1030
0.0
  0
LWPOLYLINE
  5
2597
330
1F
100
AcDbEntity
  8
BOTTOM-LAYER
100
AcDbPolyline
 90
        2
 70
     1
 43
0.0
 10
171.323343
 20
-66.929007
 42
1.0
 10
172.847346
 20
-66.929007
 42
1.0
  0
HATCH
  5
2626
330
1F
100
AcDbEntity
  8
BOTTOM-LAYER
100
AcDbHatch
 10
0.0
 20
0.0
 30
0.0
210
0.0
220
0.0
230
1.0
  2
SOLID
 70
     1
 71
     0
 91
        1
 92
        7
 72
     1
 73
     1
 93
        2
 10
171.3233426466853
 20
-64.42913385826773
 42
1.0
 10
172.8473456946914
 20
-64.42913385826773
 42
1.0
 97
        1
330
0
 75
     0
 76
     1
 47
0.868144
 98
        1
 10
3.629517071192367
 20
33.92795499968543
1001
ACAD
1010
0.0
1020
0.0
1030
0.0
  0
LWPOLYLINE
  5
2627
330
1F
100
AcDbEntity
  8
BOTTOM-LAYER
100
AcDbPolyline
 90
        2
 70
     1
 43
0.0
 10
171.323343
 20
-64.429134
 42
1.0
 10
172.847346
 20
-64.429134
 42
1.0
  0
HATCH
  5
2760
330
1F
100
AcDbEntity
  8
BOTTOM-LAYER
100
AcDbHatch
 10
0.0
 20
0.0
 30
0.0
210
0.0
220
0.0
230
1.0
  2
SOLID
 70
     1
 71
     0
 91
        1
 92
        7
 72
     0
 73
     1
 93
        4
 10
137.1982727965456
 20
-100.4192024384049
 10
137.1982727965456
 20
-102.0192024384049
 10
135.5982727965456
 20
-102.0192024384049
 10
135.5982727965456
 20
-100.4192024384049
 97
        1
330
2759
 75
     0
 76
     1
 47
0.412818
 98
        1
 10
34.90568961886538
 20
22.81183545379326
1001
ACAD
1010
0.0
1020
0.0
1030
0.0
  0
LWPOLYLINE
  5
2759
330
1F
100
AcDbEntity
  8
BOTTOM-LAYER
100
AcDbPolyline
 90
        4
 70
     1
 43
0.0
 10
137.198273
 20
-100.419202
 10
137.198273
 20
-102.019202
 10
135.598273
 20
-102.019202
 10
135.598273
 20
-100.419202
  0
HATCH
  5
2781
330
1F
100
AcDbEntity
  8
BOTTOM-LAYER
100
AcDbHatch
 10
0.0
 20
0.0
 30
0.0
210
0.0
220
0.0
230
1.0
  2
SOLID
 70
     1
 71
     0
 91
        1
 92
        7
 72
     1
 73
     1
 93
        2
 10
135.5982727965456
 20
-98.67919735839473
 42
1.0
 10
137.1982727965456
 20
-98.67919735839473
 42
1.0
 97
        1
330
0
 75
     0
 76
     1
 47
0.868144
 98
        1
 10
3.629517071192367
 20
33.92795499968543
1001
ACAD
1010
0.0
1020
0.0
1030
0.0
  0
LWPOLYLINE
  5
2782
330
1F
100
AcDbEntity
  8
BOTTOM-LAYER
100
AcDbPolyline
 90
        4
 70
     0
 43
0.0
 10
135.598273
 20
-98.679197
 42
1.0
 10
137.198273
 20
-98.679197
 10
137.198273
 20
-98.679197
 42
1.0
 10
135.598273
 20
-98.679197
  0
HATCH
  5
2811
330
1F
100
AcDbEntity
  8
BOTTOM-LAYER
100
AcDbHatch
 10
0.0
 20
0.0
 30
0.0
210
0.0
220
0.0
230
1.0
  2
SOLID
 70
     1
 71
     0
 91
        1
 92
        7
 72
     1
 73
     1
 93
        2
 10
135.5982727965456
 20
-96.13919227838457
 42
1.0
 10
137.1982727965456
 20
-96.13919227838457
 42
1.0
 97
        1
330
0
 75
     0
 76
     1
 47
0.868144
 98
        1
 10
3.629517071192367
 20
33.92795499968543
1001
ACAD
1010
0.0
1020
0.0
1030
0.0
  0
LWPOLYLINE
  5
2812
330
1F
100
AcDbEntity
  8
BOTTOM-LAYER
100
AcDbPolyline
 90
        4
 70
     0
 43
0.0
 10
135.598273
 20
-96.139192
 42
1.0
 10
137.198273
 20
-96.139192
 10
137.198273
 20
-96.139192
 42
1.0
 10
135.598273
 20
-96.139192
  0
HATCH
  5
2841
330
1F
100
AcDbEntity
  8
BOTTOM-LAYER
100
AcDbHatch
 10
0.0
 20
0.0
 30
0.0
210
0.0
220
0.0
230
1.0
  2
SOLID
 70
     1
 71
     0
 91
        1
 92
        7
 72
     1
 73
     1
 93
        2
 10
135.5982727965456
 20
-93.59918719837441
 42
1.0
 10
137.1982727965456
 20
-93.59918719837441
 42
1.0
 97
        1
330
0
 75
     0
 76
     1
 47
0.868144
 98
        1
 10
3.629517071192367
 20
33.92795499968543
1001
ACAD
1010
0.0
1020
0.0
1030
0.0
  0
LWPOLYLINE
  5
2842
330
1F
100
AcDbEntity
  8
BOTTOM-LAYER
100
AcDbPolyline
 90
        4
 70
     0
 43
0.0
 10
135.598273
 20
-93.599187
 42
1.0
 10
137.198273
 20
-93.599187
 10
137.198273
 20
-93.599187
 42
1.0
 10
135.598273
 20
-93.599187
  0
HATCH
  5
2871
330
1F
100
AcDbEntity
  8
BOTTOM-LAYER
100
AcDbHatch
 10
0.0
 20
0.0
 30
0.0
210
0.0
220
0.0
230
1.0
  2
SOLID
 70
     1
 71
     0
 91
        1
 92
        7
 72
     1
 73
     1
 93
        2
 10
135.5982727965456
 20
-91.05918211836425
 42
1.0
 10
137.1982727965456
 20
-91.05918211836425
 42
1.0
 97
        1
330
0
 75
     0
 76
     1
 47
0.868144
 98
        1
 10
3.629517071192367
 20
33.92795499968543
1001
ACAD
1010
0.0
1020
0.0
1030
0.0
  0
LWPOLYLINE
  5
2872
330
1F
100
AcDbEntity
  8
BOTTOM-LAYER
100
AcDbPolyline
 90
        4
 70
     0
 43
0.0
 10
135.598273
 20
-91.059182
 42
1.0
 10
137.198273
 20
-91.059182
 10
137.198273
 20
-91.059182
 42
1.0
 10
135.598273
 20
-91.059182
  0
HATCH
  5
2901
330
1F
100
AcDbEntity
  8
BOTTOM-LAYER
100
AcDbHatch
 10
0.0
 20
0.0
 30
0.0
210
0.0
220
0.0
230
1.0
  2
SOLID
 70
     1
 71
     0
 91
        1
 92
        7
 72
     1
 73
     1
 93
        2
 10
135.5982727965456
 20
-88.51917703835409
 42
1.0
 10
137.1982727965456
 20
-88.51917703835409
 42
1.0
 97
        1
330
0
 75
     0
 76
     1
 47
0.868144
 98
        1
 10
3.629517071192367
 20
33.92795499968543
1001
ACAD
1010
0.0
1020
0.0
1030
0.0
  0
LWPOLYLINE
  5
2902
330
1F
100
AcDbEntity
  8
BOTTOM-LAYER
100
AcDbPolyline
 90
        4
 70
     0
 43
0.0
 10
135.598273
 20
-88.519177
 42
1.0
 10
137.198273
 20
-88.519177
 10
137.198273
 20
-88.519177
 42
1.0
 10
135.598273
 20
-88.519177
  0
HATCH
  5
2931
330
1F
100
AcDbEntity
  8
BOTTOM-LAYER
100
AcDbHatch
 10
0.0
 20
0.0
 30
0.0
210
0.0
220
0.0
230
1.0
  2
SOLID
 70
     1
 71
     0
 91
        1
 92
        7
 72
     1
 73
     1
 93
        2
 10
115.2782321564643
 20
-88.51917703835409
 42
1.0
 10
116.8782321564643
 20
-88.51917703835409
 42
1.0
 97
        1
330
0
 75
     0
 76
     1
 47
0.868144
 98
        1
 10
3.629517071192367
 20
33.92795499968543
1001
ACAD
1010
0.0
1020
0.0
1030
0.0
  0
LWPOLYLINE
  5
2932
330
1F
100
AcDbEntity
  8
BOTTOM-LAYER
100
AcDbPolyline
 90
        2
 70
     1
 43
0.0
 10
115.278232
 20
-88.519177
 42
1.0
 10
116.878232
 20
-88.519177
 42
1.0
  0
HATCH
  5
2961
330
1F
100
AcDbEntity
  8
BOTTOM-LAYER
100
AcDbHatch
 10
0.0
 20
0.0
 30
0.0
210
0.0
220
0.0
230
1.0
  2
SOLID
 70
     1
 71
     0
 91
        1
 92
        7
 72
     1
 73
     1
 93
        2
 10
115.2782321564643
 20
-91.05918211836425
 42
1.0
 10
116.8782321564643
 20
-91.05918211836425
 42
1.0
 97
        1
330
0
 75
     0
 76
     1
 47
0.868144
 98
        1
 10
3.629517071192367
 20
33.92795499968543
1001
ACAD
1010
0.0
1020
0.0
1030
0.0
  0
LWPOLYLINE
  5
2962
330
1F
100
AcDbEntity
  8
BOTTOM-LAYER
100
AcDbPolyline
 90
        2
 70
     1
 43
0.0
 10
115.278232
 20
-91.059182
 42
1.0
 10
116.878232
 20
-91.059182
 42
1.0
  0
HATCH
  5
2991
330
1F
100
AcDbEntity
  8
BOTTOM-LAYER
100
AcDbHatch
 10
0.0
 20
0.0
 30
0.0
210
0.0
220
0.0
230
1.0
  2
SOLID
 70
     1
 71
     0
 91
        1
 92
        7
 72
     1
 73
     1
 93
        2
 10
115.2782321564643
 20
-93.59918719837441
 42
1.0
 10
116.8782321564643
 20
-93.59918719837441
 42
1.0
 97
        1
330
0
 75
     0
 76
     1
 47
0.868144
 98
        1
 10
3.629517071192367
 20
33.92795499968543
1001
ACAD
1010
0.0
1020
0.0
1030
0.0
  0
LWPOLYLINE
  5
2992
330
1F
100
AcDbEntity
  8
BOTTOM-LAYER
100
AcDbPolyline
 90
        2
 70
     1
 43
0.0
 10
115.278232
 20
-93.599187
 42
1.0
 10
116.878232
 20
-93.599187
 42
1.0
  0
HATCH
  5
3021
330
1F
100
AcDbEntity
  8
BOTTOM-LAYER
100
AcDbHatch
 10
0.0
 20
0.0
 30
0.0
210
0.0
220
0.0
230
1.0
  2
SOLID
 70
     1
 71
     0
 91
        1
 92
        7
 72
     1
 73
     1
 93
        2
 10
115.2782321564643
 20
-96.13919227838457
 42
1.0
 10
116.8782321564643
 20
-96.13919227838457
 42
1.0
 97
        1
330
0
 75
     0
 76
     1
 47
0.868144
 98
        1
 10
3.629517071192367
 20
33.92795499968543
1001
ACAD
1010
0.0
1020
0.0
1030
0.0
  0
LWPOLYLINE
  5
3022
330
1F
100
AcDbEntity
  8
BOTTOM-LAYER
100
AcDbPolyline
 90
        2
 70
     1
 43
0.0
 10
115.278232
 20
-96.139192
 42
1.0
 10
116.878232
 20
-96.139192
 42
1.0
  0
HATCH
  5
3051
330
1F
100
AcDbEntity
  8
BOTTOM-LAYER
100
AcDbHatch
 10
0.0
 20
0.0
 30
0.0
210
0.0
220
0.0
230
1.0
  2
SOLID
 70
     1
 71
     0
 91
        1
 92
        7
 72
     1
 73
     1
 93
        2
 10
115.2782321564643
 20
-98.67919735839473
 42
1.0
 10
116.8782321564643
 20
-98.67919735839473
 42
1.0
 97
        1
330
0
 75
     0
 76
     1
 47
0.868144
 98
        1
 10
3.629517071192367
 20
33.92795499968543
1001
ACAD
1010
0.0
1020
0.0
1030
0.0
  0
LWPOLYLINE
  5
3052
330
1F
100
AcDbEntity
  8
BOTTOM-LAYER
100
AcDbPolyline
 90
        2
 70
     1
 43
0.0
 10
115.278232
 20
-98.679197
 42
1.0
 10
116.878232
 20
-98.679197
 42
1.0
  0
HATCH
  5
3081
330
1F
100
AcDbEntity
  8
BOTTOM-LAYER
100
AcDbHatch
 10
0.0
 20
0.0
 30
0.0
210
0.0
220
0.0
230
1.0
  2
SOLID
 70
     1
 71
     0
 91
        1
 92
        7
 72
     1
 73
     1
 93
        2
 10
115.2782321564643
 20
-101.2192024384049
 42
1.0
 10
116.8782321564643
 20
-101.2192024384049
 42
1.0
 97
        1
330
0
 75
     0
 76
     1
 47
0.868144
 98
        1
 10
3.629517071192367
 20
33.92795499968543
1001
ACAD
1010
0.0
1020
0.0
1030
0.0
  0
LWPOLYLINE
  5
3082
330
1F
100
AcDbEntity
  8
BOTTOM-LAYER
100
AcDbPolyline
 90
        2
 70
     1
 43
0.0
 10
115.278232
 20
-101.219202
 42
1.0
 10
116.878232
 20
-101.219202
 42
1.0
  0
HATCH
  5
3111
330
1F
100
AcDbEntity
  8
BOTTOM-LAYER
100
AcDbHatch
 10
0.0
 20
0.0
 30
0.0
210
0.0
220
0.0
230
1.0
  2
SOLID
 70
     1
 71
     0
 91
        1
 92
        7
 72
     1
 73
     1
 93
        2
 10
11.06609093218187
 20
-103.251206502413
 42
1.0
 10
12.86609093218187
 20
-103.251206502413
 42
1.0
 97
        1
330
0
 75
     0
 76
     1
 47
0.868144
 98
        1
 10
3.629517071192367
 20
33.92795499968543
1001
ACAD
1010
0.0
1020
0.0
1030
0.0
  0
LWPOLYLINE
  5
3112
330
1F
100
AcDbEntity
  8
BOTTOM-LAYER
100
AcDbPolyline
 90
        2
 70
     1
 43
0.0
 10
11.066091
 20
-103.251207
 42
1.0
 10
12.866091
 20
-103.251207
 42
1.0
  0
HATCH
  5
3141
330
1F
100
AcDbEntity
  8
BOTTOM-LAYER
100
AcDbHatch
 10
0.0
 20
0.0
 30
0.0
210
0.0
220
0.0
230
1.0
  2
SOLID
 70
     1
 71
     0
 91
        1
 92
        7
 72
     1
 73
     1
 93
        2
 10
14.56596393192786
 20
-103.251206502413
 42
1.0
 10
16.36596393192787
 20
-103.251206502413
 42
1.0
 97
        1
330
0
 75
     0
 76
     1
 47
0.868144
 98
        1
 10
3.629517071192367
 20
33.92795499968543
1001
ACAD
1010
0.0
1020
0.0
1030
0.0
  0
LWPOLYLINE
  5
3142
330
1F
100
AcDbEntity
  8
BOTTOM-LAYER
100
AcDbPolyline
 90
        2
 70
     1
 43
0.0
 10
14.565964
 20
-103.251207
 42
1.0
 10
16.365964
 20
-103.251207
 42
1.0
  0
HATCH
  5
3231
330
1F
100
AcDbEntity
  8
BOTTOM-LAYER
100
AcDbHatch
 10
0.0
 20
0.0
 30
0.0
210
0.0
220
0.0
230
1.0
  2
SOLID
 70
     1
 71
     0
 91
        1
 92
        7
 72
     1
 73
     1
 93
        2
 10
10.22103124206249
 20
-83.43916687833376
 42
1.0
 10
12.22103124206249
 20
-83.43916687833376
 42
1.0
 97
        1
330
0
 75
     0
 76
     1
 47
0.868144
 98
        1
 10
3.629517071192367
 20
33.92795499968543
1001
ACAD
1010
0.0
1020
0.0
1030
0.0
  0
LWPOLYLINE
  5
3232
330
1F
100
AcDbEntity
  8
BOTTOM-LAYER
100
AcDbPolyline
 90
        4
 70
     0
 43
0.0
 10
10.221031
 20
-83.439167
 42
1.0
 10
12.221031
 20
-83.439167
 10
12.221031
 20
-83.439167
 42
1.0
 10
10.221031
 20
-83.439167
  0
HATCH
  5
3261
330
1F
100
AcDbEntity
  8
BOTTOM-LAYER
100
AcDbHatch
 10
0.0
 20
0.0
 30
0.0
210
0.0
220
0.0
230
1.0
  2
SOLID
 70
     1
 71
     0
 91
        1
 92
        7
 72
     1
 73
     1
 93
        2
 10
31.72115824231648
 20
-83.43916687833376
 42
1.0
 10
33.72115824231648
 20
-83.43916687833376
 42
1.0
 97
        1
330
0
 75
     0
 76
     1
 47
0.868144
 98
        1
 10
3.629517071192367
 20
33.92795499968543
1001
ACAD
1010
0.0
1020
0.0
1030
0.0
  0
LWPOLYLINE
  5
3262
330
1F
100
AcDbEntity
  8
BOTTOM-LAYER
100
AcDbPolyline
 90
        2
 70
     1
 43
0.0
 10
31.721158
 20
-83.439167
 42
1.0
 10
33.721158
 20
-83.439167
 42
1.0
  0
HATCH
  5
3291
330
1F
100
AcDbEntity
  8
BOTTOM-LAYER
100
AcDbHatch
 10
0.0
 20
0.0
 30
0.0
210
0.0
220
0.0
230
1.0
  2
SOLID
 70
     1
 71
     0
 91
        1
 92
        7
 72
     1
 73
     1
 93
        2
 10
152.9973075946152
 20
-59.81711963423928
 42
1.0
 10
154.5973075946152
 20
-59.81711963423928
 42
1.0
 97
        1
330
0
 75
     0
 76
     1
 47
0.868144
 98
        1
 10
3.629517071192367
 20
33.92795499968543
1001
ACAD
1010
0.0
1020
0.0
1030
0.0
  0
LWPOLYLINE
  5
3292
330
1F
100
AcDbEntity
  8
BOTTOM-LAYER
100
AcDbPolyline
 90
        4
 70
     0
 43
0.0
 10
152.997308
 20
-59.81712
 42
1.0
 10
154.597308
 20
-59.81712
 10
154.597308
 20
-59.81712
 42
1.0
 10
152.997308
 20
-59.81712
  0
HATCH
  5
3321
330
1F
100
AcDbEntity
  8
BOTTOM-LAYER
100
AcDbHatch
 10
0.0
 20
0.0
 30
0.0
210
0.0
220
0.0
230
1.0
  2
SOLID
 70
     1
 71
     0
 91
        1
 92
        7
 72
     1
 73
     1
 93
        2
 10
150.457302514605
 20
-59.81711963423928
 42
1.0
 10
152.0573025146051
 20
-59.81711963423928
 42
1.0
 97
        1
330
0
 75
     0
 76
     1
 47
0.868144
 98
        1
 10
3.629517071192367
 20
33.92795499968543
1001
ACAD
1010
0.0
1020
0.0
1030
0.0
  0
LWPOLYLINE
  5
3322
330
1F
100
AcDbEntity
  8
BOTTOM-LAYER
100
AcDbPolyline
 90
        4
 70
     0
 43
0.0
 10
150.457303
 20
-59.81712
 42
1.0
 10
152.057303
 20
-59.81712
 10
152.057303
 20
-59.81712
 42
1.0
 10
150.457303
 20
-59.81712
  0
HATCH
  5
3351
330
1F
100
AcDbEntity
  8
BOTTOM-LAYER
100
AcDbHatch
 10
0.0
 20
0.0
 30
0.0
210
0.0
220
0.0
230
1.0
  2
SOLID
 70
     1
 71
     0
 91
        1
 92
        7
 72
     0
 73
     1
 93
        4
 10
147.9298958597917
 20
-60.61711963423927
 10
147.9298958597917
 20
-59.01711963423928
 10
149.5046990093981
 20
-59.01711963423928
 10
149.5046990093981
 20
-60.61711963423927
 97
        1
330
3350
 75
     0
 76
     1
 47
0.412818
 98
        1
 10
34.90568961886538
 20
22.81183545379326
1001
ACAD
1010
0.0
1020
0.0
1030
0.0
  0
LWPOLYLINE
  5
3350
330
1F
100
AcDbEntity
  8
BOTTOM-LAYER
100
AcDbPolyline
 90
        4
 70
     1
 43
0.0
 10
147.929896
 20
-60.61712
 10
147.929896
 20
-59.01712
 10
149.504699
 20
-59.01712
 10
149.504699
 20
-60.61712
  0
HATCH
  5
3372
330
1F
100
AcDbEntity
  8
BOTTOM-LAYER
100
AcDbHatch
 10
0.0
 20
0.0
 30
0.0
210
0.0
220
0.0
230
1.0
  2
SOLID
 70
     1
 71
     0
 91
        1
 92
        7
 72
     1
 73
     1
 93
        2
 10
11.68315976631953
 20
-94.48818897637797
 42
1.0
 10
14.08315976631954
 20
-94.48818897637797
 42
1.0
 97
        1
330
0
 75
     0
 76
     1
 47
0.868144
 98
        1
 10
3.629517071192367
 20
33.92795499968543
1001
ACAD
1010
0.0
1020
0.0
1030
0.0
  0
LWPOLYLINE
  5
3373
330
1F
100
AcDbEntity
  8
BOTTOM-LAYER
100
AcDbPolyline
 90
        2
 70
     1
 43
0.0
 10
11.68316
 20
-94.488189
 42
1.0
 10
14.08316
 20
-94.488189
 42
1.0
  0
HATCH
  5
3402
330
1F
100
AcDbEntity
  8
BOTTOM-LAYER
100
AcDbHatch
 10
0.0
 20
0.0
 30
0.0
210
0.0
220
0.0
230
1.0
  2
SOLID
 70
     1
 71
     0
 91
        1
 92
        7
 72
     0
 73
     1
 93
        4
 10
21.08290576581153
 20
-93.38818897637798
 10
21.08290576581153
 20
-95.58818897637796
 10
18.68290576581153
 20
-95.58818897637796
 10
18.68290576581153
 20
-93.38818897637798
 97
        1
330
3401
 75
     0
 76
     1
 47
0.412818
 98
        1
 10
34.90568961886538
 20
22.81183545379326
1001
ACAD
1010
0.0
1020
0.0
1030
0.0
  0
LWPOLYLINE
  5
3401
330
1F
100
AcDbEntity
  8
BOTTOM-LAYER
100
AcDbPolyline
 90
        4
 70
     1
 43
0.0
 10
21.082906
 20
-93.388189
 10
21.082906
 20
-95.588189
 10
18.682906
 20
-95.588189
 10
18.682906
 20
-93.388189
  0
HATCH
  5
3423
330
1F
100
AcDbEntity
  8
BOTTOM-LAYER
100
AcDbHatch
 10
0.0
 20
0.0
 30
0.0
210
0.0
220
0.0
230
1.0
  2
SOLID
 70
     1
 71
     0
 91
        1
 92
        7
 72
     1
 73
     1
 93
        2
 10
15.18303276606553
 20
-94.48818897637797
 42
1.0
 10
17.58303276606553
 20
-94.48818897637797
 42
1.0
 97
        1
330
0
 75
     0
 76
     1
 47
0.868144
 98
        1
 10
3.629517071192367
 20
33.92795499968543
1001
ACAD
1010
0.0
1020
0.0
1030
0.0
  0
LWPOLYLINE
  5
3424
330
1F
100
AcDbEntity
  8
BOTTOM-LAYER
100
AcDbPolyline
 90
        2
 70
     1
 43
0.0
 10
15.183033
 20
-94.488189
 42
1.0
 10
17.583033
 20
-94.488189
 42
1.0
  0
HATCH
  5
3477
330
1F
100
AcDbEntity
  8
BOTTOM-LAYER
100
AcDbHatch
 10
0.0
 20
0.0
 30
0.0
210
0.0
220
0.0
230
1.0
  2
SOLID
 70
     1
 71
     0
 91
        1
 92
        7
 72
     1
 73
     1
 93
        2
 10
16.78803403606807
 20
-66.29413258826519
 42
1.0
 10
19.78803911607823
 20
-66.29413258826519
 42
1.0
 97
        1
330
0
 75
     0
 76
     1
 47
0.868144
 98
        1
 10
3.629517071192367
 20
33.92795499968543
1001
ACAD
1010
0.0
1020
0.0
1030
0.0
  0
LWPOLYLINE
  5
3478
330
1F
100
AcDbEntity
  8
BOTTOM-LAYER
100
AcDbPolyline
 90
        2
 70
     1
 43
0.0
 10
16.788034
 20
-66.294133
 42
1.0
 10
19.788039
 20
-66.294133
 42
1.0
  0
HATCH
  5
3507
330
1F
100
AcDbEntity
  8
BOTTOM-LAYER
100
AcDbHatch
 10
0.0
 20
0.0
 30
0.0
210
0.0
220
0.0
230
1.0
  2
SOLID
 70
     1
 71
     0
 91
        1
 92
        7
 72
     1
 73
     1
 93
        2
 10
29.48805943611887
 20
-66.29413258826519
 42
1.0
 10
32.48806451612904
 20
-66.29413258826519
 42
1.0
 97
        1
330
0
 75
     0
 76
     1
 47
0.868144
 98
        1
 10
3.629517071192367
 20
33.92795499968543
1001
ACAD
1010
0.0
1020
0.0
1030
0.0
  0
LWPOLYLINE
  5
3508
330
1F
100
AcDbEntity
  8
BOTTOM-LAYER
100
AcDbPolyline
 90
        2
 70
     1
 43
0.0
 10
29.488059
 20
-66.294133
 42
1.0
 10
32.488065
 20
-66.294133
 42
1.0
  0
HATCH
  5
3537
330
1F
100
AcDbEntity
  8
BOTTOM-LAYER
100
AcDbHatch
 10
0.0
 20
0.0
 30
0.0
210
0.0
220
0.0
230
1.0
  2
SOLID
 70
     1
 71
     0
 91
        1
 92
        7
 72
     1
 73
     1
 93
        2
 10
37.10807467614936
 20
-66.29413258826519
 42
1.0
 10
40.10807975615951
 20
-66.29413258826519
 42
1.0
 97
        1
330
0
 75
     0
 76
     1
 47
0.868144
 98
        1
 10
3.629517071192367
 20
33.92795499968543
1001
ACAD
1010
0.0
1020
0.0
1030
0.0
  0
LWPOLYLINE
  5
3538
330
1F
100
AcDbEntity
  8
BOTTOM-LAYER
100
AcDbPolyline
 90
        4
 70
     0
 43
0.0
 10
37.108075
 20
-66.294133
 42
1.0
 10
40.10808
 20
-66.294133
 10
40.10808
 20
-66.294133
 42
1.0
 10
37.108075
 20
-66.294133
  0
HATCH
  5
3567
330
1F
100
AcDbEntity
  8
BOTTOM-LAYER
100
AcDbHatch
 10
0.0
 20
0.0
 30
0.0
210
0.0
220
0.0
230
1.0
  2
SOLID
 70
     1
 71
     0
 91
        1
 92
        7
 72
     1
 73
     1
 93
        2
 10
37.10807467614936
 20
-35.81407162814326
 42
1.0
 10
40.10807975615951
 20
-35.81407162814326
 42
1.0
 97
        1
330
0
 75
     0
 76
     1
 47
0.868144
 98
        1
 10
3.629517071192367
 20
33.92795499968543
1001
ACAD
1010
0.0
1020
0.0
1030
0.0
  0
LWPOLYLINE
  5
3568
330
1F
100
AcDbEntity
  8
BOTTOM-LAYER
100
AcDbPolyline
 90
        4
 70
     0
 43
0.0
 10
37.108075
 20
-35.814072
 42
1.0
 10
40.10808
 20
-35.814072
 10
40.10808
 20
-35.814072
 42
1.0
 10
37.108075
 20
-35.814072
  0
HATCH
  5
3597
330
1F
100
AcDbEntity
  8
BOTTOM-LAYER
100
AcDbHatch
 10
0.0
 20
0.0
 30
0.0
210
0.0
220
0.0
230
1.0
  2
SOLID
 70
     1
 71
     0
 91
        1
 92
        7
 72
     1
 73
     1
 93
        2
 10
29.78155956311913
 20
-35.81407162814326
 42
1.0
 10
32.19456438912878
 20
-35.81407162814326
 42
1.0
 97
        1
330
0
 75
     0
 76
     1
 47
0.868144
 98
        1
 10
3.629517071192367
 20
33.92795499968543
1001
ACAD
1010
0.0
1020
0.0
1030
0.0
  0
LWPOLYLINE
  5
3598
330
1F
100
AcDbEntity
  8
BOTTOM-LAYER
100
AcDbPolyline
 90
        2
 70
     1
 43
0.0
 10
29.78156
 20
-35.814072
 42
1.0
 10
32.194564
 20
-35.814072
 42
1.0
  0
HATCH
  5
3627
330
1F
100
AcDbEntity
  8
BOTTOM-LAYER
100
AcDbHatch
 10
0.0
 20
0.0
 30
0.0
210
0.0
220
0.0
230
1.0
  2
SOLID
 70
     1
 71
     0
 91
        1
 92
        7
 72
     1
 73
     1
 93
        2
 10
16.78803403606807
 20
-35.81407162814326
 42
1.0
 10
19.78803911607823
 20
-35.81407162814326
 42
1.0
 97
        1
330
0
 75
     0
 76
     1
 47
0.868144
 98
        1
 10
3.629517071192367
 20
33.92795499968543
1001
ACAD
1010
0.0
1020
0.0
1030
0.0
  0
LWPOLYLINE
  5
3628
330
1F
100
AcDbEntity
  8
BOTTOM-LAYER
100
AcDbPolyline
 90
        2
 70
     1
 43
0.0
 10
16.788034
 20
-35.814072
 42
1.0
 10
19.788039
 20
-35.814072
 42
1.0
  0
HATCH
  5
3657
330
1F
100
AcDbEntity
  8
BOTTOM-LAYER
100
AcDbHatch
 10
0.0
 20
0.0
 30
0.0
210
0.0
220
0.0
230
1.0
  2
SOLID
 70
     1
 71
     0
 91
        1
 92
        7
 72
     1
 73
     1
 93
        2
 10
27.29805435610872
 20
-35.81407162814326
 42
1.0
 10
29.59805943611888
 20
-35.81407162814326
 42
1.0
 97
        1
330
0
 75
     0
 76
     1
 47
0.868144
 98
        1
 10
3.629517071192367
 20
33.92795499968543
1001
ACAD
1010
0.0
1020
0.0
1030
0.0
  0
LWPOLYLINE
  5
3658
330
1F
100
AcDbEntity
  8
BOTTOM-LAYER
100
AcDbPolyline
 90
        4
 70
     0
 43
0.0
 10
27.298054
 20
-35.814072
 42
1.0
 10
29.598059
 20
-35.814072
 10
29.598059
 20
-35.814072
 42
1.0
 10
27.298054
 20
-35.814072
  0
HATCH
  5
2476
330
1F
100
AcDbEntity
  8
BOTTOM-SOLDER-MASK-LAYER
100
AcDbHatch
 10
0.0
 20
0.0
 30
0.0
210
0.0
220
0.0
230
1.0
  2
SOLID
 70
     1
 71
     0
 91
        1
 92
        7
 72
     1
 73
     1
 93
        2
 10
169.7882270764542
 20
-47.68498856997715
 42
1.0
 10
171.588252476505
 20
-47.68498856997715
 42
1.0
 97
        1
330
0
 75
     0
 76
     1
 47
0.868144
 98
        1
 10
3.629517071192367
 20
33.92795499968543
1001
ACAD
1010
0.0
1020
0.0
1030
0.0
  0
LWPOLYLINE
  5
2477
330
1F
100
AcDbEntity
  8
BOTTOM-SOLDER-MASK-LAYER
100
AcDbPolyline
 90
        2
 70
     1
 43
0.0
 10
169.788227
 20
-47.684989
 42
1.0
 10
171.588252
 20
-47.684989
 42
1.0
  0
HATCH
  5
2506
330
1F
100
AcDbEntity
  8
BOTTOM-SOLDER-MASK-LAYER
100
AcDbHatch
 10
0.0
 20
0.0
 30
0.0
210
0.0
220
0.0
230
1.0
  2
SOLID
 70
     1
 71
     0
 91
        1
 92
        7
 72
     1
 73
     1
 93
        2
 10
169.7882270764542
 20
-50.18511557023115
 42
1.0
 10
171.588252476505
 20
-50.18511557023115
 42
1.0
 97
        1
330
0
 75
     0
 76
     1
 47
0.868144
 98
        1
 10
3.629517071192367
 20
33.92795499968543
1001
ACAD
1010
0.0
1020
0.0
1030
0.0
  0
LWPOLYLINE
  5
2507
330
1F
100
AcDbEntity
  8
BOTTOM-SOLDER-MASK-LAYER
100
AcDbPolyline
 90
        2
 70
     1
 43
0.0
 10
169.788227
 20
-50.185116
 42
1.0
 10
171.588252
 20
-50.185116
 42
1.0
  0
HATCH
  5
2536
330
1F
100
AcDbEntity
  8
BOTTOM-SOLDER-MASK-LAYER
100
AcDbHatch
 10
0.0
 20
0.0
 30
0.0
210
0.0
220
0.0
230
1.0
  2
SOLID
 70
     1
 71
     0
 91
        1
 92
        7
 72
     1
 73
     1
 93
        2
 10
169.7882270764542
 20
-52.68498856997714
 42
1.0
 10
171.588252476505
 20
-52.68498856997714
 42
1.0
 97
        1
330
0
 75
     0
 76
     1
 47
0.868144
 98
        1
 10
3.629517071192367
 20
33.92795499968543
1001
ACAD
1010
0.0
1020
0.0
1030
0.0
  0
LWPOLYLINE
  5
2537
330
1F
100
AcDbEntity
  8
BOTTOM-SOLDER-MASK-LAYER
100
AcDbPolyline
 90
        2
 70
     1
 43
0.0
 10
169.788227
 20
-52.684989
 42
1.0
 10
171.588252
 20
-52.684989
 42
1.0
  0
HATCH
  5
2566
330
1F
100
AcDbEntity
  8
BOTTOM-SOLDER-MASK-LAYER
100
AcDbHatch
 10
0.0
 20
0.0
 30
0.0
210
0.0
220
0.0
230
1.0
  2
SOLID
 70
     1
 71
     0
 91
        1
 92
        7
 72
     1
 73
     1
 93
        2
 10
169.7882270764542
 20
-55.18511557023115
 42
1.0
 10
171.588252476505
 20
-55.18511557023115
 42
1.0
 97
        1
330
0
 75
     0
 76
     1
 47
0.868144
 98
        1
 10
3.629517071192367
 20
33.92795499968543
1001
ACAD
1010
0.0
1020
0.0
1030
0.0
  0
LWPOLYLINE
  5
2567
330
1F
100
AcDbEntity
  8
BOTTOM-SOLDER-MASK-LAYER
100
AcDbPolyline
 90
        2
 70
     1
 43
0.0
 10
169.788227
 20
-55.185116
 42
1.0
 10
171.588252
 20
-55.185116
 42
1.0
  0
HATCH
  5
2589
330
1F
100
AcDbEntity
  8
BOTTOM-SOLDER-MASK-LAYER
100
AcDbHatch
 10
0.0
 20
0.0
 30
0.0
210
0.0
220
0.0
230
1.0
  2
SOLID
 70
     1
 71
     0
 91
        1
 92
        7
 72
     0
 73
     1
 93
        4
 10
172.8973456946914
 20
-70.24113538227078
 10
171.2733426466853
 20
-70.24113538227078
 10
171.2733426466853
 20
-68.61713233426465
 10
172.8973456946914
 20
-68.61713233426465
 97
        1
330
2588
 75
     0
 76
     1
 47
0.412818
 98
        1
 10
34.90568961886538
 20
22.81183545379326
1001
ACAD
1010
0.0
1020
0.0
1030
0.0
  0
LWPOLYLINE
  5
2588
330
1F
100
AcDbEntity
  8
BOTTOM-SOLDER-MASK-LAYER
100
AcDbPolyline
 90
        4
 70
     1
 43
0.0
 10
172.897346
 20
-70.241135
 10
171.273343
 20
-70.241135
 10
171.273343
 20
-68.617132
 10
172.897346
 20
-68.617132
  0
HATCH
  5
2617
330
1F
100
AcDbEntity
  8
BOTTOM-SOLDER-MASK-LAYER
100
AcDbHatch
 10
0.0
 20
0.0
 30
0.0
210
0.0
220
0.0
230
1.0
  2
SOLID
 70
     1
 71
     0
 91
        1
 92
        7
 72
     1
 73
     1
 93
        2
 10
171.2733426466853
 20
-66.92900685801372
 42
1.0
 10
172.8973456946914
 20
-66.92900685801372
 42
1.0
 97
        1
330
0
 75
     0
 76
     1
 47
0.868144
 98
        1
 10
3.629517071192367
 20
33.92795499968543
1001
ACAD
1010
0.0
1020
0.0
1030
0.0
  0
LWPOLYLINE
  5
2618
330
1F
100
AcDbEntity
  8
BOTTOM-SOLDER-MASK-LAYER
100
AcDbPolyline
 90
        2
 70
     1
 43
0.0
 10
171.273343
 20
-66.929007
 42
1.0
 10
172.897346
 20
-66.929007
 42
1.0
  0
HATCH
  5
2647
330
1F
100
AcDbEntity
  8
BOTTOM-SOLDER-MASK-LAYER
100
AcDbHatch
 10
0.0
 20
0.0
 30
0.0
210
0.0
220
0.0
230
1.0
  2
SOLID
 70
     1
 71
     0
 91
        1
 92
        7
 72
     1
 73
     1
 93
        2
 10
171.2733426466853
 20
-64.42913385826773
 42
1.0
 10
172.8973456946914
 20
-64.42913385826773
 42
1.0
 97
        1
330
0
 75
     0
 76
     1
 47
0.868144
 98
        1
 10
3.629517071192367
 20
33.92795499968543
1001
ACAD
1010
0.0
1020
0.0
1030
0.0
  0
LWPOLYLINE
  5
2648
330
1F
100
AcDbEntity
  8
BOTTOM-SOLDER-MASK-LAYER
100
AcDbPolyline
 90
        2
 70
     1
 43
0.0
 10
171.273343
 20
-64.429134
 42
1.0
 10
172.897346
 20
-64.429134
 42
1.0
  0
HATCH
  5
2774
330
1F
100
AcDbEntity
  8
BOTTOM-SOLDER-MASK-LAYER
100
AcDbHatch
 10
0.0
 20
0.0
 30
0.0
210
0.0
220
0.0
230
1.0
  2
SOLID
 70
     1
 71
     0
 91
        1
 92
        7
 72
     0
 73
     1
 93
        4
 10
137.2482727965456
 20
-100.3692024384049
 10
137.2482727965456
 20
-102.0692024384049
 10
135.5482727965456
 20
-102.0692024384049
 10
135.5482727965456
 20
-100.3692024384049
 97
        1
330
2773
 75
     0
 76
     1
 47
0.412818
 98
        1
 10
34.90568961886538
 20
22.81183545379326
1001
ACAD
1010
0.0
1020
0.0
1030
0.0
  0
LWPOLYLINE
  5
2773
330
1F
100
AcDbEntity
  8
BOTTOM-SOLDER-MASK-LAYER
100
AcDbPolyline
 90
        4
 70
     1
 43
0.0
 10
137.248273
 20
-100.369202
 10
137.248273
 20
-102.069202
 10
135.548273
 20
-102.069202
 10
135.548273
 20
-100.369202
  0
HATCH
  5
2802
330
1F
100
AcDbEntity
  8
BOTTOM-SOLDER-MASK-LAYER
100
AcDbHatch
 10
0.0
 20
0.0
 30
0.0
210
0.0
220
0.0
230
1.0
  2
SOLID
 70
     1
 71
     0
 91
        1
 92
        7
 72
     1
 73
     1
 93
        2
 10
135.5482727965456
 20
-98.67919735839473
 42
1.0
 10
137.2482727965456
 20
-98.67919735839473
 42
1.0
 97
        1
330
0
 75
     0
 76
     1
 47
0.868144
 98
        1
 10
3.629517071192367
 20
33.92795499968543
1001
ACAD
1010
0.0
1020
0.0
1030
0.0
  0
LWPOLYLINE
  5
2803
330
1F
100
AcDbEntity
  8
BOTTOM-SOLDER-MASK-LAYER
100
AcDbPolyline
 90
        2
 70
     1
 43
0.0
 10
135.548273
 20
-98.679197
 42
1.0
 10
137.248273
 20
-98.679197
 42
1.0
  0
HATCH
  5
2832
330
1F
100
AcDbEntity
  8
BOTTOM-SOLDER-MASK-LAYER
100
AcDbHatch
 10
0.0
 20
0.0
 30
0.0
210
0.0
220
0.0
230
1.0
  2
SOLID
 70
     1
 71
     0
 91
        1
 92
        7
 72
     1
 73
     1
 93
        2
 10
135.5482727965456
 20
-96.13919227838457
 42
1.0
 10
137.2482727965456
 20
-96.13919227838457
 42
1.0
 97
        1
330
0
 75
     0
 76
     1
 47
0.868144
 98
        1
 10
3.629517071192367
 20
33.92795499968543
1001
ACAD
1010
0.0
1020
0.0
1030
0.0
  0
LWPOLYLINE
  5
2833
330
1F
100
AcDbEntity
  8
BOTTOM-SOLDER-MASK-LAYER
100
AcDbPolyline
 90
        2
 70
     1
 43
0.0
 10
135.548273
 20
-96.139192
 42
1.0
 10
137.248273
 20
-96.139192
 42
1.0
  0
HATCH
  5
2862
330
1F
100
AcDbEntity
  8
BOTTOM-SOLDER-MASK-LAYER
100
AcDbHatch
 10
0.0
 20
0.0
 30
0.0
210
0.0
220
0.0
230
1.0
  2
SOLID
 70
     1
 71
     0
 91
        1
 92
        7
 72
     1
 73
     1
 93
        2
 10
135.5482727965456
 20
-93.59918719837441
 42
1.0
 10
137.2482727965456
 20
-93.59918719837441
 42
1.0
 97
        1
330
0
 75
     0
 76
     1
 47
0.868144
 98
        1
 10
3.629517071192367
 20
33.92795499968543
1001
ACAD
1010
0.0
1020
0.0
1030
0.0
  0
LWPOLYLINE
  5
2863
330
1F
100
AcDbEntity
  8
BOTTOM-SOLDER-MASK-LAYER
100
AcDbPolyline
 90
        2
 70
     1
 43
0.0
 10
135.548273
 20
-93.599187
 42
1.0
 10
137.248273
 20
-93.599187
 42
1.0
  0
HATCH
  5
2892
330
1F
100
AcDbEntity
  8
BOTTOM-SOLDER-MASK-LAYER
100
AcDbHatch
 10
0.0
 20
0.0
 30
0.0
210
0.0
220
0.0
230
1.0
  2
SOLID
 70
     1
 71
     0
 91
        1
 92
        7
 72
     1
 73
     1
 93
        2
 10
135.5482727965456
 20
-91.05918211836425
 42
1.0
 10
137.2482727965456
 20
-91.05918211836425
 42
1.0
 97
        1
330
0
 75
     0
 76
     1
 47
0.868144
 98
        1
 10
3.629517071192367
 20
33.92795499968543
1001
ACAD
1010
0.0
1020
0.0
1030
0.0
  0
LWPOLYLINE
  5
2893
330
1F
100
AcDbEntity
  8
BOTTOM-SOLDER-MASK-LAYER
100
AcDbPolyline
 90
        2
 70
     1
 43
0.0
 10
135.548273
 20
-91.059182
 42
1.0
 10
137.248273
 20
-91.059182
 42
1.0
  0
HATCH
  5
2922
330
1F
100
AcDbEntity
  8
BOTTOM-SOLDER-MASK-LAYER
100
AcDbHatch
 10
0.0
 20
0.0
 30
0.0
210
0.0
220
0.0
230
1.0
  2
SOLID
 70
     1
 71
     0
 91
        1
 92
        7
 72
     1
 73
     1
 93
        2
 10
135.5482727965456
 20
-88.51917703835409
 42
1.0
 10
137.2482727965456
 20
-88.51917703835409
 42
1.0
 97
        1
330
0
 75
     0
 76
     1
 47
0.868144
 98
        1
 10
3.629517071192367
 20
33.92795499968543
1001
ACAD
1010
0.0
1020
0.0
1030
0.0
  0
LWPOLYLINE
  5
2923
330
1F
100
AcDbEntity
  8
BOTTOM-SOLDER-MASK-LAYER
100
AcDbPolyline
 90
        2
 70
     1
 43
0.0
 10
135.548273
 20
-88.519177
 42
1.0
 10
137.248273
 20
-88.519177
 42
1.0
  0
HATCH
  5
2952
330
1F
100
AcDbEntity
  8
BOTTOM-SOLDER-MASK-LAYER
100
AcDbHatch
 10
0.0
 20
0.0
 30
0.0
210
0.0
220
0.0
230
1.0
  2
SOLID
 70
     1
 71
     0
 91
        1
 92
        7
 72
     1
 73
     1
 93
        2
 10
115.2282321564643
 20
-88.51917703835409
 42
1.0
 10
116.9282321564643
 20
-88.51917703835409
 42
1.0
 97
        1
330
0
 75
     0
 76
     1
 47
0.868144
 98
        1
 10
3.629517071192367
 20
33.92795499968543
1001
ACAD
1010
0.0
1020
0.0
1030
0.0
  0
LWPOLYLINE
  5
2953
330
1F
100
AcDbEntity
  8
BOTTOM-SOLDER-MASK-LAYER
100
AcDbPolyline
 90
        2
 70
     1
 43
0.0
 10
115.228232
 20
-88.519177
 42
1.0
 10
116.928232
 20
-88.519177
 42
1.0
  0
HATCH
  5
2982
330
1F
100
AcDbEntity
  8
BOTTOM-SOLDER-MASK-LAYER
100
AcDbHatch
 10
0.0
 20
0.0
 30
0.0
210
0.0
220
0.0
230
1.0
  2
SOLID
 70
     1
 71
     0
 91
        1
 92
        7
 72
     1
 73
     1
 93
        2
 10
115.2282321564643
 20
-91.05918211836425
 42
1.0
 10
116.9282321564643
 20
-91.05918211836425
 42
1.0
 97
        1
330
0
 75
     0
 76
     1
 47
0.868144
 98
        1
 10
3.629517071192367
 20
33.92795499968543
1001
ACAD
1010
0.0
1020
0.0
1030
0.0
  0
LWPOLYLINE
  5
2983
330
1F
100
AcDbEntity
  8
BOTTOM-SOLDER-MASK-LAYER
100
AcDbPolyline
 90
        2
 70
     1
 43
0.0
 10
115.228232
 20
-91.059182
 42
1.0
 10
116.928232
 20
-91.059182
 42
1.0
  0
HATCH
  5
3012
330
1F
100
AcDbEntity
  8
BOTTOM-SOLDER-MASK-LAYER
100
AcDbHatch
 10
0.0
 20
0.0
 30
0.0
210
0.0
220
0.0
230
1.0
  2
SOLID
 70
     1
 71
     0
 91
        1
 92
        7
 72
     1
 73
     1
 93
        2
 10
115.2282321564643
 20
-93.59918719837441
 42
1.0
 10
116.9282321564643
 20
-93.59918719837441
 42
1.0
 97
        1
330
0
 75
     0
 76
     1
 47
0.868144
 98
        1
 10
3.629517071192367
 20
33.92795499968543
1001
ACAD
1010
0.0
1020
0.0
1030
0.0
  0
LWPOLYLINE
  5
3013
330
1F
100
AcDbEntity
  8
BOTTOM-SOLDER-MASK-LAYER
100
AcDbPolyline
 90
        2
 70
     1
 43
0.0
 10
115.228232
 20
-93.599187
 42
1.0
 10
116.928232
 20
-93.599187
 42
1.0
  0
HATCH
  5
3042
330
1F
100
AcDbEntity
  8
BOTTOM-SOLDER-MASK-LAYER
100
AcDbHatch
 10
0.0
 20
0.0
 30
0.0
210
0.0
220
0.0
230
1.0
  2
SOLID
 70
     1
 71
     0
 91
        1
 92
        7
 72
     1
 73
     1
 93
        2
 10
115.2282321564643
 20
-96.13919227838457
 42
1.0
 10
116.9282321564643
 20
-96.13919227838457
 42
1.0
 97
        1
330
0
 75
     0
 76
     1
 47
0.868144
 98
        1
 10
3.629517071192367
 20
33.92795499968543
1001
ACAD
1010
0.0
1020
0.0
1030
0.0
  0
LWPOLYLINE
  5
3043
330
1F
100
AcDbEntity
  8
BOTTOM-SOLDER-MASK-LAYER
100
AcDbPolyline
 90
        2
 70
     1
 43
0.0
 10
115.228232
 20
-96.139192
 42
1.0
 10
116.928232
 20
-96.139192
 42
1.0
  0
HATCH
  5
3072
330
1F
100
AcDbEntity
  8
BOTTOM-SOLDER-MASK-LAYER
100
AcDbHatch
 10
0.0
 20
0.0
 30
0.0
210
0.0
220
0.0
230
1.0
  2
SOLID
 70
     1
 71
     0
 91
        1
 92
        7
 72
     1
 73
     1
 93
        2
 10
115.2282321564643
 20
-98.67919735839473
 42
1.0
 10
116.9282321564643
 20
-98.67919735839473
 42
1.0
 97
        1
330
0
 75
     0
 76
     1
 47
0.868144
 98
        1
 10
3.629517071192367
 20
33.92795499968543
1001
ACAD
1010
0.0
1020
0.0
1030
0.0
  0
LWPOLYLINE
  5
3073
330
1F
100
AcDbEntity
  8
BOTTOM-SOLDER-MASK-LAYER
100
AcDbPolyline
 90
        2
 70
     1
 43
0.0
 10
115.228232
 20
-98.679197
 42
1.0
 10
116.928232
 20
-98.679197
 42
1.0
  0
HATCH
  5
3102
330
1F
100
AcDbEntity
  8
BOTTOM-SOLDER-MASK-LAYER
100
AcDbHatch
 10
0.0
 20
0.0
 30
0.0
210
0.0
220
0.0
230
1.0
  2
SOLID
 70
     1
 71
     0
 91
        1
 92
        7
 72
     1
 73
     1
 93
        2
 10
115.2282321564643
 20
-101.2192024384049
 42
1.0
 10
116.9282321564643
 20
-101.2192024384049
 42
1.0
 97
        1
330
0
 75
     0
 76
     1
 47
0.868144
 98
        1
 10
3.629517071192367
 20
33.92795499968543
1001
ACAD
1010
0.0
1020
0.0
1030
0.0
  0
LWPOLYLINE
  5
3103
330
1F
100
AcDbEntity
  8
BOTTOM-SOLDER-MASK-LAYER
100
AcDbPolyline
 90
        2
 70
     1
 43
0.0
 10
115.228232
 20
-101.219202
 42
1.0
 10
116.928232
 20
-101.219202
 42
1.0
  0
HATCH
  5
3132
330
1F
100
AcDbEntity
  8
BOTTOM-SOLDER-MASK-LAYER
100
AcDbHatch
 10
0.0
 20
0.0
 30
0.0
210
0.0
220
0.0
230
1.0
  2
SOLID
 70
     1
 71
     0
 91
        1
 92
        7
 72
     1
 73
     1
 93
        2
 10
11.01529083058166
 20
-103.251206502413
 42
1.0
 10
12.91689103378207
 20
-103.251206502413
 42
1.0
 97
        1
330
0
 75
     0
 76
     1
 47
0.868144
 98
        1
 10
3.629517071192367
 20
33.92795499968543
1001
ACAD
1010
0.0
1020
0.0
1030
0.0
  0
LWPOLYLINE
  5
3133
330
1F
100
AcDbEntity
  8
BOTTOM-SOLDER-MASK-LAYER
100
AcDbPolyline
 90
        4
 70
     0
 43
0.0
 10
11.015291
 20
-103.251207
 42
1.0
 10
12.916891
 20
-103.251207
 10
12.916891
 20
-103.251207
 42
1.0
 10
11.015291
 20
-103.251207
  0
HATCH
  5
3162
330
1F
100
AcDbEntity
  8
BOTTOM-SOLDER-MASK-LAYER
100
AcDbHatch
 10
0.0
 20
0.0
 30
0.0
210
0.0
220
0.0
230
1.0
  2
SOLID
 70
     1
 71
     0
 91
        1
 92
        7
 72
     1
 73
     1
 93
        2
 10
14.51516383032766
 20
-103.251206502413
 42
1.0
 10
16.41676403352807
 20
-103.251206502413
 42
1.0
 97
        1
330
0
 75
     0
 76
     1
 47
0.868144
 98
        1
 10
3.629517071192367
 20
33.92795499968543
1001
ACAD
1010
0.0
1020
0.0
1030
0.0
  0
LWPOLYLINE
  5
3163
330
1F
100
AcDbEntity
  8
BOTTOM-SOLDER-MASK-LAYER
100
AcDbPolyline
 90
        2
 70
     1
 43
0.0
 10
14.515164
 20
-103.251207
 42
1.0
 10
16.416764
 20
-103.251207
 42
1.0
  0
HATCH
  5
3252
330
1F
100
AcDbEntity
  8
BOTTOM-SOLDER-MASK-LAYER
100
AcDbHatch
 10
0.0
 20
0.0
 30
0.0
210
0.0
220
0.0
230
1.0
  2
SOLID
 70
     1
 71
     0
 91
        1
 92
        7
 72
     1
 73
     1
 93
        2
 10
10.17103124206248
 20
-83.43916687833376
 42
1.0
 10
12.27103124206249
 20
-83.43916687833376
 42
1.0
 97
        1
330
0
 75
     0
 76
     1
 47
0.868144
 98
        1
 10
3.629517071192367
 20
33.92795499968543
1001
ACAD
1010
0.0
1020
0.0
1030
0.0
  0
LWPOLYLINE
  5
3253
330
1F
100
AcDbEntity
  8
BOTTOM-SOLDER-MASK-LAYER
100
AcDbPolyline
 90
        2
 70
     1
 43
0.0
 10
10.171031
 20
-83.439167
 42
1.0
 10
12.271031
 20
-83.439167
 42
1.0
  0
HATCH
  5
3282
330
1F
100
AcDbEntity
  8
BOTTOM-SOLDER-MASK-LAYER
100
AcDbHatch
 10
0.0
 20
0.0
 30
0.0
210
0.0
220
0.0
230
1.0
  2
SOLID
 70
     1
 71
     0
 91
        1
 92
        7
 72
     1
 73
     1
 93
        2
 10
31.67115824231648
 20
-83.43916687833376
 42
1.0
 10
33.77115824231648
 20
-83.43916687833376
 42
1.0
 97
        1
330
0
 75
     0
 76
     1
 47
0.868144
 98
        1
 10
3.629517071192367
 20
33.92795499968543
1001
ACAD
1010
0.0
1020
0.0
1030
0.0
  0
LWPOLYLINE
  5
3283
330
1F
100
AcDbEntity
  8
BOTTOM-SOLDER-MASK-LAYER
100
AcDbPolyline
 90
        4
 70
     0
 43
0.0
 10
31.671158
 20
-83.439167
 42
1.0
 10
33.771158
 20
-83.439167
 10
33.771158
 20
-83.439167
 42
1.0
 10
31.671158
 20
-83.439167
  0
HATCH
  5
3312
330
1F
100
AcDbEntity
  8
BOTTOM-SOLDER-MASK-LAYER
100
AcDbHatch
 10
0.0
 20
0.0
 30
0.0
210
0.0
220
0.0
230
1.0
  2
SOLID
 70
     1
 71
     0
 91
        1
 92
        7
 72
     1
 73
     1
 93
        2
 10
152.946507493015
 20
-59.81711963423928
 42
1.0
 10
154.6481076962154
 20
-59.81711963423928
 42
1.0
 97
        1
330
0
 75
     0
 76
     1
 47
0.868144
 98
        1
 10
3.629517071192367
 20
33.92795499968543
1001
ACAD
1010
0.0
1020
0.0
1030
0.0
  0
LWPOLYLINE
  5
3313
330
1F
100
AcDbEntity
  8
BOTTOM-SOLDER-MASK-LAYER
100
AcDbPolyline
 90
        2
 70
     1
 43
0.0
 10
152.946507
 20
-59.81712
 42
1.0
 10
154.648108
 20
-59.81712
 42
1.0
  0
HATCH
  5
3342
330
1F
100
AcDbEntity
  8
BOTTOM-SOLDER-MASK-LAYER
100
AcDbHatch
 10
0.0
 20
0.0
 30
0.0
210
0.0
220
0.0
230
1.0
  2
SOLID
 70
     1
 71
     0
 91
        1
 92
        7
 72
     1
 73
     1
 93
        2
 10
150.4065024130048
 20
-59.81711963423928
 42
1.0
 10
152.1081026162053
 20
-59.81711963423928
 42
1.0
 97
        1
330
0
 75
     0
 76
     1
 47
0.868144
 98
        1
 10
3.629517071192367
 20
33.92795499968543
1001
ACAD
1010
0.0
1020
0.0
1030
0.0
  0
LWPOLYLINE
  5
3343
330
1F
100
AcDbEntity
  8
BOTTOM-SOLDER-MASK-LAYER
100
AcDbPolyline
 90
        2
 70
     1
 43
0.0
 10
150.406502
 20
-59.81712
 42
1.0
 10
152.108103
 20
-59.81712
 42
1.0
  0
HATCH
  5
3365
330
1F
100
AcDbEntity
  8
BOTTOM-SOLDER-MASK-LAYER
100
AcDbHatch
 10
0.0
 20
0.0
 30
0.0
210
0.0
220
0.0
230
1.0
  2
SOLID
 70
     1
 71
     0
 91
        1
 92
        7
 72
     0
 73
     1
 93
        4
 10
147.8790957581915
 20
-60.66791973583948
 10
147.8790957581915
 20
-58.96631953263907
 10
149.5554991109982
 20
-58.96631953263907
 10
149.5554991109982
 20
-60.66791973583948
 97
        1
330
3364
 75
     0
 76
     1
 47
0.412818
 98
        1
 10
34.90568961886538
 20
22.81183545379326
1001
ACAD
1010
0.0
1020
0.0
1030
0.0
  0
LWPOLYLINE
  5
3364
330
1F
100
AcDbEntity
  8
BOTTOM-SOLDER-MASK-LAYER
100
AcDbPolyline
 90
        4
 70
     1
 43
0.0
 10
147.879096
 20
-60.66792
 10
147.879096
 20
-58.96632
 10
149.555499
 20
-58.96632
 10
149.555499
 20
-60.66792
  0
HATCH
  5
3393
330
1F
100
AcDbEntity
  8
BOTTOM-SOLDER-MASK-LAYER
100
AcDbHatch
 10
0.0
 20
0.0
 30
0.0
210
0.0
220
0.0
230
1.0
  2
SOLID
 70
     1
 71
     0
 91
        1
 92
        7
 72
     1
 73
     1
 93
        2
 10
11.63235966471933
 20
-94.48818897637797
 42
1.0
 10
14.13395986791974
 20
-94.48818897637797
 42
1.0
 97
        1
330
0
 75
     0
 76
     1
 47
0.868144
 98
        1
 10
3.629517071192367
 20
33.92795499968543
1001
ACAD
1010
0.0
1020
0.0
1030
0.0
  0
LWPOLYLINE
  5
3394
330
1F
100
AcDbEntity
  8
BOTTOM-SOLDER-MASK-LAYER
100
AcDbPolyline
 90
        4
 70
     0
 43
0.0
 10
11.63236
 20
-94.488189
 42
1.0
 10
14.13396
 20
-94.488189
 10
14.13396
 20
-94.488189
 42
1.0
 10
11.63236
 20
-94.488189
  0
HATCH
  5
3416
330
1F
100
AcDbEntity
  8
BOTTOM-SOLDER-MASK-LAYER
100
AcDbHatch
 10
0.0
 20
0.0
 30
0.0
210
0.0
220
0.0
230
1.0
  2
SOLID
 70
     1
 71
     0
 91
        1
 92
        7
 72
     0
 73
     1
 93
        4
 10
21.13370586741173
 20
-93.33738887477776
 10
21.13370586741173
 20
-95.63898907797818
 10
18.63210566421132
 20
-95.63898907797818
 10
18.63210566421132
 20
-93.33738887477776
 97
        1
330
3415
 75
     0
 76
     1
 47
0.412818
 98
        1
 10
34.90568961886538
 20
22.81183545379326
1001
ACAD
1010
0.0
1020
0.0
1030
0.0
  0
LWPOLYLINE
  5
3415
330
1F
100
AcDbEntity
  8
BOTTOM-SOLDER-MASK-LAYER
100
AcDbPolyline
 90
        4
 70
     1
 43
0.0
 10
21.133706
 20
-93.337389
 10
21.133706
 20
-95.638989
 10
18.632106
 20
-95.638989
 10
18.632106
 20
-93.337389
  0
HATCH
  5
3444
330
1F
100
AcDbEntity
  8
BOTTOM-SOLDER-MASK-LAYER
100
AcDbHatch
 10
0.0
 20
0.0
 30
0.0
210
0.0
220
0.0
230
1.0
  2
SOLID
 70
     1
 71
     0
 91
        1
 92
        7
 72
     1
 73
     1
 93
        2
 10
15.13223266446533
 20
-94.48818897637797
 42
1.0
 10
17.63383286766573
 20
-94.48818897637797
 42
1.0
 97
        1
330
0
 75
     0
 76
     1
 47
0.868144
 98
        1
 10
3.629517071192367
 20
33.92795499968543
1001
ACAD
1010
0.0
1020
0.0
1030
0.0
  0
LWPOLYLINE
  5
3445
330
1F
100
AcDbEntity
  8
BOTTOM-SOLDER-MASK-LAYER
100
AcDbPolyline
 90
        2
 70
     1
 43
0.0
 10
15.132233
 20
-94.488189
 42
1.0
 10
17.633833
 20
-94.488189
 42
1.0
  0
HATCH
  5
3498
330
1F
100
AcDbEntity
  8
BOTTOM-SOLDER-MASK-LAYER
100
AcDbHatch
 10
0.0
 20
0.0
 30
0.0
210
0.0
220
0.0
230
1.0
  2
SOLID
 70
     1
 71
     0
 91
        1
 92
        7
 72
     1
 73
     1
 93
        2
 10
16.73723393446787
 20
-66.29413258826519
 42
1.0
 10
19.83883921767844
 20
-66.29413258826519
 42
1.0
 97
        1
330
0
 75
     0
 76
     1
 47
0.868144
 98
        1
 10
3.629517071192367
 20
33.92795499968543
1001
ACAD
1010
0.0
1020
0.0
1030
0.0
  0
LWPOLYLINE
  5
3499
330
1F
100
AcDbEntity
  8
BOTTOM-SOLDER-MASK-LAYER
100
AcDbPolyline
 90
        4
 70
     0
 43
0.0
 10
16.737234
 20
-66.294133
 42
1.0
 10
19.838839
 20
-66.294133
 10
19.838839
 20
-66.294133
 42
1.0
 10
16.737234
 20
-66.294133
  0
HATCH
  5
3528
330
1F
100
AcDbEntity
  8
BOTTOM-SOLDER-MASK-LAYER
100
AcDbHatch
 10
0.0
 20
0.0
 30
0.0
210
0.0
220
0.0
230
1.0
  2
SOLID
 70
     1
 71
     0
 91
        1
 92
        7
 72
     1
 73
     1
 93
        2
 10
29.43725933451867
 20
-66.29413258826519
 42
1.0
 10
32.53886461772924
 20
-66.29413258826519
 42
1.0
 97
        1
330
0
 75
     0
 76
     1
 47
0.868144
 98
        1
 10
3.629517071192367
 20
33.92795499968543
1001
ACAD
1010
0.0
1020
0.0
1030
0.0
  0
LWPOLYLINE
  5
3529
330
1F
100
AcDbEntity
  8
BOTTOM-SOLDER-MASK-LAYER
100
AcDbPolyline
 90
        2
 70
     1
 43
0.0
 10
29.437259
 20
-66.294133
 42
1.0
 10
32.538865
 20
-66.294133
 42
1.0
  0
HATCH
  5
3558
330
1F
100
AcDbEntity
  8
BOTTOM-SOLDER-MASK-LAYER
100
AcDbHatch
 10
0.0
 20
0.0
 30
0.0
210
0.0
220
0.0
230
1.0
  2
SOLID
 70
     1
 71
     0
 91
        1
 92
        7
 72
     1
 73
     1
 93
        2
 10
37.05727457454915
 20
-66.29413258826519
 42
1.0
 10
40.15887985775971
 20
-66.29413258826519
 42
1.0
 97
        1
330
0
 75
     0
 76
     1
 47
0.868144
 98
        1
 10
3.629517071192367
 20
33.92795499968543
1001
ACAD
1010
0.0
1020
0.0
1030
0.0
  0
LWPOLYLINE
  5
3559
330
1F
100
AcDbEntity
  8
BOTTOM-SOLDER-MASK-LAYER
100
AcDbPolyline
 90
        2
 70
     1
 43
0.0
 10
37.057275
 20
-66.294133
 42
1.0
 10
40.15888
 20
-66.294133
 42
1.0
  0
HATCH
  5
3588
330
1F
100
AcDbEntity
  8
BOTTOM-SOLDER-MASK-LAYER
100
AcDbHatch
 10
0.0
 20
0.0
 30
0.0
210
0.0
220
0.0
230
1.0
  2
SOLID
 70
     1
 71
     0
 91
        1
 92
        7
 72
     1
 73
     1
 93
        2
 10
37.05727457454915
 20
-35.81407162814326
 42
1.0
 10
40.15887985775971
 20
-35.81407162814326
 42
1.0
 97
        1
330
0
 75
     0
 76
     1
 47
0.868144
 98
        1
 10
3.629517071192367
 20
33.92795499968543
1001
ACAD
1010
0.0
1020
0.0
1030
0.0
  0
LWPOLYLINE
  5
3589
330
1F
100
AcDbEntity
  8
BOTTOM-SOLDER-MASK-LAYER
100
AcDbPolyline
 90
        2
 70
     1
 43
0.0
 10
37.057275
 20
-35.814072
 42
1.0
 10
40.15888
 20
-35.814072
 42
1.0
  0
HATCH
  5
3618
330
1F
100
AcDbEntity
  8
BOTTOM-SOLDER-MASK-LAYER
100
AcDbHatch
 10
0.0
 20
0.0
 30
0.0
210
0.0
220
0.0
230
1.0
  2
SOLID
 70
     1
 71
     0
 91
        1
 92
        7
 72
     1
 73
     1
 93
        2
 10
29.73075946151893
 20
-35.81407162814326
 42
1.0
 10
32.24536449072898
 20
-35.81407162814326
 42
1.0
 97
        1
330
0
 75
     0
 76
     1
 47
0.868144
 98
        1
 10
3.629517071192367
 20
33.92795499968543
1001
ACAD
1010
0.0
1020
0.0
1030
0.0
  0
LWPOLYLINE
  5
3619
330
1F
100
AcDbEntity
  8
BOTTOM-SOLDER-MASK-LAYER
100
AcDbPolyline
 90
        2
 70
     1
 43
0.0
 10
29.730759
 20
-35.814072
 42
1.0
 10
32.245364
 20
-35.814072
 42
1.0
  0
HATCH
  5
3648
330
1F
100
AcDbEntity
  8
BOTTOM-SOLDER-MASK-LAYER
100
AcDbHatch
 10
0.0
 20
0.0
 30
0.0
210
0.0
220
0.0
230
1.0
  2
SOLID
 70
     1
 71
     0
 91
        1
 92
        7
 72
     1
 73
     1
 93
        2
 10
16.73723393446787
 20
-35.81407162814326
 42
1.0
 10
19.83883921767844
 20
-35.81407162814326
 42
1.0
 97
        1
330
0
 75
     0
 76
     1
 47
0.868144
 98
        1
 10
3.629517071192367
 20
33.92795499968543
1001
ACAD
1010
0.0
1020
0.0
1030
0.0
  0
LWPOLYLINE
  5
3649
330
1F
100
AcDbEntity
  8
BOTTOM-SOLDER-MASK-LAYER
100
AcDbPolyline
 90
        4
 70
     0
 43
0.0
 10
16.737234
 20
-35.814072
 42
1.0
 10
19.838839
 20
-35.814072
 10
19.838839
 20
-35.814072
 42
1.0
 10
16.737234
 20
-35.814072
  0
HATCH
  5
3678
330
1F
100
AcDbEntity
  8
BOTTOM-SOLDER-MASK-LAYER
100
AcDbHatch
 10
0.0
 20
0.0
 30
0.0
210
0.0
220
0.0
230
1.0
  2
SOLID
 70
     1
 71
     0
 91
        1
 92
        7
 72
     1
 73
     1
 93
        2
 10
27.24725425450852
 20
-35.81407162814326
 42
1.0
 10
29.64885953771908
 20
-35.81407162814326
 42
1.0
 97
        1
330
0
 75
     0
 76
     1
 47
0.868144
 98
        1
 10
3.629517071192367
 20
33.92795499968543
1001
ACAD
1010
0.0
1020
0.0
1030
0.0
  0
LWPOLYLINE
  5
3679
330
1F
100
AcDbEntity
  8
BOTTOM-SOLDER-MASK-LAYER
100
AcDbPolyline
 90
        4
 70
     0
 43
0.0
 10
27.247254
 20
-35.814072
 42
1.0
 10
29.64886
 20
-35.814072
 10
29.64886
 20
-35.814072
 42
1.0
 10
27.247254
 20
-35.814072
  0
HATCH
  5
2479
330
1F
100
AcDbEntity
  8
BOTTOM-PASTE-MASK-LAYER
100
AcDbHatch
 10
0.0
 20
0.0
 30
0.0
210
0.0
220
0.0
230
1.0
  2
SOLID
 70
     1
 71
     0
 91
        1
 92
        7
 72
     1
 73
     1
 93
        2
 10
169.8382397764796
 20
-47.68498856997715
 42
1.0
 10
171.5382397764796
 20
-47.68498856997715
 42
1.0
 97
        1
330
0
 75
     0
 76
     1
 47
0.868144
 98
        1
 10
3.629517071192367
 20
33.92795499968543
1001
ACAD
1010
0.0
1020
0.0
1030
0.0
  0
LWPOLYLINE
  5
2480
330
1F
100
AcDbEntity
  8
BOTTOM-PASTE-MASK-LAYER
100
AcDbPolyline
 90
        2
 70
     1
 43
0.0
 10
169.83824
 20
-47.684989
 42
1.0
 10
171.53824
 20
-47.684989
 42
1.0
  0
HATCH
  5
2509
330
1F
100
AcDbEntity
  8
BOTTOM-PASTE-MASK-LAYER
100
AcDbHatch
 10
0.0
 20
0.0
 30
0.0
210
0.0
220
0.0
230
1.0
  2
SOLID
 70
     1
 71
     0
 91
        1
 92
        7
 72
     1
 73
     1
 93
        2
 10
169.8382397764796
 20
-50.18511557023115
 42
1.0
 10
171.5382397764796
 20
-50.18511557023115
 42
1.0
 97
        1
330
0
 75
     0
 76
     1
 47
0.868144
 98
        1
 10
3.629517071192367
 20
33.92795499968543
1001
ACAD
1010
0.0
1020
0.0
1030
0.0
  0
LWPOLYLINE
  5
2510
330
1F
100
AcDbEntity
  8
BOTTOM-PASTE-MASK-LAYER
100
AcDbPolyline
 90
        2
 70
     1
 43
0.0
 10
169.83824
 20
-50.185116
 42
1.0
 10
171.53824
 20
-50.185116
 42
1.0
  0
HATCH
  5
2539
330
1F
100
AcDbEntity
  8
BOTTOM-PASTE-MASK-LAYER
100
AcDbHatch
 10
0.0
 20
0.0
 30
0.0
210
0.0
220
0.0
230
1.0
  2
SOLID
 70
     1
 71
     0
 91
        1
 92
        7
 72
     1
 73
     1
 93
        2
 10
169.8382397764796
 20
-52.68498856997714
 42
1.0
 10
171.5382397764796
 20
-52.68498856997714
 42
1.0
 97
        1
330
0
 75
     0
 76
     1
 47
0.868144
 98
        1
 10
3.629517071192367
 20
33.92795499968543
1001
ACAD
1010
0.0
1020
0.0
1030
0.0
  0
LWPOLYLINE
  5
2540
330
1F
100
AcDbEntity
  8
BOTTOM-PASTE-MASK-LAYER
100
AcDbPolyline
 90
        2
 70
     1
 43
0.0
 10
169.83824
 20
-52.684989
 42
1.0
 10
171.53824
 20
-52.684989
 42
1.0
  0
HATCH
  5
2569
330
1F
100
AcDbEntity
  8
BOTTOM-PASTE-MASK-LAYER
100
AcDbHatch
 10
0.0
 20
0.0
 30
0.0
210
0.0
220
0.0
230
1.0
  2
SOLID
 70
     1
 71
     0
 91
        1
 92
        7
 72
     1
 73
     1
 93
        2
 10
169.8382397764796
 20
-55.18511557023115
 42
1.0
 10
171.5382397764796
 20
-55.18511557023115
 42
1.0
 97
        1
330
0
 75
     0
 76
     1
 47
0.868144
 98
        1
 10
3.629517071192367
 20
33.92795499968543
1001
ACAD
1010
0.0
1020
0.0
1030
0.0
  0
LWPOLYLINE
  5
2570
330
1F
100
AcDbEntity
  8
BOTTOM-PASTE-MASK-LAYER
100
AcDbPolyline
 90
        2
 70
     1
 43
0.0
 10
169.83824
 20
-55.185116
 42
1.0
 10
171.53824
 20
-55.185116
 42
1.0
  0
HATCH
  5
2591
330
1F
100
AcDbEntity
  8
BOTTOM-PASTE-MASK-LAYER
100
AcDbHatch
 10
0.0
 20
0.0
 30
0.0
210
0.0
220
0.0
230
1.0
  2
SOLID
 70
     1
 71
     0
 91
        1
 92
        7
 72
     0
 73
     1
 93
        4
 10
172.8473456946914
 20
-70.19113538227077
 10
171.3233426466853
 20
-70.19113538227077
 10
171.3233426466853
 20
-68.66713233426466
 10
172.8473456946914
 20
-68.66713233426466
 97
        1
330
2590
 75
     0
 76
     1
 47
0.412818
 98
        1
 10
34.90568961886538
 20
22.81183545379326
1001
ACAD
1010
0.0
1020
0.0
1030
0.0
  0
LWPOLYLINE
  5
2590
330
1F
100
AcDbEntity
  8
BOTTOM-PASTE-MASK-LAYER
100
AcDbPolyline
 90
        4
 70
     1
 43
0.0
 10
172.847346
 20
-70.191135
 10
171.323343
 20
-70.191135
 10
171.323343
 20
-68.667132
 10
172.847346
 20
-68.667132
  0
HATCH
  5
2620
330
1F
100
AcDbEntity
  8
BOTTOM-PASTE-MASK-LAYER
100
AcDbHatch
 10
0.0
 20
0.0
 30
0.0
210
0.0
220
0.0
230
1.0
  2
SOLID
 70
     1
 71
     0
 91
        1
 92
        7
 72
     1
 73
     1
 93
        2
 10
171.3233426466853
 20
-66.92900685801372
 42
1.0
 10
172.8473456946914
 20
-66.92900685801372
 42
1.0
 97
        1
330
0
 75
     0
 76
     1
 47
0.868144
 98
        1
 10
3.629517071192367
 20
33.92795499968543
1001
ACAD
1010
0.0
1020
0.0
1030
0.0
  0
LWPOLYLINE
  5
2621
330
1F
100
AcDbEntity
  8
BOTTOM-PASTE-MASK-LAYER
100
AcDbPolyline
 90
        2
 70
     1
 43
0.0
 10
171.323343
 20
-66.929007
 42
1.0
 10
172.847346
 20
-66.929007
 42
1.0
  0
HATCH
  5
2650
330
1F
100
AcDbEntity
  8
BOTTOM-PASTE-MASK-LAYER
100
AcDbHatch
 10
0.0
 20
0.0
 30
0.0
210
0.0
220
0.0
230
1.0
  2
SOLID
 70
     1
 71
     0
 91
        1
 92
        7
 72
     1
 73
     1
 93
        2
 10
171.3233426466853
 20
-64.42913385826773
 42
1.0
 10
172.8473456946914
 20
-64.42913385826773
 42
1.0
 97
        1
330
0
 75
     0
 76
     1
 47
0.868144
 98
        1
 10
3.629517071192367
 20
33.92795499968543
1001
ACAD
1010
0.0
1020
0.0
1030
0.0
  0
LWPOLYLINE
  5
2651
330
1F
100
AcDbEntity
  8
BOTTOM-PASTE-MASK-LAYER
100
AcDbPolyline
 90
        2
 70
     1
 43
0.0
 10
171.323343
 20
-64.429134
 42
1.0
 10
172.847346
 20
-64.429134
 42
1.0
  0
HATCH
  5
2776
330
1F
100
AcDbEntity
  8
BOTTOM-PASTE-MASK-LAYER
100
AcDbHatch
 10
0.0
 20
0.0
 30
0.0
210
0.0
220
0.0
230
1.0
  2
SOLID
 70
     1
 71
     0
 91
        1
 92
        7
 72
     0
 73
     1
 93
        4
 10
137.1982727965456
 20
-100.4192024384049
 10
137.1982727965456
 20
-102.0192024384049
 10
135.5982727965456
 20
-102.0192024384049
 10
135.5982727965456
 20
-100.4192024384049
 97
        1
330
2775
 75
     0
 76
     1
 47
0.412818
 98
        1
 10
34.90568961886538
 20
22.81183545379326
1001
ACAD
1010
0.0
1020
0.0
1030
0.0
  0
LWPOLYLINE
  5
2775
330
1F
100
AcDbEntity
  8
BOTTOM-PASTE-MASK-LAYER
100
AcDbPolyline
 90
        4
 70
     1
 43
0.0
 10
137.198273
 20
-100.419202
 10
137.198273
 20
-102.019202
 10
135.598273
 20
-102.019202
 10
135.598273
 20
-100.419202
  0
HATCH
  5
2805
330
1F
100
AcDbEntity
  8
BOTTOM-PASTE-MASK-LAYER
100
AcDbHatch
 10
0.0
 20
0.0
 30
0.0
210
0.0
220
0.0
230
1.0
  2
SOLID
 70
     1
 71
     0
 91
        1
 92
        7
 72
     1
 73
     1
 93
        2
 10
135.5982727965456
 20
-98.67919735839473
 42
1.0
 10
137.1982727965456
 20
-98.67919735839473
 42
1.0
 97
        1
330
0
 75
     0
 76
     1
 47
0.868144
 98
        1
 10
3.629517071192367
 20
33.92795499968543
1001
ACAD
1010
0.0
1020
0.0
1030
0.0
  0
LWPOLYLINE
  5
2806
330
1F
100
AcDbEntity
  8
BOTTOM-PASTE-MASK-LAYER
100
AcDbPolyline
 90
        4
 70
     0
 43
0.0
 10
135.598273
 20
-98.679197
 42
1.0
 10
137.198273
 20
-98.679197
 10
137.198273
 20
-98.679197
 42
1.0
 10
135.598273
 20
-98.679197
  0
HATCH
  5
2835
330
1F
100
AcDbEntity
  8
BOTTOM-PASTE-MASK-LAYER
100
AcDbHatch
 10
0.0
 20
0.0
 30
0.0
210
0.0
220
0.0
230
1.0
  2
SOLID
 70
     1
 71
     0
 91
        1
 92
        7
 72
     1
 73
     1
 93
        2
 10
135.5982727965456
 20
-96.13919227838457
 42
1.0
 10
137.1982727965456
 20
-96.13919227838457
 42
1.0
 97
        1
330
0
 75
     0
 76
     1
 47
0.868144
 98
        1
 10
3.629517071192367
 20
33.92795499968543
1001
ACAD
1010
0.0
1020
0.0
1030
0.0
  0
LWPOLYLINE
  5
2836
330
1F
100
AcDbEntity
  8
BOTTOM-PASTE-MASK-LAYER
100
AcDbPolyline
 90
        4
 70
     0
 43
0.0
 10
135.598273
 20
-96.139192
 42
1.0
 10
137.198273
 20
-96.139192
 10
137.198273
 20
-96.139192
 42
1.0
 10
135.598273
 20
-96.139192
  0
HATCH
  5
2865
330
1F
100
AcDbEntity
  8
BOTTOM-PASTE-MASK-LAYER
100
AcDbHatch
 10
0.0
 20
0.0
 30
0.0
210
0.0
220
0.0
230
1.0
  2
SOLID
 70
     1
 71
     0
 91
        1
 92
        7
 72
     1
 73
     1
 93
        2
 10
135.5982727965456
 20
-93.59918719837441
 42
1.0
 10
137.1982727965456
 20
-93.59918719837441
 42
1.0
 97
        1
330
0
 75
     0
 76
     1
 47
0.868144
 98
        1
 10
3.629517071192367
 20
33.92795499968543
1001
ACAD
1010
0.0
1020
0.0
1030
0.0
  0
LWPOLYLINE
  5
2866
330
1F
100
AcDbEntity
  8
BOTTOM-PASTE-MASK-LAYER
100
AcDbPolyline
 90
        4
 70
     0
 43
0.0
 10
135.598273
 20
-93.599187
 42
1.0
 10
137.198273
 20
-93.599187
 10
137.198273
 20
-93.599187
 42
1.0
 10
135.598273
 20
-93.599187
  0
HATCH
  5
2895
330
1F
100
AcDbEntity
  8
BOTTOM-PASTE-MASK-LAYER
100
AcDbHatch
 10
0.0
 20
0.0
 30
0.0
210
0.0
220
0.0
230
1.0
  2
SOLID
 70
     1
 71
     0
 91
        1
 92
        7
 72
     1
 73
     1
 93
        2
 10
135.5982727965456
 20
-91.05918211836425
 42
1.0
 10
137.1982727965456
 20
-91.05918211836425
 42
1.0
 97
        1
330
0
 75
     0
 76
     1
 47
0.868144
 98
        1
 10
3.629517071192367
 20
33.92795499968543
1001
ACAD
1010
0.0
1020
0.0
1030
0.0
  0
LWPOLYLINE
  5
2896
330
1F
100
AcDbEntity
  8
BOTTOM-PASTE-MASK-LAYER
100
AcDbPolyline
 90
        4
 70
     0
 43
0.0
 10
135.598273
 20
-91.059182
 42
1.0
 10
137.198273
 20
-91.059182
 10
137.198273
 20
-91.059182
 42
1.0
 10
135.598273
 20
-91.059182
  0
HATCH
  5
2925
330
1F
100
AcDbEntity
  8
BOTTOM-PASTE-MASK-LAYER
100
AcDbHatch
 10
0.0
 20
0.0
 30
0.0
210
0.0
220
0.0
230
1.0
  2
SOLID
 70
     1
 71
     0
 91
        1
 92
        7
 72
     1
 73
     1
 93
        2
 10
135.5982727965456
 20
-88.51917703835409
 42
1.0
 10
137.1982727965456
 20
-88.51917703835409
 42
1.0
 97
        1
330
0
 75
     0
 76
     1
 47
0.868144
 98
        1
 10
3.629517071192367
 20
33.92795499968543
1001
ACAD
1010
0.0
1020
0.0
1030
0.0
  0
LWPOLYLINE
  5
2926
330
1F
100
AcDbEntity
  8
BOTTOM-PASTE-MASK-LAYER
100
AcDbPolyline
 90
        4
 70
     0
 43
0.0
 10
135.598273
 20
-88.519177
 42
1.0
 10
137.198273
 20
-88.519177
 10
137.198273
 20
-88.519177
 42
1.0
 10
135.598273
 20
-88.519177
  0
HATCH
  5
2955
330
1F
100
AcDbEntity
  8
BOTTOM-PASTE-MASK-LAYER
100
AcDbHatch
 10
0.0
 20
0.0
 30
0.0
210
0.0
220
0.0
230
1.0
  2
SOLID
 70
     1
 71
     0
 91
        1
 92
        7
 72
     1
 73
     1
 93
        2
 10
115.2782321564643
 20
-88.51917703835409
 42
1.0
 10
116.8782321564643
 20
-88.51917703835409
 42
1.0
 97
        1
330
0
 75
     0
 76
     1
 47
0.868144
 98
        1
 10
3.629517071192367
 20
33.92795499968543
1001
ACAD
1010
0.0
1020
0.0
1030
0.0
  0
LWPOLYLINE
  5
2956
330
1F
100
AcDbEntity
  8
BOTTOM-PASTE-MASK-LAYER
100
AcDbPolyline
 90
        2
 70
     1
 43
0.0
 10
115.278232
 20
-88.519177
 42
1.0
 10
116.878232
 20
-88.519177
 42
1.0
  0
HATCH
  5
2985
330
1F
100
AcDbEntity
  8
BOTTOM-PASTE-MASK-LAYER
100
AcDbHatch
 10
0.0
 20
0.0
 30
0.0
210
0.0
220
0.0
230
1.0
  2
SOLID
 70
     1
 71
     0
 91
        1
 92
        7
 72
     1
 73
     1
 93
        2
 10
115.2782321564643
 20
-91.05918211836425
 42
1.0
 10
116.8782321564643
 20
-91.05918211836425
 42
1.0
 97
        1
330
0
 75
     0
 76
     1
 47
0.868144
 98
        1
 10
3.629517071192367
 20
33.92795499968543
1001
ACAD
1010
0.0
1020
0.0
1030
0.0
  0
LWPOLYLINE
  5
2986
330
1F
100
AcDbEntity
  8
BOTTOM-PASTE-MASK-LAYER
100
AcDbPolyline
 90
        2
 70
     1
 43
0.0
 10
115.278232
 20
-91.059182
 42
1.0
 10
116.878232
 20
-91.059182
 42
1.0
  0
HATCH
  5
3015
330
1F
100
AcDbEntity
  8
BOTTOM-PASTE-MASK-LAYER
100
AcDbHatch
 10
0.0
 20
0.0
 30
0.0
210
0.0
220
0.0
230
1.0
  2
SOLID
 70
     1
 71
     0
 91
        1
 92
        7
 72
     1
 73
     1
 93
        2
 10
115.2782321564643
 20
-93.59918719837441
 42
1.0
 10
116.8782321564643
 20
-93.59918719837441
 42
1.0
 97
        1
330
0
 75
     0
 76
     1
 47
0.868144
 98
        1
 10
3.629517071192367
 20
33.92795499968543
1001
ACAD
1010
0.0
1020
0.0
1030
0.0
  0
LWPOLYLINE
  5
3016
330
1F
100
AcDbEntity
  8
BOTTOM-PASTE-MASK-LAYER
100
AcDbPolyline
 90
        2
 70
     1
 43
0.0
 10
115.278232
 20
-93.599187
 42
1.0
 10
116.878232
 20
-93.599187
 42
1.0
  0
HATCH
  5
3045
330
1F
100
AcDbEntity
  8
BOTTOM-PASTE-MASK-LAYER
100
AcDbHatch
 10
0.0
 20
0.0
 30
0.0
210
0.0
220
0.0
230
1.0
  2
SOLID
 70
     1
 71
     0
 91
        1
 92
        7
 72
     1
 73
     1
 93
        2
 10
115.2782321564643
 20
-96.13919227838457
 42
1.0
 10
116.8782321564643
 20
-96.13919227838457
 42
1.0
 97
        1
330
0
 75
     0
 76
     1
 47
0.868144
 98
        1
 10
3.629517071192367
 20
33.92795499968543
1001
ACAD
1010
0.0
1020
0.0
1030
0.0
  0
LWPOLYLINE
  5
3046
330
1F
100
AcDbEntity
  8
BOTTOM-PASTE-MASK-LAYER
100
AcDbPolyline
 90
        2
 70
     1
 43
0.0
 10
115.278232
 20
-96.139192
 42
1.0
 10
116.878232
 20
-96.139192
 42
1.0
  0
HATCH
  5
3075
330
1F
100
AcDbEntity
  8
BOTTOM-PASTE-MASK-LAYER
100
AcDbHatch
 10
0.0
 20
0.0
 30
0.0
210
0.0
220
0.0
230
1.0
  2
SOLID
 70
     1
 71
     0
 91
        1
 92
        7
 72
     1
 73
     1
 93
        2
 10
115.2782321564643
 20
-98.67919735839473
 42
1.0
 10
116.8782321564643
 20
-98.67919735839473
 42
1.0
 97
        1
330
0
 75
     0
 76
     1
 47
0.868144
 98
        1
 10
3.629517071192367
 20
33.92795499968543
1001
ACAD
1010
0.0
1020
0.0
1030
0.0
  0
LWPOLYLINE
  5
3076
330
1F
100
AcDbEntity
  8
BOTTOM-PASTE-MASK-LAYER
100
AcDbPolyline
 90
        2
 70
     1
 43
0.0
 10
115.278232
 20
-98.679197
 42
1.0
 10
116.878232
 20
-98.679197
 42
1.0
  0
HATCH
  5
3105
330
1F
100
AcDbEntity
  8
BOTTOM-PASTE-MASK-LAYER
100
AcDbHatch
 10
0.0
 20
0.0
 30
0.0
210
0.0
220
0.0
230
1.0
  2
SOLID
 70
     1
 71
     0
 91
        1
 92
        7
 72
     1
 73
     1
 93
        2
 10
115.2782321564643
 20
-101.2192024384049
 42
1.0
 10
116.8782321564643
 20
-101.2192024384049
 42
1.0
 97
        1
330
0
 75
     0
 76
     1
 47
0.868144
 98
        1
 10
3.629517071192367
 20
33.92795499968543
1001
ACAD
1010
0.0
1020
0.0
1030
0.0
  0
LWPOLYLINE
  5
3106
330
1F
100
AcDbEntity
  8
BOTTOM-PASTE-MASK-LAYER
100
AcDbPolyline
 90
        2
 70
     1
 43
0.0
 10
115.278232
 20
-101.219202
 42
1.0
 10
116.878232
 20
-101.219202
 42
1.0
  0
HATCH
  5
3135
330
1F
100
AcDbEntity
  8
BOTTOM-PASTE-MASK-LAYER
100
AcDbHatch
 10
0.0
 20
0.0
 30
0.0
210
0.0
220
0.0
230
1.0
  2
SOLID
 70
     1
 71
     0
 91
        1
 92
        7
 72
     1
 73
     1
 93
        2
 10
11.06609093218187
 20
-103.251206502413
 42
1.0
 10
12.86609093218187
 20
-103.251206502413
 42
1.0
 97
        1
330
0
 75
     0
 76
     1
 47
0.868144
 98
        1
 10
3.629517071192367
 20
33.92795499968543
1001
ACAD
1010
0.0
1020
0.0
1030
0.0
  0
LWPOLYLINE
  5
3136
330
1F
100
AcDbEntity
  8
BOTTOM-PASTE-MASK-LAYER
100
AcDbPolyline
 90
        2
 70
     1
 43
0.0
 10
11.066091
 20
-103.251207
 42
1.0
 10
12.866091
 20
-103.251207
 42
1.0
  0
HATCH
  5
3165
330
1F
100
AcDbEntity
  8
BOTTOM-PASTE-MASK-LAYER
100
AcDbHatch
 10
0.0
 20
0.0
 30
0.0
210
0.0
220
0.0
230
1.0
  2
SOLID
 70
     1
 71
     0
 91
        1
 92
        7
 72
     1
 73
     1
 93
        2
 10
14.56596393192786
 20
-103.251206502413
 42
1.0
 10
16.36596393192787
 20
-103.251206502413
 42
1.0
 97
        1
330
0
 75
     0
 76
     1
 47
0.868144
 98
        1
 10
3.629517071192367
 20
33.92795499968543
1001
ACAD
1010
0.0
1020
0.0
1030
0.0
  0
LWPOLYLINE
  5
3166
330
1F
100
AcDbEntity
  8
BOTTOM-PASTE-MASK-LAYER
100
AcDbPolyline
 90
        2
 70
     1
 43
0.0
 10
14.565964
 20
-103.251207
 42
1.0
 10
16.365964
 20
-103.251207
 42
1.0
  0
HATCH
  5
3255
330
1F
100
AcDbEntity
  8
BOTTOM-PASTE-MASK-LAYER
100
AcDbHatch
 10
0.0
 20
0.0
 30
0.0
210
0.0
220
0.0
230
1.0
  2
SOLID
 70
     1
 71
     0
 91
        1
 92
        7
 72
     1
 73
     1
 93
        2
 10
10.22103124206249
 20
-83.43916687833376
 42
1.0
 10
12.22103124206249
 20
-83.43916687833376
 42
1.0
 97
        1
330
0
 75
     0
 76
     1
 47
0.868144
 98
        1
 10
3.629517071192367
 20
33.92795499968543
1001
ACAD
1010
0.0
1020
0.0
1030
0.0
  0
LWPOLYLINE
  5
3256
330
1F
100
AcDbEntity
  8
BOTTOM-PASTE-MASK-LAYER
100
AcDbPolyline
 90
        4
 70
     0
 43
0.0
 10
10.221031
 20
-83.439167
 42
1.0
 10
12.221031
 20
-83.439167
 10
12.221031
 20
-83.439167
 42
1.0
 10
10.221031
 20
-83.439167
  0
HATCH
  5
3285
330
1F
100
AcDbEntity
  8
BOTTOM-PASTE-MASK-LAYER
100
AcDbHatch
 10
0.0
 20
0.0
 30
0.0
210
0.0
220
0.0
230
1.0
  2
SOLID
 70
     1
 71
     0
 91
        1
 92
        7
 72
     1
 73
     1
 93
        2
 10
31.72115824231648
 20
-83.43916687833376
 42
1.0
 10
33.72115824231648
 20
-83.43916687833376
 42
1.0
 97
        1
330
0
 75
     0
 76
     1
 47
0.868144
 98
        1
 10
3.629517071192367
 20
33.92795499968543
1001
ACAD
1010
0.0
1020
0.0
1030
0.0
  0
LWPOLYLINE
  5
3286
330
1F
100
AcDbEntity
  8
BOTTOM-PASTE-MASK-LAYER
100
AcDbPolyline
 90
        2
 70
     1
 43
0.0
 10
31.721158
 20
-83.439167
 42
1.0
 10
33.721158
 20
-83.439167
 42
1.0
  0
HATCH
  5
3315
330
1F
100
AcDbEntity
  8
BOTTOM-PASTE-MASK-LAYER
100
AcDbHatch
 10
0.0
 20
0.0
 30
0.0
210
0.0
220
0.0
230
1.0
  2
SOLID
 70
     1
 71
     0
 91
        1
 92
        7
 72
     1
 73
     1
 93
        2
 10
152.9973075946152
 20
-59.81711963423928
 42
1.0
 10
154.5973075946152
 20
-59.81711963423928
 42
1.0
 97
        1
330
0
 75
     0
 76
     1
 47
0.868144
 98
        1
 10
3.629517071192367
 20
33.92795499968543
1001
ACAD
1010
0.0
1020
0.0
1030
0.0
  0
LWPOLYLINE
  5
3316
330
1F
100
AcDbEntity
  8
BOTTOM-PASTE-MASK-LAYER
100
AcDbPolyline
 90
        4
 70
     0
 43
0.0
 10
152.997308
 20
-59.81712
 42
1.0
 10
154.597308
 20
-59.81712
 10
154.597308
 20
-59.81712
 42
1.0
 10
152.997308
 20
-59.81712
  0
HATCH
  5
3345
330
1F
100
AcDbEntity
  8
BOTTOM-PASTE-MASK-LAYER
100
AcDbHatch
 10
0.0
 20
0.0
 30
0.0
210
0.0
220
0.0
230
1.0
  2
SOLID
 70
     1
 71
     0
 91
        1
 92
        7
 72
     1
 73
     1
 93
        2
 10
150.457302514605
 20
-59.81711963423928
 42
1.0
 10
152.0573025146051
 20
-59.81711963423928
 42
1.0
 97
        1
330
0
 75
     0
 76
     1
 47
0.868144
 98
        1
 10
3.629517071192367
 20
33.92795499968543
1001
ACAD
1010
0.0
1020
0.0
1030
0.0
  0
LWPOLYLINE
  5
3346
330
1F
100
AcDbEntity
  8
BOTTOM-PASTE-MASK-LAYER
100
AcDbPolyline
 90
        4
 70
     0
 43
0.0
 10
150.457303
 20
-59.81712
 42
1.0
 10
152.057303
 20
-59.81712
 10
152.057303
 20
-59.81712
 42
1.0
 10
150.457303
 20
-59.81712
  0
HATCH
  5
3367
330
1F
100
AcDbEntity
  8
BOTTOM-PASTE-MASK-LAYER
100
AcDbHatch
 10
0.0
 20
0.0
 30
0.0
210
0.0
220
0.0
230
1.0
  2
SOLID
 70
     1
 71
     0
 91
        1
 92
        7
 72
     0
 73
     1
 93
        4
 10
147.9298958597917
 20
-60.61711963423927
 10
147.9298958597917
 20
-59.01711963423928
 10
149.5046990093981
 20
-59.01711963423928
 10
149.5046990093981
 20
-60.61711963423927
 97
        1
330
3366
 75
     0
 76
     1
 47
0.412818
 98
        1
 10
34.90568961886538
 20
22.81183545379326
1001
ACAD
1010
0.0
1020
0.0
1030
0.0
  0
LWPOLYLINE
  5
3366
330
1F
100
AcDbEntity
  8
BOTTOM-PASTE-MASK-LAYER
100
AcDbPolyline
 90
        4
 70
     1
 43
0.0
 10
147.929896
 20
-60.61712
 10
147.929896
 20
-59.01712
 10
149.504699
 20
-59.01712
 10
149.504699
 20
-60.61712
  0
HATCH
  5
3396
330
1F
100
AcDbEntity
  8
BOTTOM-PASTE-MASK-LAYER
100
AcDbHatch
 10
0.0
 20
0.0
 30
0.0
210
0.0
220
0.0
230
1.0
  2
SOLID
 70
     1
 71
     0
 91
        1
 92
        7
 72
     1
 73
     1
 93
        2
 10
11.68315976631953
 20
-94.48818897637797
 42
1.0
 10
14.08315976631954
 20
-94.48818897637797
 42
1.0
 97
        1
330
0
 75
     0
 76
     1
 47
0.868144
 98
        1
 10
3.629517071192367
 20
33.92795499968543
1001
ACAD
1010
0.0
1020
0.0
1030
0.0
  0
LWPOLYLINE
  5
3397
330
1F
100
AcDbEntity
  8
BOTTOM-PASTE-MASK-LAYER
100
AcDbPolyline
 90
        2
 70
     1
 43
0.0
 10
11.68316
 20
-94.488189
 42
1.0
 10
14.08316
 20
-94.488189
 42
1.0
  0
HATCH
  5
3418
330
1F
100
AcDbEntity
  8
BOTTOM-PASTE-MASK-LAYER
100
AcDbHatch
 10
0.0
 20
0.0
 30
0.0
210
0.0
220
0.0
230
1.0
  2
SOLID
 70
     1
 71
     0
 91
        1
 92
        7
 72
     0
 73
     1
 93
        4
 10
21.08290576581153
 20
-93.38818897637798
 10
21.08290576581153
 20
-95.58818897637796
 10
18.68290576581153
 20
-95.58818897637796
 10
18.68290576581153
 20
-93.38818897637798
 97
        1
330
3417
 75
     0
 76
     1
 47
0.412818
 98
        1
 10
34.90568961886538
 20
22.81183545379326
1001
ACAD
1010
0.0
1020
0.0
1030
0.0
  0
LWPOLYLINE
  5
3417
330
1F
100
AcDbEntity
  8
BOTTOM-PASTE-MASK-LAYER
100
AcDbPolyline
 90
        4
 70
     1
 43
0.0
 10
21.082906
 20
-93.388189
 10
21.082906
 20
-95.588189
 10
18.682906
 20
-95.588189
 10
18.682906
 20
-93.388189
  0
HATCH
  5
3447
330
1F
100
AcDbEntity
  8
BOTTOM-PASTE-MASK-LAYER
100
AcDbHatch
 10
0.0
 20
0.0
 30
0.0
210
0.0
220
0.0
230
1.0
  2
SOLID
 70
     1
 71
     0
 91
        1
 92
        7
 72
     1
 73
     1
 93
        2
 10
15.18303276606553
 20
-94.48818897637797
 42
1.0
 10
17.58303276606553
 20
-94.48818897637797
 42
1.0
 97
        1
330
0
 75
     0
 76
     1
 47
0.868144
 98
        1
 10
3.629517071192367
 20
33.92795499968543
1001
ACAD
1010
0.0
1020
0.0
1030
0.0
  0
LWPOLYLINE
  5
3448
330
1F
100
AcDbEntity
  8
BOTTOM-PASTE-MASK-LAYER
100
AcDbPolyline
 90
        2
 70
     1
 43
0.0
 10
15.183033
 20
-94.488189
 42
1.0
 10
17.583033
 20
-94.488189
 42
1.0
  0
HATCH
  5
3501
330
1F
100
AcDbEntity
  8
BOTTOM-PASTE-MASK-LAYER
100
AcDbHatch
 10
0.0
 20
0.0
 30
0.0
210
0.0
220
0.0
230
1.0
  2
SOLID
 70
     1
 71
     0
 91
        1
 92
        7
 72
     1
 73
     1
 93
        2
 10
16.78803403606807
 20
-66.29413258826519
 42
1.0
 10
19.78803911607823
 20
-66.29413258826519
 42
1.0
 97
        1
330
0
 75
     0
 76
     1
 47
0.868144
 98
        1
 10
3.629517071192367
 20
33.92795499968543
1001
ACAD
1010
0.0
1020
0.0
1030
0.0
  0
LWPOLYLINE
  5
3502
330
1F
100
AcDbEntity
  8
BOTTOM-PASTE-MASK-LAYER
100
AcDbPolyline
 90
        2
 70
     1
 43
0.0
 10
16.788034
 20
-66.294133
 42
1.0
 10
19.788039
 20
-66.294133
 42
1.0
  0
HATCH
  5
3531
330
1F
100
AcDbEntity
  8
BOTTOM-PASTE-MASK-LAYER
100
AcDbHatch
 10
0.0
 20
0.0
 30
0.0
210
0.0
220
0.0
230
1.0
  2
SOLID
 70
     1
 71
     0
 91
        1
 92
        7
 72
     1
 73
     1
 93
        2
 10
29.48805943611887
 20
-66.29413258826519
 42
1.0
 10
32.48806451612904
 20
-66.29413258826519
 42
1.0
 97
        1
330
0
 75
     0
 76
     1
 47
0.868144
 98
        1
 10
3.629517071192367
 20
33.92795499968543
1001
ACAD
1010
0.0
1020
0.0
1030
0.0
  0
LWPOLYLINE
  5
3532
330
1F
100
AcDbEntity
  8
BOTTOM-PASTE-MASK-LAYER
100
AcDbPolyline
 90
        2
 70
     1
 43
0.0
 10
29.488059
 20
-66.294133
 42
1.0
 10
32.488065
 20
-66.294133
 42
1.0
  0
HATCH
  5
3561
330
1F
100
AcDbEntity
  8
BOTTOM-PASTE-MASK-LAYER
100
AcDbHatch
 10
0.0
 20
0.0
 30
0.0
210
0.0
220
0.0
230
1.0
  2
SOLID
 70
     1
 71
     0
 91
        1
 92
        7
 72
     1
 73
     1
 93
        2
 10
37.10807467614936
 20
-66.29413258826519
 42
1.0
 10
40.10807975615951
 20
-66.29413258826519
 42
1.0
 97
        1
330
0
 75
     0
 76
     1
 47
0.868144
 98
        1
 10
3.629517071192367
 20
33.92795499968543
1001
ACAD
1010
0.0
1020
0.0
1030
0.0
  0
LWPOLYLINE
  5
3562
330
1F
100
AcDbEntity
  8
BOTTOM-PASTE-MASK-LAYER
100
AcDbPolyline
 90
        4
 70
     0
 43
0.0
 10
37.108075
 20
-66.294133
 42
1.0
 10
40.10808
 20
-66.294133
 10
40.10808
 20
-66.294133
 42
1.0
 10
37.108075
 20
-66.294133
  0
HATCH
  5
3591
330
1F
100
AcDbEntity
  8
BOTTOM-PASTE-MASK-LAYER
100
AcDbHatch
 10
0.0
 20
0.0
 30
0.0
210
0.0
220
0.0
230
1.0
  2
SOLID
 70
     1
 71
     0
 91
        1
 92
        7
 72
     1
 73
     1
 93
        2
 10
37.10807467614936
 20
-35.81407162814326
 42
1.0
 10
40.10807975615951
 20
-35.81407162814326
 42
1.0
 97
        1
330
0
 75
     0
 76
     1
 47
0.868144
 98
        1
 10
3.629517071192367
 20
33.92795499968543
1001
ACAD
1010
0.0
1020
0.0
1030
0.0
  0
LWPOLYLINE
  5
3592
330
1F
100
AcDbEntity
  8
BOTTOM-PASTE-MASK-LAYER
100
AcDbPolyline
 90
        4
 70
     0
 43
0.0
 10
37.108075
 20
-35.814072
 42
1.0
 10
40.10808
 20
-35.814072
 10
40.10808
 20
-35.814072
 42
1.0
 10
37.108075
 20
-35.814072
  0
HATCH
  5
3621
330
1F
100
AcDbEntity
  8
BOTTOM-PASTE-MASK-LAYER
100
AcDbHatch
 10
0.0
 20
0.0
 30
0.0
210
0.0
220
0.0
230
1.0
  2
SOLID
 70
     1
 71
     0
 91
        1
 92
        7
 72
     1
 73
     1
 93
        2
 10
29.78155956311913
 20
-35.81407162814326
 42
1.0
 10
32.19456438912878
 20
-35.81407162814326
 42
1.0
 97
        1
330
0
 75
     0
 76
     1
 47
0.868144
 98
        1
 10
3.629517071192367
 20
33.92795499968543
1001
ACAD
1010
0.0
1020
0.0
1030
0.0
  0
LWPOLYLINE
  5
3622
330
1F
100
AcDbEntity
  8
BOTTOM-PASTE-MASK-LAYER
100
AcDbPolyline
 90
        2
 70
     1
 43
0.0
 10
29.78156
 20
-35.814072
 42
1.0
 10
32.194564
 20
-35.814072
 42
1.0
  0
HATCH
  5
3651
330
1F
100
AcDbEntity
  8
BOTTOM-PASTE-MASK-LAYER
100
AcDbHatch
 10
0.0
 20
0.0
 30
0.0
210
0.0
220
0.0
230
1.0
  2
SOLID
 70
     1
 71
     0
 91
        1
 92
        7
 72
     1
 73
     1
 93
        2
 10
16.78803403606807
 20
-35.81407162814326
 42
1.0
 10
19.78803911607823
 20
-35.81407162814326
 42
1.0
 97
        1
330
0
 75
     0
 76
     1
 47
0.868144
 98
        1
 10
3.629517071192367
 20
33.92795499968543
1001
ACAD
1010
0.0
1020
0.0
1030
0.0
  0
LWPOLYLINE
  5
3652
330
1F
100
AcDbEntity
  8
BOTTOM-PASTE-MASK-LAYER
100
AcDbPolyline
 90
        2
 70
     1
 43
0.0
 10
16.788034
 20
-35.814072
 42
1.0
 10
19.788039
 20
-35.814072
 42
1.0
  0
HATCH
  5
3681
330
1F
100
AcDbEntity
  8
BOTTOM-PASTE-MASK-LAYER
100
AcDbHatch
 10
0.0
 20
0.0
 30
0.0
210
0.0
220
0.0
230
1.0
  2
SOLID
 70
     1
 71
     0
 91
        1
 92
        7
 72
     1
 73
     1
 93
        2
 10
27.29805435610872
 20
-35.81407162814326
 42
1.0
 10
29.59805943611888
 20
-35.81407162814326
 42
1.0
 97
        1
330
0
 75
     0
 76
     1
 47
0.868144
 98
        1
 10
3.629517071192367
 20
33.92795499968543
1001
ACAD
1010
0.0
1020
0.0
1030
0.0
  0
LWPOLYLINE
  5
3682
330
1F
100
AcDbEntity
  8
BOTTOM-PASTE-MASK-LAYER
100
AcDbPolyline
 90
        4
 70
     0
 43
0.0
 10
27.298054
 20
-35.814072
 42
1.0
 10
29.598059
 20
-35.814072
 10
29.598059
 20
-35.814072
 42
1.0
 10
27.298054
 20
-35.814072
  0
LWPOLYLINE
  5
1048
330
1F
100
AcDbEntity
  8
TOP-LAYER
100
AcDbPolyline
 90
        4
 70
     1
 43
0.00508
 10
-0.0635
 20
-116.903734
 10
-0.0635
 20
-0.1905
 10
186.753874
 20
-0.1905
 10
186.753874
 20
-116.903734
  0
LWPOLYLINE
  5
1684
330
1F
100
AcDbEntity
  8
TOP-LAYER
100
AcDbPolyline
 90
       32
 70
     1
 43
0.0508
 10
0.358141
 20
-3.500008
 10
0.436914
 20
-2.800876
 10
0.669283
 20
-2.136803
 10
1.043597
 20
-1.541086
 10
1.541086
 20
-1.043597
 10
2.136803
 20
-0.669283
 10
2.800876
 20
-0.436914
 10
3.500008
 20
-0.358141
 10
177.500356
 20
-0.358141
 10
178.199487
 20
-0.436914
 10
178.863561
 20
-0.669283
 10
179.459278
 20
-1.043597
 10
179.956766
 20
-1.541086
 10
180.33108
 20
-2.136803
 10
180.563449
 20
-2.800876
 10
180.642223
 20
-3.500008
 10
180.642223
 20
-104.500208
 10
180.563449
 20
-105.199339
 10
180.33108
 20
-105.863413
 10
179.956766
 20
-106.45913
 10
179.459278
 20
-106.956619
 10
178.863561
 20
-107.330933
 10
178.199487
 20
-107.563302
 10
177.500356
 20
-107.642075
 10
3.500008
 20
-107.642075
 10
2.800876
 20
-107.563302
 10
2.136803
 20
-107.330933
 10
1.541086
 20
-106.956619
 10
1.043597
 20
-106.45913
 10
0.669283
 20
-105.863413
 10
0.436914
 20
-105.199339
 10
0.358141
 20
-104.500208
  0
HATCH
  5
1687
330
1F
100
AcDbEntity
  8
TOP-LAYER
100
AcDbHatch
 10
0.0
 20
0.0
 30
0.0
210
0.0
220
0.0
230
1.0
  2
SOLID
 70
     1
 71
     0
 91
        1
 92
        7
 72
     0
 73
     1
 93
       26
 10
0.3958623317246631
 20
-104.5002082804166
 10
0.4860631522478703
 20
-105.2430788721289
 10
0.7514234699953275
 20
-105.9427765252757
 10
1.17652150784506
 20
-106.5586373555535
 10
1.73665211300574
 20
-107.0548697700695
 10
2.399262530697337
 20
-107.4026345446237
 10
3.125844251934487
 20
-107.5817208545923
 10
3.874170988095987
 20
-107.5817208545923
 10
4.600752709333139
 20
-107.4026345446237
 10
5.263363127024739
 20
-107.0548697700695
 10
5.823493732185421
 20
-106.5586373555535
 10
6.248591770035154
 20
-105.9427765252757
 10
6.513952087782609
 20
-105.2430788721289
 10
6.604152908305816
 20
-104.5002082804166
 10
6.513952087782609
 20
-103.7573376887042
 10
6.248591770035151
 20
-103.0576400355575
 10
5.823493732185417
 20
-102.4417792052797
 10
5.263363127024737
 20
-101.9455467907636
 10
4.60075270933314
 20
-101.5977820162095
 10
3.87417098809599
 20
-101.4186957062409
 10
3.125844251934492
 20
-101.4186957062409
 10
2.399262530697342
 20
-101.5977820162095
 10
1.736652113005744
 20
-101.9455467907636
 10
1.176521507845063
 20
-102.4417792052797
 10
0.7514234699953297
 20
-103.0576400355575
 10
0.4860631522478712
 20
-103.7573376887042
 97
        1
330
1686
 75
     0
 76
     1
 47
0.412818
 98
        1
 10
34.90568961886538
 20
22.81183545379326
1001
ACAD
1010
0.0
1020
0.0
1030
0.0
  0
LWPOLYLINE
  5
1686
330
1F
100
AcDbEntity
  8
TOP-LAYER
100
AcDbPolyline
 90
       26
 70
     1
 43
0.0508
 10
0.395862
 20
-104.500208
 10
0.486063
 20
-105.243079
 10
0.751423
 20
-105.942777
 10
1.176522
 20
-106.558637
 10
1.736652
 20
-107.05487
 10
2.399263
 20
-107.402635
 10
3.125844
 20
-107.581721
 10
3.874171
 20
-107.581721
 10
4.600753
 20
-107.402635
 10
5.263363
 20
-107.05487
 10
5.823494
 20
-106.558637
 10
6.248592
 20
-105.942777
 10
6.513952
 20
-105.243079
 10
6.604153
 20
-104.500208
 10
6.513952
 20
-103.757338
 10
6.248592
 20
-103.05764
 10
5.823494
 20
-102.441779
 10
5.263363
 20
-101.945547
 10
4.600753
 20
-101.597782
 10
3.874171
 20
-101.418696
 10
3.125844
 20
-101.418696
 10
2.399263
 20
-101.597782
 10
1.736652
 20
-101.945547
 10
1.176522
 20
-102.441779
 10
0.751423
 20
-103.05764
 10
0.486063
 20
-103.757338
  0
HATCH
  5
1689
330
1F
100
AcDbEntity
  8
TOP-LAYER
100
AcDbHatch
 10
0.0
 20
0.0
 30
0.0
210
0.0
220
0.0
230
1.0
  2
SOLID
 70
     1
 71
     0
 91
        1
 92
        7
 72
     0
 73
     1
 93
       26
 10
0.3958623317246631
 20
-3.50000762001524
 10
0.4860631522478703
 20
-4.242878211727592
 10
0.7514234699953275
 20
-4.942575864874354
 10
1.17652150784506
 20
-5.558436695152126
 10
1.73665211300574
 20
-6.054669109668197
 10
2.399262530697337
 20
-6.402433884222329
 10
3.125844251934487
 20
-6.581520194190957
 10
3.874170988095987
 20
-6.581520194190958
 10
4.600752709333139
 20
-6.402433884222329
 10
5.263363127024739
 20
-6.054669109668197
 10
5.823493732185421
 20
-5.558436695152125
 10
6.248591770035154
 20
-4.942575864874353
 10
6.513952087782609
 20
-4.242878211727587
 10
6.604152908305816
 20
-3.50000762001524
 10
6.513952087782609
 20
-2.757137028302888
 10
6.248591770035151
 20
-2.057439375156125
 10
5.823493732185418
 20
-1.441578544878353
 10
5.263363127024738
 20
-0.9453461303622828
 10
4.600752709333141
 20
-0.5975813558081516
 10
3.874170988095991
 20
-0.4184950458395229
 10
3.125844251934493
 20
-0.4184950458395224
 10
2.399262530697343
 20
-0.5975813558081503
 10
1.736652113005745
 20
-0.9453461303622819
 10
1.176521507845064
 20
-1.441578544878352
 10
0.7514234699953302
 20
-2.057439375156122
 10
0.4860631522478717
 20
-2.757137028302886
 97
        1
330
1688
 75
     0
 76
     1
 47
0.412818
 98
        1
 10
34.90568961886538
 20
22.81183545379326
1001
ACAD
1010
0.0
1020
0.0
1030
0.0
  0
LWPOLYLINE
  5
1688
330
1F
100
AcDbEntity
  8
TOP-LAYER
100
AcDbPolyline
 90
       26
 70
     1
 43
0.0508
 10
0.395862
 20
-3.500008
 10
0.486063
 20
-4.242878
 10
0.751423
 20
-4.942576
 10
1.176522
 20
-5.558437
 10
1.736652
 20
-6.054669
 10
2.399263
 20
-6.402434
 10
3.125844
 20
-6.58152
 10
3.874171
 20
-6.58152
 10
4.600753
 20
-6.402434
 10
5.263363
 20
-6.054669
 10
5.823494
 20
-5.558437
 10
6.248592
 20
-4.942576
 10
6.513952
 20
-4.242878
 10
6.604153
 20
-3.500008
 10
6.513952
 20
-2.757137
 10
6.248592
 20
-2.057439
 10
5.823494
 20
-1.441579
 10
5.263363
 20
-0.945346
 10
4.600753
 20
-0.597581
 10
3.874171
 20
-0.418495
 10
3.125844
 20
-0.418495
 10
2.399263
 20
-0.597581
 10
1.736652
 20
-0.945346
 10
1.176522
 20
-1.441579
 10
0.751423
 20
-2.057439
 10
0.486063
 20
-2.757137
  0
HATCH
  5
1691
330
1F
100
AcDbEntity
  8
TOP-LAYER
100
AcDbHatch
 10
0.0
 20
0.0
 30
0.0
210
0.0
220
0.0
230
1.0
  2
SOLID
 70
     1
 71
     0
 91
        1
 92
        7
 72
     0
 73
     1
 93
       16
 10
0.8666878333756675
 20
-63.27792735585474
 10
0.6876174752349511
 20
-63.32590911370689
 10
0.5565288749463917
 20
-63.45699771399545
 10
0.5085471170942348
 20
-63.63606807213617
 10
0.508547117094233
 20
-65.43606807213617
 10
0.5565288749463896
 20
-65.61513843027689
 10
0.6876174752349484
 20
-65.74622703056545
 10
0.8666878333756651
 20
-65.7942087884176
 10
3.966687833375666
 20
-65.7942087884176
 10
4.145758191516382
 20
-65.74622703056545
 10
4.276846791804942
 20
-65.61513843027689
 10
4.324828549657099
 20
-65.43606807213617
 10
4.3248285496571
 20
-63.63606807213618
 10
4.276846791804944
 20
-63.45699771399546
 10
4.145758191516384
 20
-63.3259091137069
 10
3.966687833375668
 20
-63.27792735585474
 97
        1
330
1690
 75
     0
 76
     1
 47
0.412818
 98
        1
 10
34.90568961886538
 20
22.81183545379326
1001
ACAD
1010
0.0
1020
0.0
1030
0.0
  0
LWPOLYLINE
  5
1690
330
1F
100
AcDbEntity
  8
TOP-LAYER
100
AcDbPolyline
 90
       16
 70
     1
 43
0.0508
 10
0.866688
 20
-63.277927
 10
0.687617
 20
-63.325909
 10
0.556529
 20
-63.456998
 10
0.508547
 20
-63.636068
 10
0.508547
 20
-65.436068
 10
0.556529
 20
-65.615138
 10
0.687617
 20
-65.746227
 10
0.866688
 20
-65.794209
 10
3.966688
 20
-65.794209
 10
4.145758
 20
-65.746227
 10
4.276847
 20
-65.615138
 10
4.324829
 20
-65.436068
 10
4.324829
 20
-63.636068
 10
4.276847
 20
-63.456998
 10
4.145758
 20
-63.325909
 10
3.966688
 20
-63.277927
  0
HATCH
  5
1693
330
1F
100
AcDbEntity
  8
TOP-LAYER
100
AcDbHatch
 10
0.0
 20
0.0
 30
0.0
210
0.0
220
0.0
230
1.0
  2
SOLID
 70
     1
 71
     0
 91
        1
 92
        7
 72
     0
 73
     1
 93
       16
 10
0.8666878333756676
 20
-72.12806705613413
 10
0.687617475234951
 20
-72.17604881398628
 10
0.5565288749463916
 20
-72.30713741427485
 10
0.5085471170942348
 20
-72.48620777241557
 10
0.508547117094233
 20
-74.28620777241557
 10
0.5565288749463896
 20
-74.46527813055627
 10
0.6876174752349484
 20
-74.59636673084485
 10
0.8666878333756651
 20
-74.644348488697
 10
3.966687833375666
 20
-74.644348488697
 10
4.145758191516382
 20
-74.59636673084485
 10
4.276846791804942
 20
-74.46527813055627
 10
4.324828549657099
 20
-74.28620777241557
 10
4.3248285496571
 20
-72.48620777241557
 10
4.276846791804944
 20
-72.30713741427485
 10
4.145758191516385
 20
-72.17604881398628
 10
3.966687833375668
 20
-72.12806705613413
 97
        1
330
1692
 75
     0
 76
     1
 47
0.412818
 98
        1
 10
34.90568961886538
 20
22.81183545379326
1001
ACAD
1010
0.0
1020
0.0
1030
0.0
  0
LWPOLYLINE
  5
1692
330
1F
100
AcDbEntity
  8
TOP-LAYER
100
AcDbPolyline
 90
       16
 70
     1
 43
0.0508
 10
0.866688
 20
-72.128067
 10
0.687617
 20
-72.176049
 10
0.556529
 20
-72.307137
 10
0.508547
 20
-72.486208
 10
0.508547
 20
-74.286208
 10
0.556529
 20
-74.465278
 10
0.687617
 20
-74.596367
 10
0.866688
 20
-74.644348
 10
3.966688
 20
-74.644348
 10
4.145758
 20
-74.596367
 10
4.276847
 20
-74.465278
 10
4.324829
 20
-74.286208
 10
4.324829
 20
-72.486208
 10
4.276847
 20
-72.307137
 10
4.145758
 20
-72.176049
 10
3.966688
 20
-72.128067
  0
HATCH
  5
1701
330
1F
100
AcDbEntity
  8
TOP-LAYER
100
AcDbHatch
 10
0.0
 20
0.0
 30
0.0
210
0.0
220
0.0
230
1.0
  2
SOLID
 70
     1
 71
     0
 91
        1
 92
        7
 72
     0
 73
     1
 93
       18
 10
17.94117348234697
 20
-94.48818897637797
 10
17.84720609930126
 20
-93.95527346527383
 10
17.57663780337035
 20
-93.48663542980415
 10
17.16210312420625
 20
-93.13879953340737
 10
16.65360106199645
 20
-92.95371991870002
 10
16.11246447013462
 20
-92.95371991870002
 10
15.60396240792482
 20
-93.13879953340737
 10
15.18942772876072
 20
-93.48663542980415
 10
14.9188594328298
 20
-93.95527346527383
 10
14.8248920497841
 20
-94.48818897637797
 10
14.9188594328298
 20
-95.02110448748209
 10
15.18942772876072
 20
-95.48974252295177
 10
15.60396240792482
 20
-95.83757841934857
 10
16.11246447013462
 20
-96.02265803405591
 10
16.65360106199645
 20
-96.02265803405591
 10
17.16210312420625
 20
-95.83757841934857
 10
17.57663780337035
 20
-95.48974252295177
 10
17.84720609930126
 20
-95.02110448748209
 97
        1
330
1700
 75
     0
 76
     1
 47
0.412818
 98
        1
 10
34.90568961886538
 20
22.81183545379326
1001
ACAD
1010
0.0
1020
0.0
1030
0.0
  0
LWPOLYLINE
  5
1700
330
1F
100
AcDbEntity
  8
TOP-LAYER
100
AcDbPolyline
 90
       18
 70
     1
 43
0.0508
 10
17.941173
 20
-94.488189
 10
17.847206
 20
-93.955273
 10
17.576638
 20
-93.486635
 10
17.162103
 20
-93.1388
 10
16.653601
 20
-92.95372
 10
16.112464
 20
-92.95372
 10
15.603962
 20
-93.1388
 10
15.189428
 20
-93.486635
 10
14.918859
 20
-93.955273
 10
14.824892
 20
-94.488189
 10
14.918859
 20
-95.021104
 10
15.189428
 20
-95.489743
 10
15.603962
 20
-95.837578
 10
16.112464
 20
-96.022658
 10
16.653601
 20
-96.022658
 10
17.162103
 20
-95.837578
 10
17.576638
 20
-95.489743
 10
17.847206
 20
-95.021104
  0
HATCH
  5
1711
330
1F
100
AcDbEntity
  8
TOP-LAYER
100
AcDbHatch
 10
0.0
 20
0.0
 30
0.0
210
0.0
220
0.0
230
1.0
  2
SOLID
 70
     1
 71
     0
 91
        1
 92
        7
 72
     0
 73
     1
 93
       30
 10
32.55270510541023
 20
-35.81407162814327
 10
32.47350632442524
 20
-35.32258082444243
 10
32.24392771636727
 20
-34.88084637960687
 10
31.88721080584739
 20
-34.53358753842185
 10
31.43946803785845
 20
-34.31595925270141
 10
30.94602691329294
 20
-34.24999324918796
 10
30.45684123288914
 20
-34.34236763481455
 10
30.02143399500767
 20
-34.5837308346451
 10
29.68388390593855
 20
-34.94964830403053
 10
29.2981532795057
 20
-34.56834604823954
 10
28.80247260588209
 20
-34.34816385950572
 10
28.2609523959712
 20
-34.31757973457724
 10
27.74363196978154
 20
-34.48054937311928
 10
27.317420687691
 20
-34.81599455412255
 10
27.03744400546509
 20
-35.28052935782336
 10
26.9399136398273
 20
-35.81407162814327
 10
27.03744400546509
 20
-36.3476138984632
 10
27.317420687691
 20
-36.812148702164
 10
27.74363196978154
 20
-37.14759388316727
 10
28.2609523959712
 20
-37.31056352170931
 10
28.80247260588209
 20
-37.27997939678082
 10
29.2981532795057
 20
-37.05979720804701
 10
29.68388390593855
 20
-36.67849495225602
 10
30.02143399500767
 20
-37.04441242164145
 10
30.45684123288914
 20
-37.28577562147201
 10
30.94602691329294
 20
-37.3781500070986
 10
31.43946803785845
 20
-37.31218400358514
 10
31.88721080584739
 20
-37.0945557178647
 10
32.24392771636727
 20
-36.74729687667968
 10
32.47350632442524
 20
-36.30556243184412
 97
        1
330
1710
 75
     0
 76
     1
 47
0.412818
 98
        1
 10
34.90568961886538
 20
22.81183545379326
1001
ACAD
1010
0.0
1020
0.0
1030
0.0
  0
LWPOLYLINE
  5
1710
330
1F
100
AcDbEntity
  8
TOP-LAYER
100
AcDbPolyline
 90
       30
 70
     1
 43
0.0508
 10
32.552705
 20
-35.814072
 10
32.473506
 20
-35.322581
 10
32.243928
 20
-34.880846
 10
31.887211
 20
-34.533588
 10
31.439468
 20
-34.315959
 10
30.946027
 20
-34.249993
 10
30.456841
 20
-34.342368
 10
30.021434
 20
-34.583731
 10
29.683884
 20
-34.949648
 10
29.298153
 20
-34.568346
 10
28.802473
 20
-34.348164
 10
28.260952
 20
-34.31758
 10
27.743632
 20
-34.480549
 10
27.317421
 20
-34.815995
 10
27.037444
 20
-35.280529
 10
26.939914
 20
-35.814072
 10
27.037444
 20
-36.347614
 10
27.317421
 20
-36.812149
 10
27.743632
 20
-37.147594
 10
28.260952
 20
-37.310564
 10
28.802473
 20
-37.279979
 10
29.298153
 20
-37.059797
 10
29.683884
 20
-36.678495
 10
30.021434
 20
-37.044412
 10
30.456841
 20
-37.285776
 10
30.946027
 20
-37.37815
 10
31.439468
 20
-37.312184
 10
31.887211
 20
-37.094556
 10
32.243928
 20
-36.747297
 10
32.473506
 20
-36.305562
  0
HATCH
  5
1713
330
1F
100
AcDbEntity
  8
TOP-LAYER
100
AcDbHatch
 10
0.0
 20
0.0
 30
0.0
210
0.0
220
0.0
230
1.0
  2
SOLID
 70
     1
 71
     0
 91
        1
 92
        7
 72
     0
 73
     1
 93
       20
 10
38.60807721615444
 20
-37.67221488442981
 10
39.18227506033018
 20
-37.58127088024447
 10
39.70026641884637
 20
-37.31734110046229
 10
40.11134668847343
 20
-36.90626083083522
 10
40.37527646825563
 20
-36.38826947231903
 10
40.46622047244095
 20
-35.8140716281433
 10
40.37527646825563
 20
-35.23987378396756
 10
40.11134668847343
 20
-34.72188242545137
 10
39.70026641884637
 20
-34.31080215582431
 10
39.18227506033018
 20
-34.04687237604212
 10
38.60807721615444
 20
-33.95592837185679
 10
38.03387937197871
 20
-34.04687237604212
 10
37.51588801346252
 20
-34.31080215582431
 10
37.10480774383546
 20
-34.72188242545137
 10
36.84087796405326
 20
-35.23987378396756
 10
36.74993395986793
 20
-35.8140716281433
 10
36.84087796405326
 20
-36.38826947231903
 10
37.10480774383546
 20
-36.90626083083522
 10
37.51588801346252
 20
-37.31734110046229
 10
38.03387937197871
 20
-37.58127088024447
 97
        1
330
1712
 75
     0
 76
     1
 47
0.412818
 98
        1
 10
34.90568961886538
 20
22.81183545379326
1001
ACAD
1010
0.0
1020
0.0
1030
0.0
  0
LWPOLYLINE
  5
1712
330
1F
100
AcDbEntity
  8
TOP-LAYER
100
AcDbPolyline
 90
       20
 70
     1
 43
0.0508
 10
38.608077
 20
-37.672215
 10
39.182275
 20
-37.581271
 10
39.700266
 20
-37.317341
 10
40.111347
 20
-36.906261
 10
40.375276
 20
-36.388269
 10
40.46622
 20
-35.814072
 10
40.375276
 20
-35.239874
 10
40.111347
 20
-34.721882
 10
39.700266
 20
-34.310802
 10
39.182275
 20
-34.046872
 10
38.608077
 20
-33.955928
 10
38.033879
 20
-34.046872
 10
37.515888
 20
-34.310802
 10
37.104808
 20
-34.721882
 10
36.840878
 20
-35.239874
 10
36.749934
 20
-35.814072
 10
36.840878
 20
-36.388269
 10
37.104808
 20
-36.906261
 10
37.515888
 20
-37.317341
 10
38.033879
 20
-37.581271
  0
HATCH
  5
1715
330
1F
100
AcDbEntity
  8
TOP-LAYER
100
AcDbHatch
 10
0.0
 20
0.0
 30
0.0
210
0.0
220
0.0
230
1.0
  2
SOLID
 70
     1
 71
     0
 91
        1
 92
        7
 72
     0
 73
     1
 93
       16
 10
55.27691135382272
 20
-107.2105283210567
 10
55.32489311167488
 20
-107.3895986791974
 10
55.45598171196344
 20
-107.5206872794859
 10
55.63505207010414
 20
-107.5686690373381
 10
57.43505207010414
 20
-107.5686690373381
 10
57.61412242824486
 20
-107.5206872794859
 10
57.74521102853343
 20
-107.3895986791974
 10
57.79319278638558
 20
-107.2105283210567
 10
57.79319278638557
 20
-104.1105283210567
 10
57.74521102853342
 20
-103.9314579629159
 10
57.61412242824485
 20
-103.8003693626274
 10
57.43505207010414
 20
-103.7523876047752
 10
55.63505207010414
 20
-103.7523876047752
 10
55.45598171196343
 20
-103.8003693626274
 10
55.32489311167487
 20
-103.9314579629159
 10
55.27691135382271
 20
-104.1105283210567
 97
        1
330
1714
 75
     0
 76
     1
 47
0.412818
 98
        1
 10
34.90568961886538
 20
22.81183545379326
1001
ACAD
1010
0.0
1020
0.0
1030
0.0
  0
LWPOLYLINE
  5
1714
330
1F
100
AcDbEntity
  8
TOP-LAYER
100
AcDbPolyline
 90
       16
 70
     1
 43
0.0508
 10
55.276911
 20
-107.210528
 10
55.324893
 20
-107.389599
 10
55.455982
 20
-107.520687
 10
55.635052
 20
-107.568669
 10
57.435052
 20
-107.568669
 10
57.614122
 20
-107.520687
 10
57.745211
 20
-107.389599
 10
57.793193
 20
-107.210528
 10
57.793193
 20
-104.110528
 10
57.745211
 20
-103.931458
 10
57.614122
 20
-103.800369
 10
57.435052
 20
-103.752388
 10
55.635052
 20
-103.752388
 10
55.455982
 20
-103.800369
 10
55.324893
 20
-103.931458
 10
55.276911
 20
-104.110528
  0
HATCH
  5
1719
330
1F
100
AcDbEntity
  8
TOP-LAYER
100
AcDbHatch
 10
0.0
 20
0.0
 30
0.0
210
0.0
220
0.0
230
1.0
  2
SOLID
 70
     1
 71
     0
 91
        1
 92
        7
 72
     0
 73
     1
 93
       16
 10
64.12705105410214
 20
-107.2105283210567
 10
64.17503281195428
 20
-107.3895986791974
 10
64.30612141224285
 20
-107.5206872794859
 10
64.48519177038357
 20
-107.5686690373381
 10
66.28519177038356
 20
-107.5686690373381
 10
66.46426212852428
 20
-107.5206872794859
 10
66.59535072881283
 20
-107.3895986791974
 10
66.64333248666499
 20
-107.2105283210567
 10
66.64333248666499
 20
-104.1105283210567
 10
66.59535072881283
 20
-103.9314579629159
 10
66.46426212852428
 20
-103.8003693626274
 10
66.28519177038356
 20
-103.7523876047752
 10
64.48519177038357
 20
-103.7523876047752
 10
64.30612141224285
 20
-103.8003693626274
 10
64.17503281195428
 20
-103.9314579629159
 10
64.12705105410213
 20
-104.1105283210567
 97
        1
330
1718
 75
     0
 76
     1
 47
0.412818
 98
        1
 10
34.90568961886538
 20
22.81183545379326
1001
ACAD
1010
0.0
1020
0.0
1030
0.0
  0
LWPOLYLINE
  5
1718
330
1F
100
AcDbEntity
  8
TOP-LAYER
100
AcDbPolyline
 90
       16
 70
     1
 43
0.0508
 10
64.127051
 20
-107.210528
 10
64.175033
 20
-107.389599
 10
64.306121
 20
-107.520687
 10
64.485192
 20
-107.568669
 10
66.285192
 20
-107.568669
 10
66.464262
 20
-107.520687
 10
66.595351
 20
-107.389599
 10
66.643332
 20
-107.210528
 10
66.643332
 20
-104.110528
 10
66.595351
 20
-103.931458
 10
66.464262
 20
-103.800369
 10
66.285192
 20
-103.752388
 10
64.485192
 20
-103.752388
 10
64.306121
 20
-103.800369
 10
64.175033
 20
-103.931458
 10
64.127051
 20
-104.110528
  0
HATCH
  5
1723
330
1F
100
AcDbEntity
  8
TOP-LAYER
100
AcDbHatch
 10
0.0
 20
0.0
 30
0.0
210
0.0
220
0.0
230
1.0
  2
SOLID
 70
     1
 71
     0
 91
        1
 92
        7
 72
     0
 73
     1
 93
       16
 10
75.06414782829567
 20
-89.98729997459998
 10
75.24321818643638
 20
-89.93931821674781
 10
75.37430678672494
 20
-89.80822961645926
 10
75.4222885445771
 20
-89.62915925831854
 10
75.42228854457711
 20
-85.62915925831854
 10
75.37430678672494
 20
-85.45008890017782
 10
75.24321818643638
 20
-85.31900029988927
 10
75.06414782829567
 20
-85.27101854203711
 10
72.76414782829566
 20
-85.2710185420371
 10
72.58507747015494
 20
-85.31900029988927
 10
72.4539888698664
 20
-85.45008890017782
 10
72.40600711201424
 20
-85.62915925831854
 10
72.40600711201422
 20
-89.62915925831854
 10
72.4539888698664
 20
-89.80822961645926
 10
72.58507747015494
 20
-89.93931821674781
 10
72.76414782829566
 20
-89.98729997459996
 97
        1
330
1722
 75
     0
 76
     1
 47
0.412818
 98
        1
 10
34.90568961886538
 20
22.81183545379326
1001
ACAD
1010
0.0
1020
0.0
1030
0.0
  0
LWPOLYLINE
  5
1722
330
1F
100
AcDbEntity
  8
TOP-LAYER
100
AcDbPolyline
 90
       16
 70
     1
 43
0.0508
 10
75.064148
 20
-89.9873
 10
75.243218
 20
-89.939318
 10
75.374307
 20
-89.80823
 10
75.422289
 20
-89.629159
 10
75.422289
 20
-85.629159
 10
75.374307
 20
-85.450089
 10
75.243218
 20
-85.319
 10
75.064148
 20
-85.271019
 10
72.764148
 20
-85.271019
 10
72.585077
 20
-85.319
 10
72.453989
 20
-85.450089
 10
72.406007
 20
-85.629159
 10
72.406007
 20
-89.629159
 10
72.453989
 20
-89.80823
 10
72.585077
 20
-89.939318
 10
72.764148
 20
-89.9873
  0
HATCH
  5
1725
330
1F
100
AcDbEntity
  8
TOP-LAYER
100
AcDbHatch
 10
0.0
 20
0.0
 30
0.0
210
0.0
220
0.0
230
1.0
  2
SOLID
 70
     1
 71
     0
 91
        1
 92
        7
 72
     0
 73
     1
 93
       16
 10
72.80599441198883
 20
-75.72923545847092
 10
72.89034756808734
 20
-76.15330741141032
 10
73.13056503303007
 20
-76.51281825373653
 10
73.49007587535627
 20
-76.75303571867927
 10
73.91414782829567
 20
-76.83738887477776
 10
74.33821978123507
 20
-76.75303571867927
 10
74.69773062356126
 20
-76.51281825373653
 10
74.937948088504
 20
-76.15330741141032
 10
75.0223012446025
 20
-75.72923545847092
 10
74.937948088504
 20
-75.30516350553154
 10
74.69773062356126
 20
-74.94565266320534
 10
74.33821978123507
 20
-74.70543519826259
 10
73.91414782829567
 20
-74.6210820421641
 10
73.49007587535627
 20
-74.70543519826259
 10
73.13056503303007
 20
-74.94565266320534
 10
72.89034756808734
 20
-75.30516350553154
 97
        1
330
1724
 75
     0
 76
     1
 47
0.412818
 98
        1
 10
34.90568961886538
 20
22.81183545379326
1001
ACAD
1010
0.0
1020
0.0
1030
0.0
  0
LWPOLYLINE
  5
1724
330
1F
100
AcDbEntity
  8
TOP-LAYER
100
AcDbPolyline
 90
       16
 70
     1
 43
0.0508
 10
72.805994
 20
-75.729235
 10
72.890348
 20
-76.153307
 10
73.130565
 20
-76.512818
 10
73.490076
 20
-76.753036
 10
73.914148
 20
-76.837389
 10
74.33822
 20
-76.753036
 10
74.697731
 20
-76.512818
 10
74.937948
 20
-76.153307
 10
75.022301
 20
-75.729235
 10
74.937948
 20
-75.305164
 10
74.697731
 20
-74.945653
 10
74.33822
 20
-74.705435
 10
73.914148
 20
-74.621082
 10
73.490076
 20
-74.705435
 10
73.130565
 20
-74.945653
 10
72.890348
 20
-75.305164
  0
HATCH
  5
1727
330
1F
100
AcDbEntity
  8
TOP-LAYER
100
AcDbHatch
 10
0.0
 20
0.0
 30
0.0
210
0.0
220
0.0
230
1.0
  2
SOLID
 70
     1
 71
     0
 91
        1
 92
        7
 72
     0
 73
     1
 93
       16
 10
72.80599441198883
 20
-83.22910845821693
 10
72.89034756808734
 20
-83.65318041115633
 10
73.13056503303007
 20
-84.01269125348252
 10
73.49007587535627
 20
-84.25290871842526
 10
73.91414782829567
 20
-84.33726187452376
 10
74.33821978123507
 20
-84.25290871842526
 10
74.69773062356126
 20
-84.01269125348252
 10
74.937948088504
 20
-83.65318041115633
 10
75.0223012446025
 20
-83.22910845821693
 10
74.937948088504
 20
-82.80503650527753
 10
74.69773062356126
 20
-82.44552566295133
 10
74.33821978123507
 20
-82.2053081980086
 10
73.91414782829567
 20
-82.1209550419101
 10
73.49007587535627
 20
-82.2053081980086
 10
73.13056503303007
 20
-82.44552566295133
 10
72.89034756808734
 20
-82.80503650527753
 97
        1
330
1726
 75
     0
 76
     1
 47
0.412818
 98
        1
 10
34.90568961886538
 20
22.81183545379326
1001
ACAD
1010
0.0
1020
0.0
1030
0.0
  0
LWPOLYLINE
  5
1726
330
1F
100
AcDbEntity
  8
TOP-LAYER
100
AcDbPolyline
 90
       16
 70
     1
 43
0.0508
 10
72.805994
 20
-83.229108
 10
72.890348
 20
-83.65318
 10
73.130565
 20
-84.012691
 10
73.490076
 20
-84.252909
 10
73.914148
 20
-84.337262
 10
74.33822
 20
-84.252909
 10
74.697731
 20
-84.012691
 10
74.937948
 20
-83.65318
 10
75.022301
 20
-83.229108
 10
74.937948
 20
-82.805037
 10
74.697731
 20
-82.445526
 10
74.33822
 20
-82.205308
 10
73.914148
 20
-82.120955
 10
73.490076
 20
-82.205308
 10
73.130565
 20
-82.445526
 10
72.890348
 20
-82.805037
  0
HATCH
  5
1729
330
1F
100
AcDbEntity
  8
TOP-LAYER
100
AcDbHatch
 10
0.0
 20
0.0
 30
0.0
210
0.0
220
0.0
230
1.0
  2
SOLID
 70
     1
 71
     0
 91
        1
 92
        7
 72
     0
 73
     1
 93
       16
 10
75.596951993904
 20
-107.2105283210567
 10
75.64493375175617
 20
-107.3895986791974
 10
75.77602235204472
 20
-107.5206872794859
 10
75.95509271018544
 20
-107.5686690373381
 10
77.75509271018544
 20
-107.5686690373381
 10
77.93416306832616
 20
-107.5206872794859
 10
78.06525166861472
 20
-107.3895986791974
 10
78.11323342646688
 20
-107.2105283210567
 10
78.11323342646688
 20
-104.1105283210567
 10
78.0652516686147
 20
-103.9314579629159
 10
77.93416306832614
 20
-103.8003693626274
 10
77.75509271018544
 20
-103.7523876047752
 10
75.95509271018544
 20
-103.7523876047752
 10
75.77602235204472
 20
-103.8003693626274
 10
75.64493375175616
 20
-103.9314579629159
 10
75.596951993904
 20
-104.1105283210567
 97
        1
330
1728
 75
     0
 76
     1
 47
0.412818
 98
        1
 10
34.90568961886538
 20
22.81183545379326
1001
ACAD
1010
0.0
1020
0.0
1030
0.0
  0
LWPOLYLINE
  5
1728
330
1F
100
AcDbEntity
  8
TOP-LAYER
100
AcDbPolyline
 90
       16
 70
     1
 43
0.0508
 10
75.596952
 20
-107.210528
 10
75.644934
 20
-107.389599
 10
75.776022
 20
-107.520687
 10
75.955093
 20
-107.568669
 10
77.755093
 20
-107.568669
 10
77.934163
 20
-107.520687
 10
78.065252
 20
-107.389599
 10
78.113233
 20
-107.210528
 10
78.113233
 20
-104.110528
 10
78.065252
 20
-103.931458
 10
77.934163
 20
-103.800369
 10
77.755093
 20
-103.752388
 10
75.955093
 20
-103.752388
 10
75.776022
 20
-103.800369
 10
75.644934
 20
-103.931458
 10
75.596952
 20
-104.110528
  0
HATCH
  5
1733
330
1F
100
AcDbEntity
  8
TOP-LAYER
100
AcDbHatch
 10
0.0
 20
0.0
 30
0.0
210
0.0
220
0.0
230
1.0
  2
SOLID
 70
     1
 71
     0
 91
        1
 92
        7
 72
     0
 73
     1
 93
       16
 10
84.44709169418338
 20
-107.2105283210567
 10
84.49507345203556
 20
-107.3895986791974
 10
84.62616205232412
 20
-107.5206872794859
 10
84.80523241046482
 20
-107.5686690373381
 10
86.60523241046482
 20
-107.5686690373381
 10
86.78430276860556
 20
-107.5206872794859
 10
86.9153913688941
 20
-107.3895986791974
 10
86.96337312674626
 20
-107.2105283210567
 10
86.96337312674626
 20
-104.1105283210567
 10
86.91539136889409
 20
-103.9314579629159
 10
86.78430276860554
 20
-103.8003693626274
 10
86.60523241046482
 20
-103.7523876047752
 10
84.80523241046482
 20
-103.7523876047752
 10
84.62616205232412
 20
-103.8003693626274
 10
84.49507345203554
 20
-103.9314579629159
 10
84.44709169418338
 20
-104.1105283210567
 97
        1
330
1732
 75
     0
 76
     1
 47
0.412818
 98
        1
 10
34.90568961886538
 20
22.81183545379326
1001
ACAD
1010
0.0
1020
0.0
1030
0.0
  0
LWPOLYLINE
  5
1732
330
1F
100
AcDbEntity
  8
TOP-LAYER
100
AcDbPolyline
 90
       16
 70
     1
 43
0.0508
 10
84.447092
 20
-107.210528
 10
84.495073
 20
-107.389599
 10
84.626162
 20
-107.520687
 10
84.805232
 20
-107.568669
 10
86.605232
 20
-107.568669
 10
86.784303
 20
-107.520687
 10
86.915391
 20
-107.389599
 10
86.963373
 20
-107.210528
 10
86.963373
 20
-104.110528
 10
86.915391
 20
-103.931458
 10
86.784303
 20
-103.800369
 10
86.605232
 20
-103.752388
 10
84.805232
 20
-103.752388
 10
84.626162
 20
-103.800369
 10
84.495073
 20
-103.931458
 10
84.447092
 20
-104.110528
  0
HATCH
  5
1735
330
1F
100
AcDbEntity
  8
TOP-LAYER
100
AcDbHatch
 10
0.0
 20
0.0
 30
0.0
210
0.0
220
0.0
230
1.0
  2
SOLID
 70
     1
 71
     0
 91
        1
 92
        7
 72
     0
 73
     1
 93
       16
 10
95.9169926339853
 20
-107.2105283210567
 10
95.96497439183747
 20
-107.3895986791974
 10
96.09606299212602
 20
-107.5206872794859
 10
96.27513335026674
 20
-107.5686690373381
 10
98.07513335026673
 20
-107.5686690373381
 10
98.25420370840746
 20
-107.5206872794859
 10
98.38529230869601
 20
-107.3895986791974
 10
98.43327406654817
 20
-107.2105283210567
 10
98.43327406654817
 20
-104.1105283210567
 10
98.385292308696
 20
-103.9314579629159
 10
98.25420370840745
 20
-103.8003693626274
 10
98.07513335026673
 20
-103.7523876047752
 10
96.27513335026674
 20
-103.7523876047752
 10
96.09606299212602
 20
-103.8003693626274
 10
95.96497439183746
 20
-103.9314579629159
 10
95.9169926339853
 20
-104.1105283210567
 97
        1
330
1734
 75
     0
 76
     1
 47
0.412818
 98
        1
 10
34.90568961886538
 20
22.81183545379326
1001
ACAD
1010
0.0
1020
0.0
1030
0.0
  0
LWPOLYLINE
  5
1734
330
1F
100
AcDbEntity
  8
TOP-LAYER
100
AcDbPolyline
 90
       16
 70
     1
 43
0.0508
 10
95.916993
 20
-107.210528
 10
95.964974
 20
-107.389599
 10
96.096063
 20
-107.520687
 10
96.275133
 20
-107.568669
 10
98.075133
 20
-107.568669
 10
98.254204
 20
-107.520687
 10
98.385292
 20
-107.389599
 10
98.433274
 20
-107.210528
 10
98.433274
 20
-104.110528
 10
98.385292
 20
-103.931458
 10
98.254204
 20
-103.800369
 10
98.075133
 20
-103.752388
 10
96.275133
 20
-103.752388
 10
96.096063
 20
-103.800369
 10
95.964974
 20
-103.931458
 10
95.916993
 20
-104.110528
  0
HATCH
  5
1743
330
1F
100
AcDbEntity
  8
TOP-LAYER
100
AcDbHatch
 10
0.0
 20
0.0
 30
0.0
210
0.0
220
0.0
230
1.0
  2
SOLID
 70
     1
 71
     0
 91
        1
 92
        7
 72
     0
 73
     1
 93
       16
 10
104.7671323342647
 20
-107.2105283210567
 10
104.8151140921168
 20
-107.3895986791974
 10
104.9462026924054
 20
-107.5206872794859
 10
105.1252730505461
 20
-107.5686690373381
 10
106.9252730505461
 20
-107.5686690373381
 10
107.1043434086868
 20
-107.5206872794859
 10
107.2354320089754
 20
-107.3895986791974
 10
107.2834137668276
 20
-107.2105283210567
 10
107.2834137668276
 20
-104.1105283210567
 10
107.2354320089754
 20
-103.9314579629159
 10
107.1043434086868
 20
-103.8003693626274
 10
106.9252730505461
 20
-103.7523876047752
 10
105.1252730505461
 20
-103.7523876047752
 10
104.9462026924054
 20
-103.8003693626274
 10
104.8151140921168
 20
-103.9314579629159
 10
104.7671323342647
 20
-104.1105283210567
 97
        1
330
1742
 75
     0
 76
     1
 47
0.412818
 98
        1
 10
34.90568961886538
 20
22.81183545379326
1001
ACAD
1010
0.0
1020
0.0
1030
0.0
  0
LWPOLYLINE
  5
1742
330
1F
100
AcDbEntity
  8
TOP-LAYER
100
AcDbPolyline
 90
       16
 70
     1
 43
0.0508
 10
104.767132
 20
-107.210528
 10
104.815114
 20
-107.389599
 10
104.946203
 20
-107.520687
 10
105.125273
 20
-107.568669
 10
106.925273
 20
-107.568669
 10
107.104343
 20
-107.520687
 10
107.235432
 20
-107.389599
 10
107.283414
 20
-107.210528
 10
107.283414
 20
-104.110528
 10
107.235432
 20
-103.931458
 10
107.104343
 20
-103.800369
 10
106.925273
 20
-103.752388
 10
105.125273
 20
-103.752388
 10
104.946203
 20
-103.800369
 10
104.815114
 20
-103.931458
 10
104.767132
 20
-104.110528
  0
HATCH
  5
1749
330
1F
100
AcDbEntity
  8
TOP-LAYER
100
AcDbHatch
 10
0.0
 20
0.0
 30
0.0
210
0.0
220
0.0
230
1.0
  2
SOLID
 70
     1
 71
     0
 91
        1
 92
        7
 72
     0
 73
     1
 93
       16
 10
117.2363728727458
 20
-93.59918719837441
 10
117.1482146600047
 20
-93.15598593390607
 10
116.8971613105152
 20
-92.78025804432357
 10
116.5214334209327
 20
-92.52920469483404
 10
116.0782321564643
 20
-92.44104648209297
 10
115.635030891996
 20
-92.52920469483404
 10
115.2593030024135
 20
-92.78025804432357
 10
115.008249652924
 20
-93.15598593390607
 10
114.9200914401829
 20
-93.59918719837441
 10
115.008249652924
 20
-94.04238846284275
 10
115.2593030024135
 20
-94.41811635242524
 10
115.635030891996
 20
-94.66916970191478
 10
116.0782321564643
 20
-94.75732791465583
 10
116.5214334209327
 20
-94.66916970191478
 10
116.8971613105152
 20
-94.41811635242524
 10
117.1482146600047
 20
-94.04238846284275
 97
        1
330
1748
 75
     0
 76
     1
 47
0.412818
 98
        1
 10
34.90568961886538
 20
22.81183545379326
1001
ACAD
1010
0.0
1020
0.0
1030
0.0
  0
LWPOLYLINE
  5
1748
330
1F
100
AcDbEntity
  8
TOP-LAYER
100
AcDbPolyline
 90
       16
 70
     1
 43
0.0508
 10
117.236373
 20
-93.599187
 10
117.148215
 20
-93.155986
 10
116.897161
 20
-92.780258
 10
116.521433
 20
-92.529205
 10
116.078232
 20
-92.441046
 10
115.635031
 20
-92.529205
 10
115.259303
 20
-92.780258
 10
115.00825
 20
-93.155986
 10
114.920091
 20
-93.599187
 10
115.00825
 20
-94.042388
 10
115.259303
 20
-94.418116
 10
115.635031
 20
-94.66917
 10
116.078232
 20
-94.757328
 10
116.521433
 20
-94.66917
 10
116.897161
 20
-94.418116
 10
117.148215
 20
-94.042388
  0
HATCH
  5
1751
330
1F
100
AcDbEntity
  8
TOP-LAYER
100
AcDbHatch
 10
0.0
 20
0.0
 30
0.0
210
0.0
220
0.0
230
1.0
  2
SOLID
 70
     1
 71
     0
 91
        1
 92
        7
 72
     0
 73
     1
 93
       16
 10
117.2363728727458
 20
-101.2192024384049
 10
117.1482146600047
 20
-100.7760011739365
 10
116.8971613105152
 20
-100.4002732843541
 10
116.5214334209327
 20
-100.1492199348645
 10
116.0782321564643
 20
-100.0610617221235
 10
115.635030891996
 20
-100.1492199348645
 10
115.2593030024135
 20
-100.4002732843541
 10
115.008249652924
 20
-100.7760011739365
 10
114.9200914401829
 20
-101.2192024384049
 10
115.008249652924
 20
-101.6624037028732
 10
115.2593030024135
 20
-102.0381315924557
 10
115.635030891996
 20
-102.2891849419453
 10
116.0782321564643
 20
-102.3773431546863
 10
116.5214334209327
 20
-102.2891849419453
 10
116.8971613105152
 20
-102.0381315924557
 10
117.1482146600047
 20
-101.6624037028732
 97
        1
330
1750
 75
     0
 76
     1
 47
0.412818
 98
        1
 10
34.90568961886538
 20
22.81183545379326
1001
ACAD
1010
0.0
1020
0.0
1030
0.0
  0
LWPOLYLINE
  5
1750
330
1F
100
AcDbEntity
  8
TOP-LAYER
100
AcDbPolyline
 90
       16
 70
     1
 43
0.0508
 10
117.236373
 20
-101.219202
 10
117.148215
 20
-100.776001
 10
116.897161
 20
-100.400273
 10
116.521433
 20
-100.14922
 10
116.078232
 20
-100.061062
 10
115.635031
 20
-100.14922
 10
115.259303
 20
-100.400273
 10
115.00825
 20
-100.776001
 10
114.920091
 20
-101.219202
 10
115.00825
 20
-101.662404
 10
115.259303
 20
-102.038132
 10
115.635031
 20
-102.289185
 10
116.078232
 20
-102.377343
 10
116.521433
 20
-102.289185
 10
116.897161
 20
-102.038132
 10
117.148215
 20
-101.662404
  0
HATCH
  5
1753
330
1F
100
AcDbEntity
  8
TOP-LAYER
100
AcDbHatch
 10
0.0
 20
0.0
 30
0.0
210
0.0
220
0.0
230
1.0
  2
SOLID
 70
     1
 71
     0
 91
        1
 92
        7
 72
     0
 73
     1
 93
       16
 10
137.556413512827
 20
-98.67919735839473
 10
137.468255300086
 20
-98.23599609392639
 10
137.2172019505965
 20
-97.86026820434388
 10
136.8414740610139
 20
-97.60921485485434
 10
136.3982727965456
 20
-97.52105664211328
 10
135.9550715320773
 20
-97.60921485485434
 10
135.5793436424948
 20
-97.86026820434388
 10
135.3282902930052
 20
-98.23599609392637
 10
135.2401320802642
 20
-98.67919735839473
 10
135.3282902930052
 20
-99.12239862286307
 10
135.5793436424948
 20
-99.49812651244558
 10
135.9550715320773
 20
-99.74917986193512
 10
136.3982727965456
 20
-99.83733807467617
 10
136.8414740610139
 20
-99.74917986193512
 10
137.2172019505965
 20
-99.49812651244558
 10
137.468255300086
 20
-99.12239862286309
 97
        1
330
1752
 75
     0
 76
     1
 47
0.412818
 98
        1
 10
34.90568961886538
 20
22.81183545379326
1001
ACAD
1010
0.0
1020
0.0
1030
0.0
  0
LWPOLYLINE
  5
1752
330
1F
100
AcDbEntity
  8
TOP-LAYER
100
AcDbPolyline
 90
       16
 70
     1
 43
0.0508
 10
137.556414
 20
-98.679197
 10
137.468255
 20
-98.235996
 10
137.217202
 20
-97.860268
 10
136.841474
 20
-97.609215
 10
136.398273
 20
-97.521057
 10
135.955072
 20
-97.609215
 10
135.579344
 20
-97.860268
 10
135.32829
 20
-98.235996
 10
135.240132
 20
-98.679197
 10
135.32829
 20
-99.122399
 10
135.579344
 20
-99.498127
 10
135.955072
 20
-99.74918
 10
136.398273
 20
-99.837338
 10
136.841474
 20
-99.74918
 10
137.217202
 20
-99.498127
 10
137.468255
 20
-99.122399
  0
HATCH
  5
1755
330
1F
100
AcDbEntity
  8
TOP-LAYER
100
AcDbHatch
 10
0.0
 20
0.0
 30
0.0
210
0.0
220
0.0
230
1.0
  2
SOLID
 70
     1
 71
     0
 91
        1
 92
        7
 72
     0
 73
     1
 93
       16
 10
137.556413512827
 20
-91.05918211836425
 10
137.468255300086
 20
-90.6159808538959
 10
137.2172019505965
 20
-90.2402529643134
 10
136.8414740610139
 20
-89.98919961482386
 10
136.3982727965456
 20
-89.90104140208281
 10
135.9550715320773
 20
-89.98919961482386
 10
135.5793436424948
 20
-90.2402529643134
 10
135.3282902930052
 20
-90.61598085389589
 10
135.2401320802642
 20
-91.05918211836425
 10
135.3282902930052
 20
-91.50238338283259
 10
135.5793436424948
 20
-91.8781112724151
 10
135.9550715320773
 20
-92.12916462190464
 10
136.3982727965456
 20
-92.2173228346457
 10
136.8414740610139
 20
-92.12916462190464
 10
137.2172019505965
 20
-91.8781112724151
 10
137.468255300086
 20
-91.5023833828326
 97
        1
330
1754
 75
     0
 76
     1
 47
0.412818
 98
        1
 10
34.90568961886538
 20
22.81183545379326
1001
ACAD
1010
0.0
1020
0.0
1030
0.0
  0
LWPOLYLINE
  5
1754
330
1F
100
AcDbEntity
  8
TOP-LAYER
100
AcDbPolyline
 90
       16
 70
     1
 43
0.0508
 10
137.556414
 20
-91.059182
 10
137.468255
 20
-90.615981
 10
137.217202
 20
-90.240253
 10
136.841474
 20
-89.9892
 10
136.398273
 20
-89.901041
 10
135.955072
 20
-89.9892
 10
135.579344
 20
-90.240253
 10
135.32829
 20
-90.615981
 10
135.240132
 20
-91.059182
 10
135.32829
 20
-91.502383
 10
135.579344
 20
-91.878111
 10
135.955072
 20
-92.129165
 10
136.398273
 20
-92.217323
 10
136.841474
 20
-92.129165
 10
137.217202
 20
-91.878111
 10
137.468255
 20
-91.502383
  0
HATCH
  5
1757
330
1F
100
AcDbEntity
  8
TOP-LAYER
100
AcDbHatch
 10
0.0
 20
0.0
 30
0.0
210
0.0
220
0.0
230
1.0
  2
SOLID
 70
     1
 71
     0
 91
        1
 92
        7
 72
     0
 73
     1
 93
       16
 10
135.5982727965456
 20
-100.0610617221234
 10
135.4192024384049
 20
-100.1090434799756
 10
135.2881138381163
 20
-100.2401320802642
 10
135.2401320802642
 20
-100.4192024384049
 10
135.2401320802642
 20
-102.0192024384049
 10
135.2881138381163
 20
-102.1982727965456
 10
135.4192024384049
 20
-102.3293613968342
 10
135.5982727965456
 20
-102.3773431546863
 10
137.1982727965456
 20
-102.3773431546863
 10
137.3773431546863
 20
-102.3293613968342
 10
137.5084317549749
 20
-102.1982727965456
 10
137.556413512827
 20
-102.0192024384049
 10
137.556413512827
 20
-100.4192024384049
 10
137.5084317549749
 20
-100.2401320802642
 10
137.3773431546863
 20
-100.1090434799756
 10
137.1982727965456
 20
-100.0610617221235
 97
        1
330
1756
 75
     0
 76
     1
 47
0.412818
 98
        1
 10
34.90568961886538
 20
22.81183545379326
1001
ACAD
1010
0.0
1020
0.0
1030
0.0
  0
LWPOLYLINE
  5
1756
330
1F
100
AcDbEntity
  8
TOP-LAYER
100
AcDbPolyline
 90
       16
 70
     1
 43
0.0508
 10
135.598273
 20
-100.061062
 10
135.419202
 20
-100.109043
 10
135.288114
 20
-100.240132
 10
135.240132
 20
-100.419202
 10
135.240132
 20
-102.019202
 10
135.288114
 20
-102.198273
 10
135.419202
 20
-102.329361
 10
135.598273
 20
-102.377343
 10
137.198273
 20
-102.377343
 10
137.377343
 20
-102.329361
 10
137.508432
 20
-102.198273
 10
137.556414
 20
-102.019202
 10
137.556414
 20
-100.419202
 10
137.508432
 20
-100.240132
 10
137.377343
 20
-100.109043
 10
137.198273
 20
-100.061062
  0
HATCH
  5
1767
330
1F
100
AcDbEntity
  8
TOP-LAYER
100
AcDbHatch
 10
0.0
 20
0.0
 30
0.0
210
0.0
220
0.0
230
1.0
  2
SOLID
 70
     1
 71
     0
 91
        1
 92
        7
 72
     0
 73
     1
 93
       16
 10
170.6882397764796
 20
-53.9769748539497
 10
170.225904340393
 20
-54.06893909006519
 10
169.8339552833694
 20
-54.33083107712096
 10
169.5720632963136
 20
-54.72278013414454
 10
169.4800990601981
 20
-55.18511557023113
 10
169.5720632963136
 20
-55.64745100631773
 10
169.8339552833694
 20
-56.03940006334131
 10
170.225904340393
 20
-56.30129205039708
 10
170.6882397764796
 20
-56.39325628651257
 10
171.1505752125662
 20
-56.30129205039708
 10
171.5425242695897
 20
-56.03940006334131
 10
171.8044162566455
 20
-55.64745100631773
 10
171.896380492761
 20
-55.18511557023113
 10
171.8044162566455
 20
-54.72278013414454
 10
171.5425242695898
 20
-54.33083107712096
 10
171.1505752125662
 20
-54.06893909006519
 97
        1
330
1766
 75
     0
 76
     1
 47
0.412818
 98
        1
 10
34.90568961886538
 20
22.81183545379326
1001
ACAD
1010
0.0
1020
0.0
1030
0.0
  0
LWPOLYLINE
  5
1766
330
1F
100
AcDbEntity
  8
TOP-LAYER
100
AcDbPolyline
 90
       16
 70
     1
 43
0.0508
 10
170.68824
 20
-53.976975
 10
170.225904
 20
-54.068939
 10
169.833955
 20
-54.330831
 10
169.572063
 20
-54.72278
 10
169.480099
 20
-55.185116
 10
169.572063
 20
-55.647451
 10
169.833955
 20
-56.0394
 10
170.225904
 20
-56.301292
 10
170.68824
 20
-56.393256
 10
171.150575
 20
-56.301292
 10
171.542524
 20
-56.0394
 10
171.804416
 20
-55.647451
 10
171.89638
 20
-55.185116
 10
171.804416
 20
-54.72278
 10
171.542524
 20
-54.330831
 10
171.150575
 20
-54.068939
  0
HATCH
  5
1769
330
1F
100
AcDbEntity
  8
TOP-LAYER
100
AcDbHatch
 10
0.0
 20
0.0
 30
0.0
210
0.0
220
0.0
230
1.0
  2
SOLID
 70
     1
 71
     0
 91
        1
 92
        7
 72
     0
 73
     1
 93
       16
 10
170.6882397764796
 20
-51.47684785369568
 10
170.225904340393
 20
-51.56881208981117
 10
169.8339552833694
 20
-51.83070407686694
 10
169.5720632963136
 20
-52.22265313389052
 10
169.4800990601982
 20
-52.68498856997711
 10
169.5720632963136
 20
-53.14732400606371
 10
169.8339552833694
 20
-53.53927306308729
 10
170.225904340393
 20
-53.80116505014306
 10
170.6882397764796
 20
-53.89312928625855
 10
171.1505752125662
 20
-53.80116505014306
 10
171.5425242695898
 20
-53.53927306308729
 10
171.8044162566455
 20
-53.14732400606371
 10
171.896380492761
 20
-52.68498856997711
 10
171.8044162566455
 20
-52.22265313389052
 10
171.5425242695898
 20
-51.83070407686694
 10
171.1505752125662
 20
-51.56881208981117
 97
        1
330
1768
 75
     0
 76
     1
 47
0.412818
 98
        1
 10
34.90568961886538
 20
22.81183545379326
1001
ACAD
1010
0.0
1020
0.0
1030
0.0
  0
LWPOLYLINE
  5
1768
330
1F
100
AcDbEntity
  8
TOP-LAYER
100
AcDbPolyline
 90
       16
 70
     1
 43
0.0508
 10
170.68824
 20
-51.476848
 10
170.225904
 20
-51.568812
 10
169.833955
 20
-51.830704
 10
169.572063
 20
-52.222653
 10
169.480099
 20
-52.684989
 10
169.572063
 20
-53.147324
 10
169.833955
 20
-53.539273
 10
170.225904
 20
-53.801165
 10
170.68824
 20
-53.893129
 10
171.150575
 20
-53.801165
 10
171.542524
 20
-53.539273
 10
171.804416
 20
-53.147324
 10
171.89638
 20
-52.684989
 10
171.804416
 20
-52.222653
 10
171.542524
 20
-51.830704
 10
171.150575
 20
-51.568812
  0
HATCH
  5
1771
330
1F
100
AcDbEntity
  8
TOP-LAYER
100
AcDbHatch
 10
0.0
 20
0.0
 30
0.0
210
0.0
220
0.0
230
1.0
  2
SOLID
 70
     1
 71
     0
 91
        1
 92
        7
 72
     0
 73
     1
 93
       26
 10
170.8962026924054
 20
-3.50000762001524
 10
170.9864035129286
 20
-4.242878211727588
 10
171.2517638306761
 20
-4.942575864874349
 10
171.6768618685258
 20
-5.558436695152117
 10
172.2369924736865
 20
-6.054669109668185
 10
172.8996028913781
 20
-6.402433884222316
 10
173.6261846126152
 20
-6.581520194190945
 10
174.3745113487767
 20
-6.581520194190946
 10
175.1010930700139
 20
-6.402433884222318
 10
175.7637034877055
 20
-6.054669109668186
 10
176.3238340928662
 20
-5.558436695152116
 10
176.7489321307159
 20
-4.942575864874347
 10
177.0142924484634
 20
-4.242878211727583
 10
177.1044932689865
 20
-3.50000762001524
 10
177.0142924484634
 20
-2.757137028302891
 10
176.7489321307159
 20
-2.05743937515613
 10
176.3238340928662
 20
-1.441578544878361
 10
175.7637034877055
 20
-0.9453461303622918
 10
175.1010930700139
 20
-0.597581355808162
 10
174.3745113487767
 20
-0.4184950458395337
 10
173.6261846126152
 20
-0.4184950458395332
 10
172.8996028913781
 20
-0.5975813558081615
 10
172.2369924736865
 20
-0.9453461303622909
 10
171.6768618685258
 20
-1.441578544878359
 10
171.2517638306761
 20
-2.057439375156127
 10
170.9864035129286
 20
-2.757137028302888
 97
        1
330
1770
 75
     0
 76
     1
 47
0.412818
 98
        1
 10
34.90568961886538
 20
22.81183545379326
1001
ACAD
1010
0.0
1020
0.0
1030
0.0
  0
LWPOLYLINE
  5
1770
330
1F
100
AcDbEntity
  8
TOP-LAYER
100
AcDbPolyline
 90
       26
 70
     1
 43
0.0508
 10
170.896203
 20
-3.500008
 10
170.986404
 20
-4.242878
 10
171.251764
 20
-4.942576
 10
171.676862
 20
-5.558437
 10
172.236992
 20
-6.054669
 10
172.899603
 20
-6.402434
 10
173.626185
 20
-6.58152
 10
174.374511
 20
-6.58152
 10
175.101093
 20
-6.402434
 10
175.763703
 20
-6.054669
 10
176.323834
 20
-5.558437
 10
176.748932
 20
-4.942576
 10
177.014292
 20
-4.242878
 10
177.104493
 20
-3.500008
 10
177.014292
 20
-2.757137
 10
176.748932
 20
-2.057439
 10
176.323834
 20
-1.441579
 10
175.763703
 20
-0.945346
 10
175.101093
 20
-0.597581
 10
174.374511
 20
-0.418495
 10
173.626185
 20
-0.418495
 10
172.899603
 20
-0.597581
 10
172.236992
 20
-0.945346
 10
171.676862
 20
-1.441579
 10
171.251764
 20
-2.057439
 10
170.986404
 20
-2.757137
  0
HATCH
  5
1773
330
1F
100
AcDbEntity
  8
TOP-LAYER
100
AcDbHatch
 10
0.0
 20
0.0
 30
0.0
210
0.0
220
0.0
230
1.0
  2
SOLID
 70
     1
 71
     0
 91
        1
 92
        7
 72
     0
 73
     1
 93
       26
 10
170.8962026924054
 20
-104.5002082804166
 10
170.9864035129286
 20
-105.2430788721289
 10
171.2517638306761
 20
-105.9427765252757
 10
171.6768618685258
 20
-106.5586373555535
 10
172.2369924736865
 20
-107.0548697700695
 10
172.8996028913781
 20
-107.4026345446237
 10
173.6261846126152
 20
-107.5817208545923
 10
174.3745113487767
 20
-107.5817208545923
 10
175.1010930700139
 20
-107.4026345446237
 10
175.7637034877055
 20
-107.0548697700695
 10
176.3238340928662
 20
-106.5586373555535
 10
176.7489321307159
 20
-105.9427765252757
 10
177.0142924484634
 20
-105.2430788721289
 10
177.1044932689865
 20
-104.5002082804166
 10
177.0142924484634
 20
-103.7573376887042
 10
176.7489321307159
 20
-103.0576400355575
 10
176.3238340928662
 20
-102.4417792052797
 10
175.7637034877055
 20
-101.9455467907636
 10
175.1010930700139
 20
-101.5977820162095
 10
174.3745113487767
 20
-101.4186957062409
 10
173.6261846126152
 20
-101.4186957062409
 10
172.8996028913781
 20
-101.5977820162095
 10
172.2369924736865
 20
-101.9455467907636
 10
171.6768618685258
 20
-102.4417792052797
 10
171.2517638306761
 20
-103.0576400355575
 10
170.9864035129286
 20
-103.7573376887042
 97
        1
330
1772
 75
     0
 76
     1
 47
0.412818
 98
        1
 10
34.90568961886538
 20
22.81183545379326
1001
ACAD
1010
0.0
1020
0.0
1030
0.0
  0
LWPOLYLINE
  5
1772
330
1F
100
AcDbEntity
  8
TOP-LAYER
100
AcDbPolyline
 90
       26
 70
     1
 43
0.0508
 10
170.896203
 20
-104.500208
 10
170.986404
 20
-105.243079
 10
171.251764
 20
-105.942777
 10
171.676862
 20
-106.558637
 10
172.236992
 20
-107.05487
 10
172.899603
 20
-107.402635
 10
173.626185
 20
-107.581721
 10
174.374511
 20
-107.581721
 10
175.101093
 20
-107.402635
 10
175.763703
 20
-107.05487
 10
176.323834
 20
-106.558637
 10
176.748932
 20
-105.942777
 10
177.014292
 20
-105.243079
 10
177.104493
 20
-104.500208
 10
177.014292
 20
-103.757338
 10
176.748932
 20
-103.05764
 10
176.323834
 20
-102.441779
 10
175.763703
 20
-101.945547
 10
175.101093
 20
-101.597782
 10
174.374511
 20
-101.418696
 10
173.626185
 20
-101.418696
 10
172.899603
 20
-101.597782
 10
172.236992
 20
-101.945547
 10
171.676862
 20
-102.441779
 10
171.251764
 20
-103.05764
 10
170.986404
 20
-103.757338
  0
HATCH
  5
1775
330
1F
100
AcDbEntity
  8
TOP-LAYER
100
AcDbHatch
 10
0.0
 20
0.0
 30
0.0
210
0.0
220
0.0
230
1.0
  2
SOLID
 70
     1
 71
     0
 91
        1
 92
        7
 72
     0
 73
     1
 93
       16
 10
172.0853441706884
 20
-65.54927609855221
 10
172.5140040479376
 20
-65.4640103475679
 10
172.877404344687
 20
-65.22119403226638
 10
173.1202206599885
 20
-64.85779373551692
 10
173.2054864109728
 20
-64.42913385826773
 10
173.1202206599885
 20
-64.00047398101854
 10
172.877404344687
 20
-63.63707368426908
 10
172.5140040479376
 20
-63.39425736896756
 10
172.0853441706884
 20
-63.30899161798325
 10
171.6566842934392
 20
-63.39425736896756
 10
171.2932839966897
 20
-63.63707368426908
 10
171.0504676813882
 20
-64.00047398101854
 10
170.9652019304039
 20
-64.42913385826773
 10
171.0504676813882
 20
-64.85779373551692
 10
171.2932839966897
 20
-65.22119403226638
 10
171.6566842934392
 20
-65.4640103475679
 97
        1
330
1774
 75
     0
 76
     1
 47
0.412818
 98
        1
 10
34.90568961886538
 20
22.81183545379326
1001
ACAD
1010
0.0
1020
0.0
1030
0.0
  0
LWPOLYLINE
  5
1774
330
1F
100
AcDbEntity
  8
TOP-LAYER
100
AcDbPolyline
 90
       16
 70
     1
 43
0.0508
 10
172.085344
 20
-65.549276
 10
172.514004
 20
-65.46401
 10
172.877404
 20
-65.221194
 10
173.120221
 20
-64.857794
 10
173.205486
 20
-64.429134
 10
173.120221
 20
-64.000474
 10
172.877404
 20
-63.637074
 10
172.514004
 20
-63.394257
 10
172.085344
 20
-63.308992
 10
171.656684
 20
-63.394257
 10
171.293284
 20
-63.637074
 10
171.050468
 20
-64.000474
 10
170.965202
 20
-64.429134
 10
171.050468
 20
-64.857794
 10
171.293284
 20
-65.221194
 10
171.656684
 20
-65.46401
  0
LWPOLYLINE
  5
1805
330
1F
100
AcDbEntity
  8
TOP-LAYER
100
AcDbPolyline
 90
        2
 70
     0
 43
0.0508
 10
2.416688
 20
-72.488748
 10
2.416688
 20
-72.229667
  0
LWPOLYLINE
  5
1806
330
1F
100
AcDbEntity
  8
TOP-LAYER
100
AcDbPolyline
 90
        2
 70
     0
 43
0.0508
 10
2.416688
 20
-74.283668
 10
2.416688
 20
-74.542748
  0
LWPOLYLINE
  5
1807
330
1F
100
AcDbEntity
  8
TOP-LAYER
100
AcDbPolyline
 90
        2
 70
     0
 43
0.0508
 10
3.964148
 20
-73.386208
 10
4.223228
 20
-73.386208
  0
LWPOLYLINE
  5
1808
330
1F
100
AcDbEntity
  8
TOP-LAYER
100
AcDbPolyline
 90
        2
 70
     0
 43
0.0508
 10
0.869228
 20
-73.386208
 10
0.610147
 20
-73.386208
  0
LWPOLYLINE
  5
1809
330
1F
100
AcDbEntity
  8
TOP-LAYER
100
AcDbPolyline
 90
        2
 70
     0
 43
0.0508
 10
4.949327
 20
-71.233503
 10
4.949327
 20
-71.492583
  0
LWPOLYLINE
  5
1810
330
1F
100
AcDbEntity
  8
TOP-LAYER
100
AcDbPolyline
 90
        2
 70
     0
 43
0.0508
 10
5.846787
 20
-70.836043
 10
6.105867
 20
-70.836043
  0
LWPOLYLINE
  5
1811
330
1F
100
AcDbEntity
  8
TOP-LAYER
100
AcDbPolyline
 90
        2
 70
     0
 43
0.0508
 10
4.051867
 20
-70.836043
 10
3.792786
 20
-70.836043
  0
LWPOLYLINE
  5
1816
330
1F
100
AcDbEntity
  8
TOP-LAYER
100
AcDbPolyline
 90
        2
 70
     0
 43
0.0508
 10
2.416688
 20
-63.638608
 10
2.416688
 20
-63.379528
  0
LWPOLYLINE
  5
1817
330
1F
100
AcDbEntity
  8
TOP-LAYER
100
AcDbPolyline
 90
        2
 70
     0
 43
0.0508
 10
2.416688
 20
-65.433528
 10
2.416688
 20
-65.692609
  0
LWPOLYLINE
  5
1818
330
1F
100
AcDbEntity
  8
TOP-LAYER
100
AcDbPolyline
 90
        2
 70
     0
 43
0.0508
 10
3.964148
 20
-64.536068
 10
4.223228
 20
-64.536068
  0
LWPOLYLINE
  5
1819
330
1F
100
AcDbEntity
  8
TOP-LAYER
100
AcDbPolyline
 90
        2
 70
     0
 43
0.0508
 10
0.869228
 20
-64.536068
 10
0.610147
 20
-64.536068
  0
LWPOLYLINE
  5
1828
330
1F
100
AcDbEntity
  8
TOP-LAYER
100
AcDbPolyline
 90
        2
 70
     0
 43
0.0508
 10
55.637592
 20
-105.660528
 10
55.378512
 20
-105.660528
  0
LWPOLYLINE
  5
1829
330
1F
100
AcDbEntity
  8
TOP-LAYER
100
AcDbPolyline
 90
        2
 70
     0
 43
0.0508
 10
57.432512
 20
-105.660528
 10
57.691593
 20
-105.660528
  0
LWPOLYLINE
  5
1830
330
1F
100
AcDbEntity
  8
TOP-LAYER
100
AcDbPolyline
 90
        2
 70
     0
 43
0.0508
 10
56.535052
 20
-104.113068
 10
56.535052
 20
-103.853988
  0
LWPOLYLINE
  5
1831
330
1F
100
AcDbEntity
  8
TOP-LAYER
100
AcDbPolyline
 90
        2
 70
     0
 43
0.0508
 10
56.535052
 20
-107.207988
 10
56.535052
 20
-107.467069
  0
LWPOLYLINE
  5
1832
330
1F
100
AcDbEntity
  8
TOP-LAYER
100
AcDbPolyline
 90
        2
 70
     0
 43
0.0508
 10
58.687503
 20
-103.127889
 10
58.428423
 20
-103.127889
  0
LWPOLYLINE
  5
1833
330
1F
100
AcDbEntity
  8
TOP-LAYER
100
AcDbPolyline
 90
        2
 70
     0
 43
0.0508
 10
59.084963
 20
-102.230429
 10
59.084963
 20
-101.971349
  0
LWPOLYLINE
  5
1834
330
1F
100
AcDbEntity
  8
TOP-LAYER
100
AcDbPolyline
 90
        2
 70
     0
 43
0.0508
 10
59.084963
 20
-104.025349
 10
59.084963
 20
-104.28443
  0
LWPOLYLINE
  5
1841
330
1F
100
AcDbEntity
  8
TOP-LAYER
100
AcDbPolyline
 90
        2
 70
     0
 43
0.0508
 10
75.957633
 20
-105.660528
 10
75.698552
 20
-105.660528
  0
LWPOLYLINE
  5
1842
330
1F
100
AcDbEntity
  8
TOP-LAYER
100
AcDbPolyline
 90
        2
 70
     0
 43
0.0508
 10
77.752553
 20
-105.660528
 10
78.011633
 20
-105.660528
  0
LWPOLYLINE
  5
1843
330
1F
100
AcDbEntity
  8
TOP-LAYER
100
AcDbPolyline
 90
        2
 70
     0
 43
0.0508
 10
76.855093
 20
-104.113068
 10
76.855093
 20
-103.853988
  0
LWPOLYLINE
  5
1844
330
1F
100
AcDbEntity
  8
TOP-LAYER
100
AcDbPolyline
 90
        2
 70
     0
 43
0.0508
 10
76.855093
 20
-107.207988
 10
76.855093
 20
-107.467069
  0
LWPOLYLINE
  5
1845
330
1F
100
AcDbEntity
  8
TOP-LAYER
100
AcDbPolyline
 90
        2
 70
     0
 43
0.0508
 10
105.127813
 20
-105.660528
 10
104.868733
 20
-105.660528
  0
LWPOLYLINE
  5
1846
330
1F
100
AcDbEntity
  8
TOP-LAYER
100
AcDbPolyline
 90
        2
 70
     0
 43
0.0508
 10
106.922733
 20
-105.660528
 10
107.181814
 20
-105.660528
  0
LWPOLYLINE
  5
1847
330
1F
100
AcDbEntity
  8
TOP-LAYER
100
AcDbPolyline
 90
        2
 70
     0
 43
0.0508
 10
106.025273
 20
-104.113068
 10
106.025273
 20
-103.853988
  0
LWPOLYLINE
  5
1848
330
1F
100
AcDbEntity
  8
TOP-LAYER
100
AcDbPolyline
 90
        2
 70
     0
 43
0.0508
 10
106.025273
 20
-107.207988
 10
106.025273
 20
-107.467069
  0
LWPOLYLINE
  5
1849
330
1F
100
AcDbEntity
  8
TOP-LAYER
100
AcDbPolyline
 90
        2
 70
     0
 43
0.0508
 10
96.277673
 20
-105.660528
 10
96.018593
 20
-105.660528
  0
LWPOLYLINE
  5
1850
330
1F
100
AcDbEntity
  8
TOP-LAYER
100
AcDbPolyline
 90
        2
 70
     0
 43
0.0508
 10
98.072593
 20
-105.660528
 10
98.331674
 20
-105.660528
  0
LWPOLYLINE
  5
1851
330
1F
100
AcDbEntity
  8
TOP-LAYER
100
AcDbPolyline
 90
        2
 70
     0
 43
0.0508
 10
97.175133
 20
-104.113068
 10
97.175133
 20
-103.853988
  0
LWPOLYLINE
  5
1852
330
1F
100
AcDbEntity
  8
TOP-LAYER
100
AcDbPolyline
 90
        2
 70
     0
 43
0.0508
 10
97.175133
 20
-107.207988
 10
97.175133
 20
-107.467069
  0
LWPOLYLINE
  5
1856
330
1F
100
AcDbEntity
  8
TOP-LAYER
100
AcDbPolyline
 90
        2
 70
     0
 43
0.0508
 10
64.487732
 20
-105.660528
 10
64.228651
 20
-105.660528
  0
LWPOLYLINE
  5
1857
330
1F
100
AcDbEntity
  8
TOP-LAYER
100
AcDbPolyline
 90
        2
 70
     0
 43
0.0508
 10
66.282652
 20
-105.660528
 10
66.541732
 20
-105.660528
  0
LWPOLYLINE
  5
1858
330
1F
100
AcDbEntity
  8
TOP-LAYER
100
AcDbPolyline
 90
        2
 70
     0
 43
0.0508
 10
65.385192
 20
-104.113068
 10
65.385192
 20
-103.853988
  0
LWPOLYLINE
  5
1859
330
1F
100
AcDbEntity
  8
TOP-LAYER
100
AcDbPolyline
 90
        2
 70
     0
 43
0.0508
 10
65.385192
 20
-107.207988
 10
65.385192
 20
-107.467069
  0
LWPOLYLINE
  5
1860
330
1F
100
AcDbEntity
  8
TOP-LAYER
100
AcDbPolyline
 90
        2
 70
     0
 43
0.0508
 10
84.807772
 20
-105.660528
 10
84.548692
 20
-105.660528
  0
LWPOLYLINE
  5
1861
330
1F
100
AcDbEntity
  8
TOP-LAYER
100
AcDbPolyline
 90
        2
 70
     0
 43
0.0508
 10
86.602692
 20
-105.660528
 10
86.861773
 20
-105.660528
  0
LWPOLYLINE
  5
1862
330
1F
100
AcDbEntity
  8
TOP-LAYER
100
AcDbPolyline
 90
        2
 70
     0
 43
0.0508
 10
85.705232
 20
-104.113068
 10
85.705232
 20
-103.853988
  0
LWPOLYLINE
  5
1863
330
1F
100
AcDbEntity
  8
TOP-LAYER
100
AcDbPolyline
 90
        2
 70
     0
 43
0.0508
 10
85.705232
 20
-107.207988
 10
85.705232
 20
-107.467069
  0
LWPOLYLINE
  5
1864
330
1F
100
AcDbEntity
  8
TOP-LAYER
100
AcDbPolyline
 90
        2
 70
     0
 43
0.0508
 10
73.914148
 20
-89.626619
 10
73.914148
 20
-89.8857
  0
LWPOLYLINE
  5
1865
330
1F
100
AcDbEntity
  8
TOP-LAYER
100
AcDbPolyline
 90
        2
 70
     0
 43
0.0508
 10
73.914148
 20
-85.631699
 10
73.914148
 20
-85.372619
  0
LWPOLYLINE
  5
1866
330
1F
100
AcDbEntity
  8
TOP-LAYER
100
AcDbPolyline
 90
        2
 70
     0
 43
0.0508
 10
72.766688
 20
-87.629159
 10
72.507607
 20
-87.629159
  0
LWPOLYLINE
  5
1867
330
1F
100
AcDbEntity
  8
TOP-LAYER
100
AcDbPolyline
 90
        2
 70
     0
 43
0.0508
 10
75.061608
 20
-87.629159
 10
75.320688
 20
-87.629159
  0
LWPOLYLINE
  5
1870
330
1F
100
AcDbEntity
  8
TOP-LAYER
100
AcDbPolyline
 90
        2
 70
     0
 43
0.0508
 10
82.042164
 20
-86.111506
 10
82.042164
 20
-85.852426
  0
LWPOLYLINE
  5
1896
330
1F
100
AcDbEntity
  8
TOP-LAYER
100
AcDbPolyline
 90
        2
 70
     0
 43
0.0508
 10
30.988062
 20
-37.018034
 10
30.988062
 20
-37.277115
  0
LWPOLYLINE
  5
1897
330
1F
100
AcDbEntity
  8
TOP-LAYER
100
AcDbPolyline
 90
        2
 70
     0
 43
0.0508
 10
30.988062
 20
-34.610109
 10
30.988062
 20
-34.351029
  0
LWPOLYLINE
  5
1898
330
1F
100
AcDbEntity
  8
TOP-LAYER
100
AcDbPolyline
 90
        2
 70
     0
 43
0.0508
 10
32.192024
 20
-35.814072
 10
32.451105
 20
-35.814072
  0
LWPOLYLINE
  5
1899
330
1F
100
AcDbEntity
  8
TOP-LAYER
100
AcDbPolyline
 90
        2
 70
     0
 43
0.0508
 10
116.875692
 20
-101.219202
 10
117.134773
 20
-101.219202
  0
LWPOLYLINE
  5
1900
330
1F
100
AcDbEntity
  8
TOP-LAYER
100
AcDbPolyline
 90
        2
 70
     0
 43
0.0508
 10
115.280772
 20
-101.219202
 10
115.021692
 20
-101.219202
  0
LWPOLYLINE
  5
1901
330
1F
100
AcDbEntity
  8
TOP-LAYER
100
AcDbPolyline
 90
        2
 70
     0
 43
0.0508
 10
116.078232
 20
-102.016662
 10
116.078232
 20
-102.275743
  0
LWPOLYLINE
  5
1902
330
1F
100
AcDbEntity
  8
TOP-LAYER
100
AcDbPolyline
 90
        2
 70
     0
 43
0.0508
 10
116.078232
 20
-100.421742
 10
116.078232
 20
-100.162662
  0
LWPOLYLINE
  5
1903
330
1F
100
AcDbEntity
  8
TOP-LAYER
100
AcDbPolyline
 90
        2
 70
     0
 43
0.0508
 10
137.195733
 20
-98.679197
 10
137.454813
 20
-98.679197
  0
LWPOLYLINE
  5
1904
330
1F
100
AcDbEntity
  8
TOP-LAYER
100
AcDbPolyline
 90
        2
 70
     0
 43
0.0508
 10
135.600813
 20
-98.679197
 10
135.341732
 20
-98.679197
  0
LWPOLYLINE
  5
1905
330
1F
100
AcDbEntity
  8
TOP-LAYER
100
AcDbPolyline
 90
        2
 70
     0
 43
0.0508
 10
136.398273
 20
-99.476657
 10
136.398273
 20
-99.735738
  0
LWPOLYLINE
  5
1906
330
1F
100
AcDbEntity
  8
TOP-LAYER
100
AcDbPolyline
 90
        2
 70
     0
 43
0.0508
 10
136.398273
 20
-97.881737
 10
136.398273
 20
-97.622657
  0
LWPOLYLINE
  5
1907
330
1F
100
AcDbEntity
  8
TOP-LAYER
100
AcDbPolyline
 90
        2
 70
     0
 43
0.0508
 10
137.195733
 20
-101.219202
 10
137.454813
 20
-101.219202
  0
LWPOLYLINE
  5
1908
330
1F
100
AcDbEntity
  8
TOP-LAYER
100
AcDbPolyline
 90
        2
 70
     0
 43
0.0508
 10
135.600813
 20
-101.219202
 10
135.341732
 20
-101.219202
  0
LWPOLYLINE
  5
1909
330
1F
100
AcDbEntity
  8
TOP-LAYER
100
AcDbPolyline
 90
        2
 70
     0
 43
0.0508
 10
136.398273
 20
-102.016662
 10
136.398273
 20
-102.275743
  0
LWPOLYLINE
  5
1910
330
1F
100
AcDbEntity
  8
TOP-LAYER
100
AcDbPolyline
 90
        2
 70
     0
 43
0.0508
 10
136.398273
 20
-100.421742
 10
136.398273
 20
-100.162662
  0
LWPOLYLINE
  5
1911
330
1F
100
AcDbEntity
  8
TOP-LAYER
100
AcDbPolyline
 90
        2
 70
     0
 43
0.0508
 10
170.68824
 20
-54.337656
 10
170.68824
 20
-54.078575
  0
LWPOLYLINE
  5
1912
330
1F
100
AcDbEntity
  8
TOP-LAYER
100
AcDbPolyline
 90
        2
 70
     0
 43
0.0508
 10
170.68824
 20
-56.032576
 10
170.68824
 20
-56.291656
  0
LWPOLYLINE
  5
1913
330
1F
100
AcDbEntity
  8
TOP-LAYER
100
AcDbPolyline
 90
        2
 70
     0
 43
0.0508
 10
171.5357
 20
-55.185116
 10
171.79478
 20
-55.185116
  0
LWPOLYLINE
  5
1914
330
1F
100
AcDbEntity
  8
TOP-LAYER
100
AcDbPolyline
 90
        2
 70
     0
 43
0.0508
 10
169.84078
 20
-55.185116
 10
169.581699
 20
-55.185116
  0
LWPOLYLINE
  5
1915
330
1F
100
AcDbEntity
  8
TOP-LAYER
100
AcDbPolyline
 90
        2
 70
     0
 43
0.0508
 10
172.085344
 20
-65.188595
 10
172.085344
 20
-65.447676
  0
LWPOLYLINE
  5
1916
330
1F
100
AcDbEntity
  8
TOP-LAYER
100
AcDbPolyline
 90
        2
 70
     0
 43
0.0508
 10
172.085344
 20
-63.669672
 10
172.085344
 20
-63.410592
  0
LWPOLYLINE
  5
1917
330
1F
100
AcDbEntity
  8
TOP-LAYER
100
AcDbPolyline
 90
        2
 70
     0
 43
0.0508
 10
171.325883
 20
-64.429134
 10
171.066802
 20
-64.429134
  0
LWPOLYLINE
  5
1918
330
1F
100
AcDbEntity
  8
TOP-LAYER
100
AcDbPolyline
 90
        2
 70
     0
 43
0.0508
 10
172.844806
 20
-64.429134
 10
173.103886
 20
-64.429134
  0
LWPOLYLINE
  5
1923
330
1F
100
AcDbEntity
  8
TOP-LAYER
100
AcDbPolyline
 90
        2
 70
     0
 43
1.270003
 10
20.583066
 20
-95.188349
 10
19.882906
 20
-94.488189
  0
LWPOLYLINE
  5
1928
330
1F
100
AcDbEntity
  8
TOP-LAYER
100
AcDbPolyline
 90
        2
 70
     0
 43
1.270003
 10
11.966091
 20
-95.405258
 10
12.88316
 20
-94.488189
  0
LWPOLYLINE
  5
1929
330
1F
100
AcDbEntity
  8
TOP-LAYER
100
AcDbPolyline
 90
        2
 70
     0
 43
1.270003
 10
11.966091
 20
-105.692278
 10
11.966091
 20
-103.251207
  0
LWPOLYLINE
  5
1930
330
1F
100
AcDbEntity
  8
TOP-LAYER
100
AcDbPolyline
 90
        2
 70
     0
 43
1.270003
 10
12.573025
 20
-106.299213
 10
11.966091
 20
-105.692278
  0
LWPOLYLINE
  5
1947
330
1F
100
AcDbEntity
  8
TOP-LAYER
100
AcDbPolyline
 90
        2
 70
     0
 43
0.508001
 10
168.331862
 20
-68.630937
 10
169.113929
 20
-67.84887
  0
LWPOLYLINE
  5
1982
330
1F
100
AcDbEntity
  8
TOP-LAYER
100
AcDbPolyline
 90
        2
 70
     0
 43
1.016002
 10
4.949327
 20
-67.085979
 10
4.979172
 20
-67.056134
  0
LWPOLYLINE
  5
1983
330
1F
100
AcDbEntity
  8
TOP-LAYER
100
AcDbPolyline
 90
        2
 70
     0
 43
1.016002
 10
4.979172
 20
-67.056134
 10
7.239014
 20
-67.056134
  0
LWPOLYLINE
  5
1984
330
1F
100
AcDbEntity
  8
TOP-LAYER
100
AcDbPolyline
 90
        2
 70
     0
 43
1.016002
 10
7.239014
 20
-67.056134
 10
7.957437
 20
-66.337711
  0
LWPOLYLINE
  5
2009
330
1F
100
AcDbEntity
  8
TOP-LAYER
100
AcDbPolyline
 90
        2
 70
     0
 43
0.889002
 10
116.006698
 20
-96.210726
 10
116.078232
 20
-96.139192
  0
LWPOLYLINE
  5
2028
330
1F
100
AcDbEntity
  8
TOP-LAYER
100
AcDbPolyline
 90
        2
 70
     0
 43
0.508001
 10
82.042164
 20
-102.990856
 10
81.905131
 20
-103.127889
  0
LWPOLYLINE
  5
2034
330
1F
100
AcDbEntity
  8
TOP-LAYER
100
AcDbPolyline
 90
        2
 70
     0
 43
0.508001
 10
74.459233
 20
-87.084074
 10
73.914148
 20
-87.629159
  0
LWPOLYLINE
  5
2040
330
1F
100
AcDbEntity
  8
TOP-LAYER
100
AcDbPolyline
 90
        2
 70
     0
 43
0.508001
 10
151.257303
 20
-59.528004
 10
151.257303
 20
-59.81712
  0
LWPOLYLINE
  5
2045
330
1F
100
AcDbEntity
  8
TOP-LAYER
100
AcDbPolyline
 90
        2
 70
     0
 43
0.508001
 10
153.797308
 20
-59.81712
 10
153.797308
 20
-58.376416
  0
LWPOLYLINE
  5
2048
330
1F
100
AcDbEntity
  8
TOP-LAYER
100
AcDbPolyline
 90
        2
 70
     0
 43
0.508001
 10
169.732131
 20
-48.641097
 10
170.68824
 20
-47.684989
  0
LWPOLYLINE
  5
2050
330
1F
100
AcDbEntity
  8
TOP-LAYER
100
AcDbPolyline
 90
        2
 70
     0
 43
0.508001
 10
170.414224
 20
-49.9111
 10
170.68824
 20
-50.185116
  0
LWPOLYLINE
  5
2055
330
1F
100
AcDbEntity
  8
TOP-LAYER
100
AcDbPolyline
 90
        2
 70
     0
 43
0.508001
 10
114.554229
 20
-86.995174
 10
116.078232
 20
-88.519177
  0
LWPOLYLINE
  5
2060
330
1F
100
AcDbEntity
  8
TOP-LAYER
100
AcDbPolyline
 90
        2
 70
     0
 43
0.508001
 10
116.078232
 20
-91.059182
 10
115.554229
 20
-91.583185
  0
LWPOLYLINE
  5
2068
330
1F
100
AcDbEntity
  8
TOP-LAYER
100
AcDbPolyline
 90
        2
 70
     0
 43
0.508001
 10
134.493269
 20
-93.599187
 10
136.398273
 20
-93.599187
  0
LWPOLYLINE
  5
2073
330
1F
100
AcDbEntity
  8
TOP-LAYER
100
AcDbPolyline
 90
        2
 70
     0
 43
0.508001
 10
137.604275
 20
-88.836177
 10
137.604275
 20
-88.019634
  0
LWPOLYLINE
  5
2074
330
1F
100
AcDbEntity
  8
TOP-LAYER
100
AcDbPolyline
 90
        2
 70
     0
 43
0.508001
 10
137.604275
 20
-88.019634
 10
136.897816
 20
-87.313175
  0
LWPOLYLINE
  5
2075
330
1F
100
AcDbEntity
  8
TOP-LAYER
100
AcDbPolyline
 90
        2
 70
     0
 43
0.508001
 10
136.897816
 20
-87.313175
 10
136.081273
 20
-87.313175
  0
LWPOLYLINE
  5
2116
330
1F
100
AcDbEntity
  8
TOP-LAYER
100
AcDbPolyline
 90
        2
 70
     0
 43
1.270003
 10
32.594158
 20
-83.566167
 10
32.721158
 20
-83.439167
  0
LWPOLYLINE
  5
2149
330
1F
100
AcDbEntity
  8
TOP-LAYER
100
AcDbPolyline
 90
        2
 70
     0
 43
0.508001
 10
2.921006
 20
-62.738125
 10
2.921006
 20
-64.03175
  0
LWPOLYLINE
  5
2150
330
1F
100
AcDbEntity
  8
TOP-LAYER
100
AcDbPolyline
 90
        2
 70
     0
 43
0.508001
 10
2.921006
 20
-64.03175
 10
2.416688
 20
-64.536068
  0
LWPOLYLINE
  5
2151
330
1F
100
AcDbEntity
  8
TOP-LAYER
100
AcDbPolyline
 90
        2
 70
     0
 43
0.508001
 10
2.413005
 20
-75.311151
 10
2.413005
 20
-73.389891
  0
LWPOLYLINE
  5
2152
330
1F
100
AcDbEntity
  8
TOP-LAYER
100
AcDbPolyline
 90
        2
 70
     0
 43
0.508001
 10
2.413005
 20
-73.389891
 10
2.416688
 20
-73.386208
  0
LWPOLYLINE
  5
2153
330
1F
100
AcDbEntity
  8
TOP-LAYER
100
AcDbPolyline
 90
        2
 70
     0
 43
0.508001
 10
54.86411
 20
-105.791212
 10
56.404369
 20
-105.791212
  0
LWPOLYLINE
  5
2154
330
1F
100
AcDbEntity
  8
TOP-LAYER
100
AcDbPolyline
 90
        2
 70
     0
 43
0.508001
 10
56.404369
 20
-105.791212
 10
56.535052
 20
-105.660528
  0
LWPOLYLINE
  5
2155
330
1F
100
AcDbEntity
  8
TOP-LAYER
100
AcDbPolyline
 90
        2
 70
     0
 43
0.508001
 10
67.310135
 20
-105.791212
 10
65.515875
 20
-105.791212
  0
LWPOLYLINE
  5
2156
330
1F
100
AcDbEntity
  8
TOP-LAYER
100
AcDbPolyline
 90
        2
 70
     0
 43
0.508001
 10
65.515875
 20
-105.791212
 10
65.385192
 20
-105.660528
  0
LWPOLYLINE
  5
2157
330
1F
100
AcDbEntity
  8
TOP-LAYER
100
AcDbPolyline
 90
        2
 70
     0
 43
0.508001
 10
59.084963
 20
-103.127889
 10
58.319279
 20
-102.362205
  0
LWPOLYLINE
  5
2158
330
1F
100
AcDbEntity
  8
TOP-LAYER
100
AcDbPolyline
 90
        2
 70
     0
 43
0.508001
 10
58.319279
 20
-102.362205
 10
57.658115
 20
-102.362205
  0
LWPOLYLINE
  5
2161
330
1F
100
AcDbEntity
  8
TOP-LAYER
100
AcDbPolyline
 90
        2
 70
     0
 43
0.508001
 10
73.914148
 20
-87.629159
 10
73.914148
 20
-90.424181
  0
LWPOLYLINE
  5
2162
330
1F
100
AcDbEntity
  8
TOP-LAYER
100
AcDbPolyline
 90
        2
 70
     0
 43
0.508001
 10
73.914148
 20
-90.424181
 10
74.041148
 20
-90.551181
  0
LWPOLYLINE
  5
2163
330
1F
100
AcDbEntity
  8
TOP-LAYER
100
AcDbPolyline
 90
        2
 70
     0
 43
0.508001
 10
75.05715
 20
-105.791212
 10
76.724409
 20
-105.791212
  0
LWPOLYLINE
  5
2164
330
1F
100
AcDbEntity
  8
TOP-LAYER
100
AcDbPolyline
 90
        2
 70
     0
 43
0.508001
 10
76.724409
 20
-105.791212
 10
76.855093
 20
-105.660528
  0
LWPOLYLINE
  5
2165
330
1F
100
AcDbEntity
  8
TOP-LAYER
100
AcDbPolyline
 90
        2
 70
     0
 43
0.508001
 10
87.503175
 20
-105.918212
 10
87.245491
 20
-105.660528
  0
LWPOLYLINE
  5
2166
330
1F
100
AcDbEntity
  8
TOP-LAYER
100
AcDbPolyline
 90
        2
 70
     0
 43
0.508001
 10
87.245491
 20
-105.660528
 10
85.705232
 20
-105.660528
  0
LWPOLYLINE
  5
2167
330
1F
100
AcDbEntity
  8
TOP-LAYER
100
AcDbPolyline
 90
        2
 70
     0
 43
0.508001
 10
95.377191
 20
-105.791212
 10
97.04445
 20
-105.791212
  0
LWPOLYLINE
  5
2168
330
1F
100
AcDbEntity
  8
TOP-LAYER
100
AcDbPolyline
 90
        2
 70
     0
 43
0.508001
 10
97.04445
 20
-105.791212
 10
97.175133
 20
-105.660528
  0
LWPOLYLINE
  5
2169
330
1F
100
AcDbEntity
  8
TOP-LAYER
100
AcDbPolyline
 90
        2
 70
     0
 43
0.508001
 10
107.950216
 20
-105.791212
 10
107.819533
 20
-105.660528
  0
LWPOLYLINE
  5
2170
330
1F
100
AcDbEntity
  8
TOP-LAYER
100
AcDbPolyline
 90
        2
 70
     0
 43
0.508001
 10
107.819533
 20
-105.660528
 10
106.025273
 20
-105.660528
  0
LWPOLYLINE
  5
2176
330
1F
100
AcDbEntity
  8
TOP-LAYER
100
AcDbPolyline
 90
        2
 70
     0
 43
0.508001
 10
137.541275
 20
-101.219202
 10
136.398273
 20
-101.219202
  0
LWPOLYLINE
  5
2195
330
1F
100
AcDbEntity
  8
TOP-LAYER
100
AcDbPolyline
 90
        2
 70
     0
 43
0.508001
 10
5.588011
 20
-72.390145
 10
5.588011
 20
-71.474727
  0
LWPOLYLINE
  5
2196
330
1F
100
AcDbEntity
  8
TOP-LAYER
100
AcDbPolyline
 90
        2
 70
     0
 43
0.508001
 10
5.588011
 20
-71.474727
 10
4.949327
 20
-70.836043
  0
HATCH
  5
2235
330
1F
100
AcDbEntity
  8
TOP-LAYER
100
AcDbHatch
 10
0.0
 20
0.0
 30
0.0
210
0.0
220
0.0
230
1.0
  2
SOLID
 70
     1
 71
     0
 91
        1
 92
        7
 72
     0
 73
     1
 93
        4
 10
4.049326898653802
 20
-66.68597917195837
 10
5.849326898653795
 20
-66.68597917195837
 10
5.849326898653795
 20
-67.48597917195836
 10
4.049326898653802
 20
-67.48597917195835
 97
        1
330
2234
 75
     0
 76
     1
 47
0.412818
 98
        1
 10
34.90568961886538
 20
22.81183545379326
1001
ACAD
1010
0.0
1020
0.0
1030
0.0
  0
LWPOLYLINE
  5
2234
330
1F
100
AcDbEntity
  8
TOP-LAYER
100
AcDbPolyline
 90
        4
 70
     1
 43
0.0
 10
4.049327
 20
-66.685979
 10
5.849327
 20
-66.685979
 10
5.849327
 20
-67.485979
 10
4.049327
 20
-67.485979
  0
HATCH
  5
2241
330
1F
100
AcDbEntity
  8
TOP-LAYER
100
AcDbHatch
 10
0.0
 20
0.0
 30
0.0
210
0.0
220
0.0
230
1.0
  2
SOLID
 70
     1
 71
     0
 91
        1
 92
        7
 72
     0
 73
     1
 93
        4
 10
4.049326898653802
 20
-67.93616967233935
 10
5.849326898653795
 20
-67.93616967233935
 10
5.849326898653795
 20
-68.73616967233934
 10
4.049326898653802
 20
-68.73616967233934
 97
        1
330
2240
 75
     0
 76
     1
 47
0.412818
 98
        1
 10
34.90568961886538
 20
22.81183545379326
1001
ACAD
1010
0.0
1020
0.0
1030
0.0
  0
LWPOLYLINE
  5
2240
330
1F
100
AcDbEntity
  8
TOP-LAYER
100
AcDbPolyline
 90
        4
 70
     1
 43
0.0
 10
4.049327
 20
-67.93617
 10
5.849327
 20
-67.93617
 10
5.849327
 20
-68.73617
 10
4.049327
 20
-68.73617
  0
HATCH
  5
2247
330
1F
100
AcDbEntity
  8
TOP-LAYER
100
AcDbHatch
 10
0.0
 20
0.0
 30
0.0
210
0.0
220
0.0
230
1.0
  2
SOLID
 70
     1
 71
     0
 91
        1
 92
        7
 72
     0
 73
     1
 93
        4
 10
4.049326898653802
 20
-69.18610617221236
 10
5.849326898653795
 20
-69.18610617221236
 10
5.849326898653795
 20
-69.98610617221236
 10
4.049326898653802
 20
-69.98610617221236
 97
        1
330
2246
 75
     0
 76
     1
 47
0.412818
 98
        1
 10
34.90568961886538
 20
22.81183545379326
1001
ACAD
1010
0.0
1020
0.0
1030
0.0
  0
LWPOLYLINE
  5
2246
330
1F
100
AcDbEntity
  8
TOP-LAYER
100
AcDbPolyline
 90
        4
 70
     1
 43
0.0
 10
4.049327
 20
-69.186106
 10
5.849327
 20
-69.186106
 10
5.849327
 20
-69.986106
 10
4.049327
 20
-69.986106
  0
HATCH
  5
2253
330
1F
100
AcDbEntity
  8
TOP-LAYER
100
AcDbHatch
 10
0.0
 20
0.0
 30
0.0
210
0.0
220
0.0
230
1.0
  2
SOLID
 70
     1
 71
     0
 91
        1
 92
        7
 72
     0
 73
     1
 93
        4
 10
4.049326898653802
 20
-70.43604267208536
 10
5.849326898653795
 20
-70.43604267208536
 10
5.849326898653795
 20
-71.23604267208535
 10
4.049326898653802
 20
-71.23604267208535
 97
        1
330
2252
 75
     0
 76
     1
 47
0.412818
 98
        1
 10
34.90568961886538
 20
22.81183545379326
1001
ACAD
1010
0.0
1020
0.0
1030
0.0
  0
LWPOLYLINE
  5
2252
330
1F
100
AcDbEntity
  8
TOP-LAYER
100
AcDbPolyline
 90
        4
 70
     1
 43
0.0
 10
4.049327
 20
-70.436043
 10
5.849327
 20
-70.436043
 10
5.849327
 20
-71.236043
 10
4.049327
 20
-71.236043
  0
HATCH
  5
2259
330
1F
100
AcDbEntity
  8
TOP-LAYER
100
AcDbHatch
 10
0.0
 20
0.0
 30
0.0
210
0.0
220
0.0
230
1.0
  2
SOLID
 70
     1
 71
     0
 91
        1
 92
        7
 72
     0
 73
     1
 93
        4
 10
0.8666878333756806
 20
-63.63606807213615
 10
3.966687833375675
 20
-63.63606807213615
 10
3.966687833375675
 20
-65.43606807213615
 10
0.8666878333756806
 20
-65.43606807213615
 97
        1
330
2258
 75
     0
 76
     1
 47
0.412818
 98
        1
 10
34.90568961886538
 20
22.81183545379326
1001
ACAD
1010
0.0
1020
0.0
1030
0.0
  0
LWPOLYLINE
  5
2258
330
1F
100
AcDbEntity
  8
TOP-LAYER
100
AcDbPolyline
 90
        4
 70
     1
 43
0.0
 10
0.866688
 20
-63.636068
 10
3.966688
 20
-63.636068
 10
3.966688
 20
-65.436068
 10
0.866688
 20
-65.436068
  0
HATCH
  5
2265
330
1F
100
AcDbEntity
  8
TOP-LAYER
100
AcDbHatch
 10
0.0
 20
0.0
 30
0.0
210
0.0
220
0.0
230
1.0
  2
SOLID
 70
     1
 71
     0
 91
        1
 92
        7
 72
     0
 73
     1
 93
        4
 10
0.8666878333756661
 20
-72.48620777241555
 10
3.966687833375667
 20
-72.48620777241555
 10
3.966687833375667
 20
-74.28620777241555
 10
0.8666878333756661
 20
-74.28620777241555
 97
        1
330
2264
 75
     0
 76
     1
 47
0.412818
 98
        1
 10
34.90568961886538
 20
22.81183545379326
1001
ACAD
1010
0.0
1020
0.0
1030
0.0
  0
LWPOLYLINE
  5
2264
330
1F
100
AcDbEntity
  8
TOP-LAYER
100
AcDbPolyline
 90
        4
 70
     1
 43
0.0
 10
0.866688
 20
-72.486208
 10
3.966688
 20
-72.486208
 10
3.966688
 20
-74.286208
 10
0.866688
 20
-74.286208
  0
HATCH
  5
2271
330
1F
100
AcDbEntity
  8
TOP-LAYER
100
AcDbHatch
 10
0.0
 20
0.0
 30
0.0
210
0.0
220
0.0
230
1.0
  2
SOLID
 70
     1
 71
     0
 91
        1
 92
        7
 72
     0
 73
     1
 93
        4
 10
99.32504445008892
 20
-104.0278892557785
 10
99.32504445008892
 20
-102.2278892557785
 10
100.1250444500889
 20
-102.2278892557785
 10
100.1250444500889
 20
-104.0278892557785
 97
        1
330
2270
 75
     0
 76
     1
 47
0.412818
 98
        1
 10
34.90568961886538
 20
22.81183545379326
1001
ACAD
1010
0.0
1020
0.0
1030
0.0
  0
LWPOLYLINE
  5
2270
330
1F
100
AcDbEntity
  8
TOP-LAYER
100
AcDbPolyline
 90
        4
 70
     1
 43
0.0
 10
99.325044
 20
-104.027889
 10
99.325044
 20
-102.227889
 10
100.125044
 20
-102.227889
 10
100.125044
 20
-104.027889
  0
HATCH
  5
2277
330
1F
100
AcDbEntity
  8
TOP-LAYER
100
AcDbHatch
 10
0.0
 20
0.0
 30
0.0
210
0.0
220
0.0
230
1.0
  2
SOLID
 70
     1
 71
     0
 91
        1
 92
        7
 72
     0
 73
     1
 93
        4
 10
100.5752349504699
 20
-104.0278892557785
 10
100.5752349504699
 20
-102.2278892557785
 10
101.3752349504699
 20
-102.2278892557785
 10
101.3752349504699
 20
-104.0278892557785
 97
        1
330
2276
 75
     0
 76
     1
 47
0.412818
 98
        1
 10
34.90568961886538
 20
22.81183545379326
1001
ACAD
1010
0.0
1020
0.0
1030
0.0
  0
LWPOLYLINE
  5
2276
330
1F
100
AcDbEntity
  8
TOP-LAYER
100
AcDbPolyline
 90
        4
 70
     1
 43
0.0
 10
100.575235
 20
-104.027889
 10
100.575235
 20
-102.227889
 10
101.375235
 20
-102.227889
 10
101.375235
 20
-104.027889
  0
HATCH
  5
2283
330
1F
100
AcDbEntity
  8
TOP-LAYER
100
AcDbHatch
 10
0.0
 20
0.0
 30
0.0
210
0.0
220
0.0
230
1.0
  2
SOLID
 70
     1
 71
     0
 91
        1
 92
        7
 72
     0
 73
     1
 93
        4
 10
101.8251714503429
 20
-104.0278892557785
 10
101.8251714503429
 20
-102.2278892557785
 10
102.6251714503429
 20
-102.2278892557785
 10
102.6251714503429
 20
-104.0278892557785
 97
        1
330
2282
 75
     0
 76
     1
 47
0.412818
 98
        1
 10
34.90568961886538
 20
22.81183545379326
1001
ACAD
1010
0.0
1020
0.0
1030
0.0
  0
LWPOLYLINE
  5
2282
330
1F
100
AcDbEntity
  8
TOP-LAYER
100
AcDbPolyline
 90
        4
 70
     1
 43
0.0
 10
101.825171
 20
-104.027889
 10
101.825171
 20
-102.227889
 10
102.625171
 20
-102.227889
 10
102.625171
 20
-104.027889
  0
HATCH
  5
2289
330
1F
100
AcDbEntity
  8
TOP-LAYER
100
AcDbHatch
 10
0.0
 20
0.0
 30
0.0
210
0.0
220
0.0
230
1.0
  2
SOLID
 70
     1
 71
     0
 91
        1
 92
        7
 72
     0
 73
     1
 93
        4
 10
103.0751079502159
 20
-104.0278892557785
 10
103.0751079502159
 20
-102.2278892557785
 10
103.8751079502159
 20
-102.2278892557785
 10
103.8751079502159
 20
-104.0278892557785
 97
        1
330
2288
 75
     0
 76
     1
 47
0.412818
 98
        1
 10
34.90568961886538
 20
22.81183545379326
1001
ACAD
1010
0.0
1020
0.0
1030
0.0
  0
LWPOLYLINE
  5
2288
330
1F
100
AcDbEntity
  8
TOP-LAYER
100
AcDbPolyline
 90
        4
 70
     1
 43
0.0
 10
103.075108
 20
-104.027889
 10
103.075108
 20
-102.227889
 10
103.875108
 20
-102.227889
 10
103.875108
 20
-104.027889
  0
HATCH
  5
2295
330
1F
100
AcDbEntity
  8
TOP-LAYER
100
AcDbHatch
 10
0.0
 20
0.0
 30
0.0
210
0.0
220
0.0
230
1.0
  2
SOLID
 70
     1
 71
     0
 91
        1
 92
        7
 72
     0
 73
     1
 93
        4
 10
96.27513335026673
 20
-107.2105283210567
 10
96.27513335026673
 20
-104.1105283210567
 10
98.07513335026671
 20
-104.1105283210567
 10
98.07513335026671
 20
-107.2105283210567
 97
        1
330
2294
 75
     0
 76
     1
 47
0.412818
 98
        1
 10
34.90568961886538
 20
22.81183545379326
1001
ACAD
1010
0.0
1020
0.0
1030
0.0
  0
LWPOLYLINE
  5
2294
330
1F
100
AcDbEntity
  8
TOP-LAYER
100
AcDbPolyline
 90
        4
 70
     1
 43
0.0
 10
96.275133
 20
-107.210528
 10
96.275133
 20
-104.110528
 10
98.075133
 20
-104.110528
 10
98.075133
 20
-107.210528
  0
HATCH
  5
2301
330
1F
100
AcDbEntity
  8
TOP-LAYER
100
AcDbHatch
 10
0.0
 20
0.0
 30
0.0
210
0.0
220
0.0
230
1.0
  2
SOLID
 70
     1
 71
     0
 91
        1
 92
        7
 72
     0
 73
     1
 93
        4
 10
105.1252730505461
 20
-107.2105283210567
 10
105.1252730505461
 20
-104.1105283210567
 10
106.9252730505461
 20
-104.1105283210567
 10
106.9252730505461
 20
-107.2105283210567
 97
        1
330
2300
 75
     0
 76
     1
 47
0.412818
 98
        1
 10
34.90568961886538
 20
22.81183545379326
1001
ACAD
1010
0.0
1020
0.0
1030
0.0
  0
LWPOLYLINE
  5
2300
330
1F
100
AcDbEntity
  8
TOP-LAYER
100
AcDbPolyline
 90
        4
 70
     1
 43
0.0
 10
105.125273
 20
-107.210528
 10
105.125273
 20
-104.110528
 10
106.925273
 20
-104.110528
 10
106.925273
 20
-107.210528
  0
HATCH
  5
2307
330
1F
100
AcDbEntity
  8
TOP-LAYER
100
AcDbHatch
 10
0.0
 20
0.0
 30
0.0
210
0.0
220
0.0
230
1.0
  2
SOLID
 70
     1
 71
     0
 91
        1
 92
        7
 72
     0
 73
     1
 93
        4
 10
79.00500381000764
 20
-104.0278892557785
 10
79.00500381000764
 20
-102.2278892557785
 10
79.80500381000763
 20
-102.2278892557785
 10
79.80500381000763
 20
-104.0278892557785
 97
        1
330
2306
 75
     0
 76
     1
 47
0.412818
 98
        1
 10
34.90568961886538
 20
22.81183545379326
1001
ACAD
1010
0.0
1020
0.0
1030
0.0
  0
LWPOLYLINE
  5
2306
330
1F
100
AcDbEntity
  8
TOP-LAYER
100
AcDbPolyline
 90
        4
 70
     1
 43
0.0
 10
79.005004
 20
-104.027889
 10
79.005004
 20
-102.227889
 10
79.805004
 20
-102.227889
 10
79.805004
 20
-104.027889
  0
HATCH
  5
2313
330
1F
100
AcDbEntity
  8
TOP-LAYER
100
AcDbHatch
 10
0.0
 20
0.0
 30
0.0
210
0.0
220
0.0
230
1.0
  2
SOLID
 70
     1
 71
     0
 91
        1
 92
        7
 72
     0
 73
     1
 93
        4
 10
80.25519431038863
 20
-104.0278892557785
 10
80.25519431038863
 20
-102.2278892557785
 10
81.05519431038861
 20
-102.2278892557785
 10
81.05519431038861
 20
-104.0278892557785
 97
        1
330
2312
 75
     0
 76
     1
 47
0.412818
 98
        1
 10
34.90568961886538
 20
22.81183545379326
1001
ACAD
1010
0.0
1020
0.0
1030
0.0
  0
LWPOLYLINE
  5
2312
330
1F
100
AcDbEntity
  8
TOP-LAYER
100
AcDbPolyline
 90
        4
 70
     1
 43
0.0
 10
80.255194
 20
-104.027889
 10
80.255194
 20
-102.227889
 10
81.055194
 20
-102.227889
 10
81.055194
 20
-104.027889
  0
HATCH
  5
2319
330
1F
100
AcDbEntity
  8
TOP-LAYER
100
AcDbHatch
 10
0.0
 20
0.0
 30
0.0
210
0.0
220
0.0
230
1.0
  2
SOLID
 70
     1
 71
     0
 91
        1
 92
        7
 72
     0
 73
     1
 93
        4
 10
81.50513081026165
 20
-104.0278892557785
 10
81.50513081026165
 20
-102.2278892557785
 10
82.30513081026163
 20
-102.2278892557785
 10
82.30513081026163
 20
-104.0278892557785
 97
        1
330
2318
 75
     0
 76
     1
 47
0.412818
 98
        1
 10
34.90568961886538
 20
22.81183545379326
1001
ACAD
1010
0.0
1020
0.0
1030
0.0
  0
LWPOLYLINE
  5
2318
330
1F
100
AcDbEntity
  8
TOP-LAYER
100
AcDbPolyline
 90
        4
 70
     1
 43
0.0
 10
81.505131
 20
-104.027889
 10
81.505131
 20
-102.227889
 10
82.305131
 20
-102.227889
 10
82.305131
 20
-104.027889
  0
HATCH
  5
2325
330
1F
100
AcDbEntity
  8
TOP-LAYER
100
AcDbHatch
 10
0.0
 20
0.0
 30
0.0
210
0.0
220
0.0
230
1.0
  2
SOLID
 70
     1
 71
     0
 91
        1
 92
        7
 72
     0
 73
     1
 93
        4
 10
82.75506731013463
 20
-104.0278892557785
 10
82.75506731013463
 20
-102.2278892557785
 10
83.55506731013463
 20
-102.2278892557785
 10
83.55506731013463
 20
-104.0278892557785
 97
        1
330
2324
 75
     0
 76
     1
 47
0.412818
 98
        1
 10
34.90568961886538
 20
22.81183545379326
1001
ACAD
1010
0.0
1020
0.0
1030
0.0
  0
LWPOLYLINE
  5
2324
330
1F
100
AcDbEntity
  8
TOP-LAYER
100
AcDbPolyline
 90
        4
 70
     1
 43
0.0
 10
82.755067
 20
-104.027889
 10
82.755067
 20
-102.227889
 10
83.555067
 20
-102.227889
 10
83.555067
 20
-104.027889
  0
HATCH
  5
2331
330
1F
100
AcDbEntity
  8
TOP-LAYER
100
AcDbHatch
 10
0.0
 20
0.0
 30
0.0
210
0.0
220
0.0
230
1.0
  2
SOLID
 70
     1
 71
     0
 91
        1
 92
        7
 72
     0
 73
     1
 93
        4
 10
75.95509271018544
 20
-107.2105283210567
 10
75.95509271018544
 20
-104.1105283210567
 10
77.75509271018544
 20
-104.1105283210567
 10
77.75509271018544
 20
-107.2105283210567
 97
        1
330
2330
 75
     0
 76
     1
 47
0.412818
 98
        1
 10
34.90568961886538
 20
22.81183545379326
1001
ACAD
1010
0.0
1020
0.0
1030
0.0
  0
LWPOLYLINE
  5
2330
330
1F
100
AcDbEntity
  8
TOP-LAYER
100
AcDbPolyline
 90
        4
 70
     1
 43
0.0
 10
75.955093
 20
-107.210528
 10
75.955093
 20
-104.110528
 10
77.755093
 20
-104.110528
 10
77.755093
 20
-107.210528
  0
HATCH
  5
2337
330
1F
100
AcDbEntity
  8
TOP-LAYER
100
AcDbHatch
 10
0.0
 20
0.0
 30
0.0
210
0.0
220
0.0
230
1.0
  2
SOLID
 70
     1
 71
     0
 91
        1
 92
        7
 72
     0
 73
     1
 93
        4
 10
84.80523241046482
 20
-107.2105283210567
 10
84.80523241046482
 20
-104.1105283210567
 10
86.60523241046482
 20
-104.1105283210567
 10
86.60523241046482
 20
-107.2105283210567
 97
        1
330
2336
 75
     0
 76
     1
 47
0.412818
 98
        1
 10
34.90568961886538
 20
22.81183545379326
1001
ACAD
1010
0.0
1020
0.0
1030
0.0
  0
LWPOLYLINE
  5
2336
330
1F
100
AcDbEntity
  8
TOP-LAYER
100
AcDbPolyline
 90
        4
 70
     1
 43
0.0
 10
84.805232
 20
-107.210528
 10
84.805232
 20
-104.110528
 10
86.605232
 20
-104.110528
 10
86.605232
 20
-107.210528
  0
HATCH
  5
2375
330
1F
100
AcDbEntity
  8
TOP-LAYER
100
AcDbHatch
 10
0.0
 20
0.0
 30
0.0
210
0.0
220
0.0
230
1.0
  2
SOLID
 70
     1
 71
     0
 91
        1
 92
        7
 72
     0
 73
     1
 93
        4
 10
75.06414782829567
 20
-89.62915925831852
 10
72.76414782829566
 20
-89.62915925831852
 10
72.76414782829566
 20
-85.62915925831852
 10
75.06414782829567
 20
-85.62915925831852
 97
        1
330
2374
 75
     0
 76
     1
 47
0.412818
 98
        1
 10
34.90568961886538
 20
22.81183545379326
1001
ACAD
1010
0.0
1020
0.0
1030
0.0
  0
LWPOLYLINE
  5
2374
330
1F
100
AcDbEntity
  8
TOP-LAYER
100
AcDbPolyline
 90
        4
 70
     1
 43
0.0
 10
75.064148
 20
-89.629159
 10
72.764148
 20
-89.629159
 10
72.764148
 20
-85.629159
 10
75.064148
 20
-85.629159
  0
HATCH
  5
2381
330
1F
100
AcDbEntity
  8
TOP-LAYER
100
AcDbHatch
 10
0.0
 20
0.0
 30
0.0
210
0.0
220
0.0
230
1.0
  2
SOLID
 70
     1
 71
     0
 91
        1
 92
        7
 72
     0
 73
     1
 93
        4
 10
75.06414782829567
 20
-73.82915925831854
 10
72.76414782829566
 20
-73.82915925831854
 10
72.76414782829566
 20
-69.42915925831852
 10
75.06414782829567
 20
-69.42915925831852
 97
        1
330
2380
 75
     0
 76
     1
 47
0.412818
 98
        1
 10
34.90568961886538
 20
22.81183545379326
1001
ACAD
1010
0.0
1020
0.0
1030
0.0
  0
LWPOLYLINE
  5
2380
330
1F
100
AcDbEntity
  8
TOP-LAYER
100
AcDbPolyline
 90
        4
 70
     1
 43
0.0
 10
75.064148
 20
-73.829159
 10
72.764148
 20
-73.829159
 10
72.764148
 20
-69.429159
 10
75.064148
 20
-69.429159
  0
HATCH
  5
2458
330
1F
100
AcDbEntity
  8
TOP-LAYER
100
AcDbHatch
 10
0.0
 20
0.0
 30
0.0
210
0.0
220
0.0
230
1.0
  2
SOLID
 70
     1
 71
     0
 91
        1
 92
        7
 72
     1
 73
     1
 93
        2
 10
169.8382397764796
 20
-47.68498856997715
 42
1.0
 10
171.5382397764796
 20
-47.68498856997715
 42
1.0
 97
        1
330
0
 75
     0
 76
     1
 47
0.868144
 98
        1
 10
3.629517071192367
 20
33.92795499968543
1001
ACAD
1010
0.0
1020
0.0
1030
0.0
  0
LWPOLYLINE
  5
2459
330
1F
100
AcDbEntity
  8
TOP-LAYER
100
AcDbPolyline
 90
        2
 70
     1
 43
0.0
 10
169.83824
 20
-47.684989
 42
1.0
 10
171.53824
 20
-47.684989
 42
1.0
  0
HATCH
  5
2488
330
1F
100
AcDbEntity
  8
TOP-LAYER
100
AcDbHatch
 10
0.0
 20
0.0
 30
0.0
210
0.0
220
0.0
230
1.0
  2
SOLID
 70
     1
 71
     0
 91
        1
 92
        7
 72
     1
 73
     1
 93
        2
 10
169.8382397764796
 20
-50.18511557023115
 42
1.0
 10
171.5382397764796
 20
-50.18511557023115
 42
1.0
 97
        1
330
0
 75
     0
 76
     1
 47
0.868144
 98
        1
 10
3.629517071192367
 20
33.92795499968543
1001
ACAD
1010
0.0
1020
0.0
1030
0.0
  0
LWPOLYLINE
  5
2489
330
1F
100
AcDbEntity
  8
TOP-LAYER
100
AcDbPolyline
 90
        2
 70
     1
 43
0.0
 10
169.83824
 20
-50.185116
 42
1.0
 10
171.53824
 20
-50.185116
 42
1.0
  0
HATCH
  5
2518
330
1F
100
AcDbEntity
  8
TOP-LAYER
100
AcDbHatch
 10
0.0
 20
0.0
 30
0.0
210
0.0
220
0.0
230
1.0
  2
SOLID
 70
     1
 71
     0
 91
        1
 92
        7
 72
     1
 73
     1
 93
        2
 10
169.8382397764796
 20
-52.68498856997714
 42
1.0
 10
171.5382397764796
 20
-52.68498856997714
 42
1.0
 97
        1
330
0
 75
     0
 76
     1
 47
0.868144
 98
        1
 10
3.629517071192367
 20
33.92795499968543
1001
ACAD
1010
0.0
1020
0.0
1030
0.0
  0
LWPOLYLINE
  5
2519
330
1F
100
AcDbEntity
  8
TOP-LAYER
100
AcDbPolyline
 90
        2
 70
     1
 43
0.0
 10
169.83824
 20
-52.684989
 42
1.0
 10
171.53824
 20
-52.684989
 42
1.0
  0
HATCH
  5
2548
330
1F
100
AcDbEntity
  8
TOP-LAYER
100
AcDbHatch
 10
0.0
 20
0.0
 30
0.0
210
0.0
220
0.0
230
1.0
  2
SOLID
 70
     1
 71
     0
 91
        1
 92
        7
 72
     1
 73
     1
 93
        2
 10
169.8382397764796
 20
-55.18511557023115
 42
1.0
 10
171.5382397764796
 20
-55.18511557023115
 42
1.0
 97
        1
330
0
 75
     0
 76
     1
 47
0.868144
 98
        1
 10
3.629517071192367
 20
33.92795499968543
1001
ACAD
1010
0.0
1020
0.0
1030
0.0
  0
LWPOLYLINE
  5
2549
330
1F
100
AcDbEntity
  8
TOP-LAYER
100
AcDbPolyline
 90
        2
 70
     1
 43
0.0
 10
169.83824
 20
-55.185116
 42
1.0
 10
171.53824
 20
-55.185116
 42
1.0
  0
HATCH
  5
2577
330
1F
100
AcDbEntity
  8
TOP-LAYER
100
AcDbHatch
 10
0.0
 20
0.0
 30
0.0
210
0.0
220
0.0
230
1.0
  2
SOLID
 70
     1
 71
     0
 91
        1
 92
        7
 72
     0
 73
     1
 93
        4
 10
172.8473456946914
 20
-70.19113538227077
 10
171.3233426466853
 20
-70.19113538227077
 10
171.3233426466853
 20
-68.66713233426466
 10
172.8473456946914
 20
-68.66713233426466
 97
        1
330
2576
 75
     0
 76
     1
 47
0.412818
 98
        1
 10
34.90568961886538
 20
22.81183545379326
1001
ACAD
1010
0.0
1020
0.0
1030
0.0
  0
LWPOLYLINE
  5
2576
330
1F
100
AcDbEntity
  8
TOP-LAYER
100
AcDbPolyline
 90
        4
 70
     1
 43
0.0
 10
172.847346
 20
-70.191135
 10
171.323343
 20
-70.191135
 10
171.323343
 20
-68.667132
 10
172.847346
 20
-68.667132
  0
HATCH
  5
2599
330
1F
100
AcDbEntity
  8
TOP-LAYER
100
AcDbHatch
 10
0.0
 20
0.0
 30
0.0
210
0.0
220
0.0
230
1.0
  2
SOLID
 70
     1
 71
     0
 91
        1
 92
        7
 72
     1
 73
     1
 93
        2
 10
171.3233426466853
 20
-66.92900685801372
 42
1.0
 10
172.8473456946914
 20
-66.92900685801372
 42
1.0
 97
        1
330
0
 75
     0
 76
     1
 47
0.868144
 98
        1
 10
3.629517071192367
 20
33.92795499968543
1001
ACAD
1010
0.0
1020
0.0
1030
0.0
  0
LWPOLYLINE
  5
2600
330
1F
100
AcDbEntity
  8
TOP-LAYER
100
AcDbPolyline
 90
        2
 70
     1
 43
0.0
 10
171.323343
 20
-66.929007
 42
1.0
 10
172.847346
 20
-66.929007
 42
1.0
  0
HATCH
  5
2629
330
1F
100
AcDbEntity
  8
TOP-LAYER
100
AcDbHatch
 10
0.0
 20
0.0
 30
0.0
210
0.0
220
0.0
230
1.0
  2
SOLID
 70
     1
 71
     0
 91
        1
 92
        7
 72
     1
 73
     1
 93
        2
 10
171.3233426466853
 20
-64.42913385826773
 42
1.0
 10
172.8473456946914
 20
-64.42913385826773
 42
1.0
 97
        1
330
0
 75
     0
 76
     1
 47
0.868144
 98
        1
 10
3.629517071192367
 20
33.92795499968543
1001
ACAD
1010
0.0
1020
0.0
1030
0.0
  0
LWPOLYLINE
  5
2630
330
1F
100
AcDbEntity
  8
TOP-LAYER
100
AcDbPolyline
 90
        2
 70
     1
 43
0.0
 10
171.323343
 20
-64.429134
 42
1.0
 10
172.847346
 20
-64.429134
 42
1.0
  0
HATCH
  5
2762
330
1F
100
AcDbEntity
  8
TOP-LAYER
100
AcDbHatch
 10
0.0
 20
0.0
 30
0.0
210
0.0
220
0.0
230
1.0
  2
SOLID
 70
     1
 71
     0
 91
        1
 92
        7
 72
     0
 73
     1
 93
        4
 10
137.1982727965456
 20
-100.4192024384049
 10
137.1982727965456
 20
-102.0192024384049
 10
135.5982727965456
 20
-102.0192024384049
 10
135.5982727965456
 20
-100.4192024384049
 97
        1
330
2761
 75
     0
 76
     1
 47
0.412818
 98
        1
 10
34.90568961886538
 20
22.81183545379326
1001
ACAD
1010
0.0
1020
0.0
1030
0.0
  0
LWPOLYLINE
  5
2761
330
1F
100
AcDbEntity
  8
TOP-LAYER
100
AcDbPolyline
 90
        4
 70
     1
 43
0.0
 10
137.198273
 20
-100.419202
 10
137.198273
 20
-102.019202
 10
135.598273
 20
-102.019202
 10
135.598273
 20
-100.419202
  0
HATCH
  5
2784
330
1F
100
AcDbEntity
  8
TOP-LAYER
100
AcDbHatch
 10
0.0
 20
0.0
 30
0.0
210
0.0
220
0.0
230
1.0
  2
SOLID
 70
     1
 71
     0
 91
        1
 92
        7
 72
     1
 73
     1
 93
        2
 10
135.5982727965456
 20
-98.67919735839473
 42
1.0
 10
137.1982727965456
 20
-98.67919735839473
 42
1.0
 97
        1
330
0
 75
     0
 76
     1
 47
0.868144
 98
        1
 10
3.629517071192367
 20
33.92795499968543
1001
ACAD
1010
0.0
1020
0.0
1030
0.0
  0
LWPOLYLINE
  5
2785
330
1F
100
AcDbEntity
  8
TOP-LAYER
100
AcDbPolyline
 90
        4
 70
     0
 43
0.0
 10
135.598273
 20
-98.679197
 42
1.0
 10
137.198273
 20
-98.679197
 10
137.198273
 20
-98.679197
 42
1.0
 10
135.598273
 20
-98.679197
  0
HATCH
  5
2814
330
1F
100
AcDbEntity
  8
TOP-LAYER
100
AcDbHatch
 10
0.0
 20
0.0
 30
0.0
210
0.0
220
0.0
230
1.0
  2
SOLID
 70
     1
 71
     0
 91
        1
 92
        7
 72
     1
 73
     1
 93
        2
 10
135.5982727965456
 20
-96.13919227838457
 42
1.0
 10
137.1982727965456
 20
-96.13919227838457
 42
1.0
 97
        1
330
0
 75
     0
 76
     1
 47
0.868144
 98
        1
 10
3.629517071192367
 20
33.92795499968543
1001
ACAD
1010
0.0
1020
0.0
1030
0.0
  0
LWPOLYLINE
  5
2815
330
1F
100
AcDbEntity
  8
TOP-LAYER
100
AcDbPolyline
 90
        4
 70
     0
 43
0.0
 10
135.598273
 20
-96.139192
 42
1.0
 10
137.198273
 20
-96.139192
 10
137.198273
 20
-96.139192
 42
1.0
 10
135.598273
 20
-96.139192
  0
HATCH
  5
2844
330
1F
100
AcDbEntity
  8
TOP-LAYER
100
AcDbHatch
 10
0.0
 20
0.0
 30
0.0
210
0.0
220
0.0
230
1.0
  2
SOLID
 70
     1
 71
     0
 91
        1
 92
        7
 72
     1
 73
     1
 93
        2
 10
135.5982727965456
 20
-93.59918719837441
 42
1.0
 10
137.1982727965456
 20
-93.59918719837441
 42
1.0
 97
        1
330
0
 75
     0
 76
     1
 47
0.868144
 98
        1
 10
3.629517071192367
 20
33.92795499968543
1001
ACAD
1010
0.0
1020
0.0
1030
0.0
  0
LWPOLYLINE
  5
2845
330
1F
100
AcDbEntity
  8
TOP-LAYER
100
AcDbPolyline
 90
        4
 70
     0
 43
0.0
 10
135.598273
 20
-93.599187
 42
1.0
 10
137.198273
 20
-93.599187
 10
137.198273
 20
-93.599187
 42
1.0
 10
135.598273
 20
-93.599187
  0
HATCH
  5
2874
330
1F
100
AcDbEntity
  8
TOP-LAYER
100
AcDbHatch
 10
0.0
 20
0.0
 30
0.0
210
0.0
220
0.0
230
1.0
  2
SOLID
 70
     1
 71
     0
 91
        1
 92
        7
 72
     1
 73
     1
 93
        2
 10
135.5982727965456
 20
-91.05918211836425
 42
1.0
 10
137.1982727965456
 20
-91.05918211836425
 42
1.0
 97
        1
330
0
 75
     0
 76
     1
 47
0.868144
 98
        1
 10
3.629517071192367
 20
33.92795499968543
1001
ACAD
1010
0.0
1020
0.0
1030
0.0
  0
LWPOLYLINE
  5
2875
330
1F
100
AcDbEntity
  8
TOP-LAYER
100
AcDbPolyline
 90
        4
 70
     0
 43
0.0
 10
135.598273
 20
-91.059182
 42
1.0
 10
137.198273
 20
-91.059182
 10
137.198273
 20
-91.059182
 42
1.0
 10
135.598273
 20
-91.059182
  0
HATCH
  5
2904
330
1F
100
AcDbEntity
  8
TOP-LAYER
100
AcDbHatch
 10
0.0
 20
0.0
 30
0.0
210
0.0
220
0.0
230
1.0
  2
SOLID
 70
     1
 71
     0
 91
        1
 92
        7
 72
     1
 73
     1
 93
        2
 10
135.5982727965456
 20
-88.51917703835409
 42
1.0
 10
137.1982727965456
 20
-88.51917703835409
 42
1.0
 97
        1
330
0
 75
     0
 76
     1
 47
0.868144
 98
        1
 10
3.629517071192367
 20
33.92795499968543
1001
ACAD
1010
0.0
1020
0.0
1030
0.0
  0
LWPOLYLINE
  5
2905
330
1F
100
AcDbEntity
  8
TOP-LAYER
100
AcDbPolyline
 90
        4
 70
     0
 43
0.0
 10
135.598273
 20
-88.519177
 42
1.0
 10
137.198273
 20
-88.519177
 10
137.198273
 20
-88.519177
 42
1.0
 10
135.598273
 20
-88.519177
  0
HATCH
  5
2934
330
1F
100
AcDbEntity
  8
TOP-LAYER
100
AcDbHatch
 10
0.0
 20
0.0
 30
0.0
210
0.0
220
0.0
230
1.0
  2
SOLID
 70
     1
 71
     0
 91
        1
 92
        7
 72
     1
 73
     1
 93
        2
 10
115.2782321564643
 20
-88.51917703835409
 42
1.0
 10
116.8782321564643
 20
-88.51917703835409
 42
1.0
 97
        1
330
0
 75
     0
 76
     1
 47
0.868144
 98
        1
 10
3.629517071192367
 20
33.92795499968543
1001
ACAD
1010
0.0
1020
0.0
1030
0.0
  0
LWPOLYLINE
  5
2935
330
1F
100
AcDbEntity
  8
TOP-LAYER
100
AcDbPolyline
 90
        2
 70
     1
 43
0.0
 10
115.278232
 20
-88.519177
 42
1.0
 10
116.878232
 20
-88.519177
 42
1.0
  0
HATCH
  5
2964
330
1F
100
AcDbEntity
  8
TOP-LAYER
100
AcDbHatch
 10
0.0
 20
0.0
 30
0.0
210
0.0
220
0.0
230
1.0
  2
SOLID
 70
     1
 71
     0
 91
        1
 92
        7
 72
     1
 73
     1
 93
        2
 10
115.2782321564643
 20
-91.05918211836425
 42
1.0
 10
116.8782321564643
 20
-91.05918211836425
 42
1.0
 97
        1
330
0
 75
     0
 76
     1
 47
0.868144
 98
        1
 10
3.629517071192367
 20
33.92795499968543
1001
ACAD
1010
0.0
1020
0.0
1030
0.0
  0
LWPOLYLINE
  5
2965
330
1F
100
AcDbEntity
  8
TOP-LAYER
100
AcDbPolyline
 90
        2
 70
     1
 43
0.0
 10
115.278232
 20
-91.059182
 42
1.0
 10
116.878232
 20
-91.059182
 42
1.0
  0
HATCH
  5
2994
330
1F
100
AcDbEntity
  8
TOP-LAYER
100
AcDbHatch
 10
0.0
 20
0.0
 30
0.0
210
0.0
220
0.0
230
1.0
  2
SOLID
 70
     1
 71
     0
 91
        1
 92
        7
 72
     1
 73
     1
 93
        2
 10
115.2782321564643
 20
-93.59918719837441
 42
1.0
 10
116.8782321564643
 20
-93.59918719837441
 42
1.0
 97
        1
330
0
 75
     0
 76
     1
 47
0.868144
 98
        1
 10
3.629517071192367
 20
33.92795499968543
1001
ACAD
1010
0.0
1020
0.0
1030
0.0
  0
LWPOLYLINE
  5
2995
330
1F
100
AcDbEntity
  8
TOP-LAYER
100
AcDbPolyline
 90
        2
 70
     1
 43
0.0
 10
115.278232
 20
-93.599187
 42
1.0
 10
116.878232
 20
-93.599187
 42
1.0
  0
HATCH
  5
3024
330
1F
100
AcDbEntity
  8
TOP-LAYER
100
AcDbHatch
 10
0.0
 20
0.0
 30
0.0
210
0.0
220
0.0
230
1.0
  2
SOLID
 70
     1
 71
     0
 91
        1
 92
        7
 72
     1
 73
     1
 93
        2
 10
115.2782321564643
 20
-96.13919227838457
 42
1.0
 10
116.8782321564643
 20
-96.13919227838457
 42
1.0
 97
        1
330
0
 75
     0
 76
     1
 47
0.868144
 98
        1
 10
3.629517071192367
 20
33.92795499968543
1001
ACAD
1010
0.0
1020
0.0
1030
0.0
  0
LWPOLYLINE
  5
3025
330
1F
100
AcDbEntity
  8
TOP-LAYER
100
AcDbPolyline
 90
        2
 70
     1
 43
0.0
 10
115.278232
 20
-96.139192
 42
1.0
 10
116.878232
 20
-96.139192
 42
1.0
  0
HATCH
  5
3054
330
1F
100
AcDbEntity
  8
TOP-LAYER
100
AcDbHatch
 10
0.0
 20
0.0
 30
0.0
210
0.0
220
0.0
230
1.0
  2
SOLID
 70
     1
 71
     0
 91
        1
 92
        7
 72
     1
 73
     1
 93
        2
 10
115.2782321564643
 20
-98.67919735839473
 42
1.0
 10
116.8782321564643
 20
-98.67919735839473
 42
1.0
 97
        1
330
0
 75
     0
 76
     1
 47
0.868144
 98
        1
 10
3.629517071192367
 20
33.92795499968543
1001
ACAD
1010
0.0
1020
0.0
1030
0.0
  0
LWPOLYLINE
  5
3055
330
1F
100
AcDbEntity
  8
TOP-LAYER
100
AcDbPolyline
 90
        2
 70
     1
 43
0.0
 10
115.278232
 20
-98.679197
 42
1.0
 10
116.878232
 20
-98.679197
 42
1.0
  0
HATCH
  5
3084
330
1F
100
AcDbEntity
  8
TOP-LAYER
100
AcDbHatch
 10
0.0
 20
0.0
 30
0.0
210
0.0
220
0.0
230
1.0
  2
SOLID
 70
     1
 71
     0
 91
        1
 92
        7
 72
     1
 73
     1
 93
        2
 10
115.2782321564643
 20
-101.2192024384049
 42
1.0
 10
116.8782321564643
 20
-101.2192024384049
 42
1.0
 97
        1
330
0
 75
     0
 76
     1
 47
0.868144
 98
        1
 10
3.629517071192367
 20
33.92795499968543
1001
ACAD
1010
0.0
1020
0.0
1030
0.0
  0
LWPOLYLINE
  5
3085
330
1F
100
AcDbEntity
  8
TOP-LAYER
100
AcDbPolyline
 90
        2
 70
     1
 43
0.0
 10
115.278232
 20
-101.219202
 42
1.0
 10
116.878232
 20
-101.219202
 42
1.0
  0
HATCH
  5
3114
330
1F
100
AcDbEntity
  8
TOP-LAYER
100
AcDbHatch
 10
0.0
 20
0.0
 30
0.0
210
0.0
220
0.0
230
1.0
  2
SOLID
 70
     1
 71
     0
 91
        1
 92
        7
 72
     1
 73
     1
 93
        2
 10
11.06609093218187
 20
-103.251206502413
 42
1.0
 10
12.86609093218187
 20
-103.251206502413
 42
1.0
 97
        1
330
0
 75
     0
 76
     1
 47
0.868144
 98
        1
 10
3.629517071192367
 20
33.92795499968543
1001
ACAD
1010
0.0
1020
0.0
1030
0.0
  0
LWPOLYLINE
  5
3115
330
1F
100
AcDbEntity
  8
TOP-LAYER
100
AcDbPolyline
 90
        2
 70
     1
 43
0.0
 10
11.066091
 20
-103.251207
 42
1.0
 10
12.866091
 20
-103.251207
 42
1.0
  0
HATCH
  5
3144
330
1F
100
AcDbEntity
  8
TOP-LAYER
100
AcDbHatch
 10
0.0
 20
0.0
 30
0.0
210
0.0
220
0.0
230
1.0
  2
SOLID
 70
     1
 71
     0
 91
        1
 92
        7
 72
     1
 73
     1
 93
        2
 10
14.56596393192786
 20
-103.251206502413
 42
1.0
 10
16.36596393192787
 20
-103.251206502413
 42
1.0
 97
        1
330
0
 75
     0
 76
     1
 47
0.868144
 98
        1
 10
3.629517071192367
 20
33.92795499968543
1001
ACAD
1010
0.0
1020
0.0
1030
0.0
  0
LWPOLYLINE
  5
3145
330
1F
100
AcDbEntity
  8
TOP-LAYER
100
AcDbPolyline
 90
        2
 70
     1
 43
0.0
 10
14.565964
 20
-103.251207
 42
1.0
 10
16.365964
 20
-103.251207
 42
1.0
  0
HATCH
  5
3234
330
1F
100
AcDbEntity
  8
TOP-LAYER
100
AcDbHatch
 10
0.0
 20
0.0
 30
0.0
210
0.0
220
0.0
230
1.0
  2
SOLID
 70
     1
 71
     0
 91
        1
 92
        7
 72
     1
 73
     1
 93
        2
 10
10.22103124206249
 20
-83.43916687833376
 42
1.0
 10
12.22103124206249
 20
-83.43916687833376
 42
1.0
 97
        1
330
0
 75
     0
 76
     1
 47
0.868144
 98
        1
 10
3.629517071192367
 20
33.92795499968543
1001
ACAD
1010
0.0
1020
0.0
1030
0.0
  0
LWPOLYLINE
  5
3235
330
1F
100
AcDbEntity
  8
TOP-LAYER
100
AcDbPolyline
 90
        4
 70
     0
 43
0.0
 10
10.221031
 20
-83.439167
 42
1.0
 10
12.221031
 20
-83.439167
 10
12.221031
 20
-83.439167
 42
1.0
 10
10.221031
 20
-83.439167
  0
HATCH
  5
3264
330
1F
100
AcDbEntity
  8
TOP-LAYER
100
AcDbHatch
 10
0.0
 20
0.0
 30
0.0
210
0.0
220
0.0
230
1.0
  2
SOLID
 70
     1
 71
     0
 91
        1
 92
        7
 72
     1
 73
     1
 93
        2
 10
31.72115824231648
 20
-83.43916687833376
 42
1.0
 10
33.72115824231648
 20
-83.43916687833376
 42
1.0
 97
        1
330
0
 75
     0
 76
     1
 47
0.868144
 98
        1
 10
3.629517071192367
 20
33.92795499968543
1001
ACAD
1010
0.0
1020
0.0
1030
0.0
  0
LWPOLYLINE
  5
3265
330
1F
100
AcDbEntity
  8
TOP-LAYER
100
AcDbPolyline
 90
        2
 70
     1
 43
0.0
 10
31.721158
 20
-83.439167
 42
1.0
 10
33.721158
 20
-83.439167
 42
1.0
  0
HATCH
  5
3294
330
1F
100
AcDbEntity
  8
TOP-LAYER
100
AcDbHatch
 10
0.0
 20
0.0
 30
0.0
210
0.0
220
0.0
230
1.0
  2
SOLID
 70
     1
 71
     0
 91
        1
 92
        7
 72
     1
 73
     1
 93
        2
 10
152.9973075946152
 20
-59.81711963423928
 42
1.0
 10
154.5973075946152
 20
-59.81711963423928
 42
1.0
 97
        1
330
0
 75
     0
 76
     1
 47
0.868144
 98
        1
 10
3.629517071192367
 20
33.92795499968543
1001
ACAD
1010
0.0
1020
0.0
1030
0.0
  0
LWPOLYLINE
  5
3295
330
1F
100
AcDbEntity
  8
TOP-LAYER
100
AcDbPolyline
 90
        4
 70
     0
 43
0.0
 10
152.997308
 20
-59.81712
 42
1.0
 10
154.597308
 20
-59.81712
 10
154.597308
 20
-59.81712
 42
1.0
 10
152.997308
 20
-59.81712
  0
HATCH
  5
3324
330
1F
100
AcDbEntity
  8
TOP-LAYER
100
AcDbHatch
 10
0.0
 20
0.0
 30
0.0
210
0.0
220
0.0
230
1.0
  2
SOLID
 70
     1
 71
     0
 91
        1
 92
        7
 72
     1
 73
     1
 93
        2
 10
150.457302514605
 20
-59.81711963423928
 42
1.0
 10
152.0573025146051
 20
-59.81711963423928
 42
1.0
 97
        1
330
0
 75
     0
 76
     1
 47
0.868144
 98
        1
 10
3.629517071192367
 20
33.92795499968543
1001
ACAD
1010
0.0
1020
0.0
1030
0.0
  0
LWPOLYLINE
  5
3325
330
1F
100
AcDbEntity
  8
TOP-LAYER
100
AcDbPolyline
 90
        4
 70
     0
 43
0.0
 10
150.457303
 20
-59.81712
 42
1.0
 10
152.057303
 20
-59.81712
 10
152.057303
 20
-59.81712
 42
1.0
 10
150.457303
 20
-59.81712
  0
HATCH
  5
3353
330
1F
100
AcDbEntity
  8
TOP-LAYER
100
AcDbHatch
 10
0.0
 20
0.0
 30
0.0
210
0.0
220
0.0
230
1.0
  2
SOLID
 70
     1
 71
     0
 91
        1
 92
        7
 72
     0
 73
     1
 93
        4
 10
147.9298958597917
 20
-60.61711963423927
 10
147.9298958597917
 20
-59.01711963423928
 10
149.5046990093981
 20
-59.01711963423928
 10
149.5046990093981
 20
-60.61711963423927
 97
        1
330
3352
 75
     0
 76
     1
 47
0.412818
 98
        1
 10
34.90568961886538
 20
22.81183545379326
1001
ACAD
1010
0.0
1020
0.0
1030
0.0
  0
LWPOLYLINE
  5
3352
330
1F
100
AcDbEntity
  8
TOP-LAYER
100
AcDbPolyline
 90
        4
 70
     1
 43
0.0
 10
147.929896
 20
-60.61712
 10
147.929896
 20
-59.01712
 10
149.504699
 20
-59.01712
 10
149.504699
 20
-60.61712
  0
HATCH
  5
3375
330
1F
100
AcDbEntity
  8
TOP-LAYER
100
AcDbHatch
 10
0.0
 20
0.0
 30
0.0
210
0.0
220
0.0
230
1.0
  2
SOLID
 70
     1
 71
     0
 91
        1
 92
        7
 72
     1
 73
     1
 93
        2
 10
11.68315976631953
 20
-94.48818897637797
 42
1.0
 10
14.08315976631954
 20
-94.48818897637797
 42
1.0
 97
        1
330
0
 75
     0
 76
     1
 47
0.868144
 98
        1
 10
3.629517071192367
 20
33.92795499968543
1001
ACAD
1010
0.0
1020
0.0
1030
0.0
  0
LWPOLYLINE
  5
3376
330
1F
100
AcDbEntity
  8
TOP-LAYER
100
AcDbPolyline
 90
        2
 70
     1
 43
0.0
 10
11.68316
 20
-94.488189
 42
1.0
 10
14.08316
 20
-94.488189
 42
1.0
  0
HATCH
  5
3404
330
1F
100
AcDbEntity
  8
TOP-LAYER
100
AcDbHatch
 10
0.0
 20
0.0
 30
0.0
210
0.0
220
0.0
230
1.0
  2
SOLID
 70
     1
 71
     0
 91
        1
 92
        7
 72
     0
 73
     1
 93
        4
 10
21.08290576581153
 20
-93.38818897637798
 10
21.08290576581153
 20
-95.58818897637796
 10
18.68290576581153
 20
-95.58818897637796
 10
18.68290576581153
 20
-93.38818897637798
 97
        1
330
3403
 75
     0
 76
     1
 47
0.412818
 98
        1
 10
34.90568961886538
 20
22.81183545379326
1001
ACAD
1010
0.0
1020
0.0
1030
0.0
  0
LWPOLYLINE
  5
3403
330
1F
100
AcDbEntity
  8
TOP-LAYER
100
AcDbPolyline
 90
        4
 70
     1
 43
0.0
 10
21.082906
 20
-93.388189
 10
21.082906
 20
-95.588189
 10
18.682906
 20
-95.588189
 10
18.682906
 20
-93.388189
  0
HATCH
  5
3426
330
1F
100
AcDbEntity
  8
TOP-LAYER
100
AcDbHatch
 10
0.0
 20
0.0
 30
0.0
210
0.0
220
0.0
230
1.0
  2
SOLID
 70
     1
 71
     0
 91
        1
 92
        7
 72
     1
 73
     1
 93
        2
 10
15.18303276606553
 20
-94.48818897637797
 42
1.0
 10
17.58303276606553
 20
-94.48818897637797
 42
1.0
 97
        1
330
0
 75
     0
 76
     1
 47
0.868144
 98
        1
 10
3.629517071192367
 20
33.92795499968543
1001
ACAD
1010
0.0
1020
0.0
1030
0.0
  0
LWPOLYLINE
  5
3427
330
1F
100
AcDbEntity
  8
TOP-LAYER
100
AcDbPolyline
 90
        2
 70
     1
 43
0.0
 10
15.183033
 20
-94.488189
 42
1.0
 10
17.583033
 20
-94.488189
 42
1.0
  0
HATCH
  5
3480
330
1F
100
AcDbEntity
  8
TOP-LAYER
100
AcDbHatch
 10
0.0
 20
0.0
 30
0.0
210
0.0
220
0.0
230
1.0
  2
SOLID
 70
     1
 71
     0
 91
        1
 92
        7
 72
     1
 73
     1
 93
        2
 10
16.78803403606807
 20
-66.29413258826519
 42
1.0
 10
19.78803911607823
 20
-66.29413258826519
 42
1.0
 97
        1
330
0
 75
     0
 76
     1
 47
0.868144
 98
        1
 10
3.629517071192367
 20
33.92795499968543
1001
ACAD
1010
0.0
1020
0.0
1030
0.0
  0
LWPOLYLINE
  5
3481
330
1F
100
AcDbEntity
  8
TOP-LAYER
100
AcDbPolyline
 90
        2
 70
     1
 43
0.0
 10
16.788034
 20
-66.294133
 42
1.0
 10
19.788039
 20
-66.294133
 42
1.0
  0
HATCH
  5
3510
330
1F
100
AcDbEntity
  8
TOP-LAYER
100
AcDbHatch
 10
0.0
 20
0.0
 30
0.0
210
0.0
220
0.0
230
1.0
  2
SOLID
 70
     1
 71
     0
 91
        1
 92
        7
 72
     1
 73
     1
 93
        2
 10
29.48805943611887
 20
-66.29413258826519
 42
1.0
 10
32.48806451612904
 20
-66.29413258826519
 42
1.0
 97
        1
330
0
 75
     0
 76
     1
 47
0.868144
 98
        1
 10
3.629517071192367
 20
33.92795499968543
1001
ACAD
1010
0.0
1020
0.0
1030
0.0
  0
LWPOLYLINE
  5
3511
330
1F
100
AcDbEntity
  8
TOP-LAYER
100
AcDbPolyline
 90
        2
 70
     1
 43
0.0
 10
29.488059
 20
-66.294133
 42
1.0
 10
32.488065
 20
-66.294133
 42
1.0
  0
HATCH
  5
3540
330
1F
100
AcDbEntity
  8
TOP-LAYER
100
AcDbHatch
 10
0.0
 20
0.0
 30
0.0
210
0.0
220
0.0
230
1.0
  2
SOLID
 70
     1
 71
     0
 91
        1
 92
        7
 72
     1
 73
     1
 93
        2
 10
37.10807467614936
 20
-66.29413258826519
 42
1.0
 10
40.10807975615951
 20
-66.29413258826519
 42
1.0
 97
        1
330
0
 75
     0
 76
     1
 47
0.868144
 98
        1
 10
3.629517071192367
 20
33.92795499968543
1001
ACAD
1010
0.0
1020
0.0
1030
0.0
  0
LWPOLYLINE
  5
3541
330
1F
100
AcDbEntity
  8
TOP-LAYER
100
AcDbPolyline
 90
        4
 70
     0
 43
0.0
 10
37.108075
 20
-66.294133
 42
1.0
 10
40.10808
 20
-66.294133
 10
40.10808
 20
-66.294133
 42
1.0
 10
37.108075
 20
-66.294133
  0
HATCH
  5
3570
330
1F
100
AcDbEntity
  8
TOP-LAYER
100
AcDbHatch
 10
0.0
 20
0.0
 30
0.0
210
0.0
220
0.0
230
1.0
  2
SOLID
 70
     1
 71
     0
 91
        1
 92
        7
 72
     1
 73
     1
 93
        2
 10
37.10807467614936
 20
-35.81407162814326
 42
1.0
 10
40.10807975615951
 20
-35.81407162814326
 42
1.0
 97
        1
330
0
 75
     0
 76
     1
 47
0.868144
 98
        1
 10
3.629517071192367
 20
33.92795499968543
1001
ACAD
1010
0.0
1020
0.0
1030
0.0
  0
LWPOLYLINE
  5
3571
330
1F
100
AcDbEntity
  8
TOP-LAYER
100
AcDbPolyline
 90
        4
 70
     0
 43
0.0
 10
37.108075
 20
-35.814072
 42
1.0
 10
40.10808
 20
-35.814072
 10
40.10808
 20
-35.814072
 42
1.0
 10
37.108075
 20
-35.814072
  0
HATCH
  5
3600
330
1F
100
AcDbEntity
  8
TOP-LAYER
100
AcDbHatch
 10
0.0
 20
0.0
 30
0.0
210
0.0
220
0.0
230
1.0
  2
SOLID
 70
     1
 71
     0
 91
        1
 92
        7
 72
     1
 73
     1
 93
        2
 10
29.78155956311913
 20
-35.81407162814326
 42
1.0
 10
32.19456438912878
 20
-35.81407162814326
 42
1.0
 97
        1
330
0
 75
     0
 76
     1
 47
0.868144
 98
        1
 10
3.629517071192367
 20
33.92795499968543
1001
ACAD
1010
0.0
1020
0.0
1030
0.0
  0
LWPOLYLINE
  5
3601
330
1F
100
AcDbEntity
  8
TOP-LAYER
100
AcDbPolyline
 90
        2
 70
     1
 43
0.0
 10
29.78156
 20
-35.814072
 42
1.0
 10
32.194564
 20
-35.814072
 42
1.0
  0
HATCH
  5
3630
330
1F
100
AcDbEntity
  8
TOP-LAYER
100
AcDbHatch
 10
0.0
 20
0.0
 30
0.0
210
0.0
220
0.0
230
1.0
  2
SOLID
 70
     1
 71
     0
 91
        1
 92
        7
 72
     1
 73
     1
 93
        2
 10
16.78803403606807
 20
-35.81407162814326
 42
1.0
 10
19.78803911607823
 20
-35.81407162814326
 42
1.0
 97
        1
330
0
 75
     0
 76
     1
 47
0.868144
 98
        1
 10
3.629517071192367
 20
33.92795499968543
1001
ACAD
1010
0.0
1020
0.0
1030
0.0
  0
LWPOLYLINE
  5
3631
330
1F
100
AcDbEntity
  8
TOP-LAYER
100
AcDbPolyline
 90
        2
 70
     1
 43
0.0
 10
16.788034
 20
-35.814072
 42
1.0
 10
19.788039
 20
-35.814072
 42
1.0
  0
HATCH
  5
3660
330
1F
100
AcDbEntity
  8
TOP-LAYER
100
AcDbHatch
 10
0.0
 20
0.0
 30
0.0
210
0.0
220
0.0
230
1.0
  2
SOLID
 70
     1
 71
     0
 91
        1
 92
        7
 72
     1
 73
     1
 93
        2
 10
27.29805435610872
 20
-35.81407162814326
 42
1.0
 10
29.59805943611888
 20
-35.81407162814326
 42
1.0
 97
        1
330
0
 75
     0
 76
     1
 47
0.868144
 98
        1
 10
3.629517071192367
 20
33.92795499968543
1001
ACAD
1010
0.0
1020
0.0
1030
0.0
  0
LWPOLYLINE
  5
3661
330
1F
100
AcDbEntity
  8
TOP-LAYER
100
AcDbPolyline
 90
        4
 70
     0
 43
0.0
 10
27.298054
 20
-35.814072
 42
1.0
 10
29.598059
 20
-35.814072
 10
29.598059
 20
-35.814072
 42
1.0
 10
27.298054
 20
-35.814072
  0
HATCH
  5
3777
330
1F
100
AcDbEntity
  8
TOP-LAYER
100
AcDbHatch
 10
0.0
 20
0.0
 30
0.0
210
0.0
220
0.0
230
1.0
  2
SOLID
 70
     1
 71
     0
 91
        1
 92
        7
 72
     0
 73
     1
 93
        4
 10
58.68496316992635
 20
-104.0278892557785
 10
58.68496316992635
 20
-102.2278892557785
 10
59.48496316992635
 20
-102.2278892557785
 10
59.48496316992635
 20
-104.0278892557785
 97
        1
330
3776
 75
     0
 76
     1
 47
0.412818
 98
        1
 10
34.90568961886538
 20
22.81183545379326
1001
ACAD
1010
0.0
1020
0.0
1030
0.0
  0
LWPOLYLINE
  5
3776
330
1F
100
AcDbEntity
  8
TOP-LAYER
100
AcDbPolyline
 90
        4
 70
     1
 43
0.0
 10
58.684963
 20
-104.027889
 10
58.684963
 20
-102.227889
 10
59.484963
 20
-102.227889
 10
59.484963
 20
-104.027889
  0
HATCH
  5
3783
330
1F
100
AcDbEntity
  8
TOP-LAYER
100
AcDbHatch
 10
0.0
 20
0.0
 30
0.0
210
0.0
220
0.0
230
1.0
  2
SOLID
 70
     1
 71
     0
 91
        1
 92
        7
 72
     0
 73
     1
 93
        4
 10
59.93515367030734
 20
-104.0278892557785
 10
59.93515367030734
 20
-102.2278892557785
 10
60.73515367030735
 20
-102.2278892557785
 10
60.73515367030735
 20
-104.0278892557785
 97
        1
330
3782
 75
     0
 76
     1
 47
0.412818
 98
        1
 10
34.90568961886538
 20
22.81183545379326
1001
ACAD
1010
0.0
1020
0.0
1030
0.0
  0
LWPOLYLINE
  5
3782
330
1F
100
AcDbEntity
  8
TOP-LAYER
100
AcDbPolyline
 90
        4
 70
     1
 43
0.0
 10
59.935154
 20
-104.027889
 10
59.935154
 20
-102.227889
 10
60.735154
 20
-102.227889
 10
60.735154
 20
-104.027889
  0
HATCH
  5
3789
330
1F
100
AcDbEntity
  8
TOP-LAYER
100
AcDbHatch
 10
0.0
 20
0.0
 30
0.0
210
0.0
220
0.0
230
1.0
  2
SOLID
 70
     1
 71
     0
 91
        1
 92
        7
 72
     0
 73
     1
 93
        4
 10
61.18509017018035
 20
-104.0278892557785
 10
61.18509017018035
 20
-102.2278892557785
 10
61.98509017018035
 20
-102.2278892557785
 10
61.98509017018035
 20
-104.0278892557785
 97
        1
330
3788
 75
     0
 76
     1
 47
0.412818
 98
        1
 10
34.90568961886538
 20
22.81183545379326
1001
ACAD
1010
0.0
1020
0.0
1030
0.0
  0
LWPOLYLINE
  5
3788
330
1F
100
AcDbEntity
  8
TOP-LAYER
100
AcDbPolyline
 90
        4
 70
     1
 43
0.0
 10
61.18509
 20
-104.027889
 10
61.18509
 20
-102.227889
 10
61.98509
 20
-102.227889
 10
61.98509
 20
-104.027889
  0
HATCH
  5
3795
330
1F
100
AcDbEntity
  8
TOP-LAYER
100
AcDbHatch
 10
0.0
 20
0.0
 30
0.0
210
0.0
220
0.0
230
1.0
  2
SOLID
 70
     1
 71
     0
 91
        1
 92
        7
 72
     0
 73
     1
 93
        4
 10
62.43502667005334
 20
-104.0278892557785
 10
62.43502667005334
 20
-102.2278892557785
 10
63.23502667005335
 20
-102.2278892557785
 10
63.23502667005335
 20
-104.0278892557785
 97
        1
330
3794
 75
     0
 76
     1
 47
0.412818
 98
        1
 10
34.90568961886538
 20
22.81183545379326
1001
ACAD
1010
0.0
1020
0.0
1030
0.0
  0
LWPOLYLINE
  5
3794
330
1F
100
AcDbEntity
  8
TOP-LAYER
100
AcDbPolyline
 90
        4
 70
     1
 43
0.0
 10
62.435027
 20
-104.027889
 10
62.435027
 20
-102.227889
 10
63.235027
 20
-102.227889
 10
63.235027
 20
-104.027889
  0
HATCH
  5
3801
330
1F
100
AcDbEntity
  8
TOP-LAYER
100
AcDbHatch
 10
0.0
 20
0.0
 30
0.0
210
0.0
220
0.0
230
1.0
  2
SOLID
 70
     1
 71
     0
 91
        1
 92
        7
 72
     0
 73
     1
 93
        4
 10
55.63505207010414
 20
-107.2105283210567
 10
55.63505207010414
 20
-104.1105283210567
 10
57.43505207010414
 20
-104.1105283210567
 10
57.43505207010414
 20
-107.2105283210567
 97
        1
330
3800
 75
     0
 76
     1
 47
0.412818
 98
        1
 10
34.90568961886538
 20
22.81183545379326
1001
ACAD
1010
0.0
1020
0.0
1030
0.0
  0
LWPOLYLINE
  5
3800
330
1F
100
AcDbEntity
  8
TOP-LAYER
100
AcDbPolyline
 90
        4
 70
     1
 43
0.0
 10
55.635052
 20
-107.210528
 10
55.635052
 20
-104.110528
 10
57.435052
 20
-104.110528
 10
57.435052
 20
-107.210528
  0
HATCH
  5
3807
330
1F
100
AcDbEntity
  8
TOP-LAYER
100
AcDbHatch
 10
0.0
 20
0.0
 30
0.0
210
0.0
220
0.0
230
1.0
  2
SOLID
 70
     1
 71
     0
 91
        1
 92
        7
 72
     0
 73
     1
 93
        4
 10
64.48519177038355
 20
-107.2105283210567
 10
64.48519177038355
 20
-104.1105283210567
 10
66.28519177038353
 20
-104.1105283210567
 10
66.28519177038353
 20
-107.2105283210567
 97
        1
330
3806
 75
     0
 76
     1
 47
0.412818
 98
        1
 10
34.90568961886538
 20
22.81183545379326
1001
ACAD
1010
0.0
1020
0.0
1030
0.0
  0
LWPOLYLINE
  5
3806
330
1F
100
AcDbEntity
  8
TOP-LAYER
100
AcDbPolyline
 90
        4
 70
     1
 43
0.0
 10
64.485192
 20
-107.210528
 10
64.485192
 20
-104.110528
 10
66.285192
 20
-104.110528
 10
66.285192
 20
-107.210528
  0
LWPOLYLINE
  5
1049
330
1F
100
AcDbEntity
  8
TOP-SILKSCREEN-LAYER
100
AcDbPolyline
 90
        4
 70
     1
 43
0.254001
 10
173.863348
 20
-71.220091
 10
169.164338
 20
-71.220091
 10
169.164338
 20
-62.610998
 10
173.863348
 20
-62.610998
  0
LWPOLYLINE
  5
1122
330
1F
100
AcDbEntity
  8
TOP-SILKSCREEN-LAYER
100
AcDbPolyline
 90
        2
 70
     0
 43
0.254001
 10
4.533071
 20
-71.467183
 10
4.533071
 20
-72.361138
  0
LWPOLYLINE
  5
1123
330
1F
100
AcDbEntity
  8
TOP-SILKSCREEN-LAYER
100
AcDbPolyline
 90
        2
 70
     0
 43
0.254001
 10
4.533071
 20
-72.361138
 10
4.133071
 20
-72.361138
  0
LWPOLYLINE
  5
1124
330
1F
100
AcDbEntity
  8
TOP-SILKSCREEN-LAYER
100
AcDbPolyline
 90
        2
 70
     0
 43
0.254001
 10
4.160732
 20
-65.561138
 10
4.533071
 20
-65.561138
  0
LWPOLYLINE
  5
1125
330
1F
100
AcDbEntity
  8
TOP-SILKSCREEN-LAYER
100
AcDbPolyline
 90
        2
 70
     0
 43
0.254001
 10
4.533071
 20
-65.561138
 10
4.533071
 20
-66.454839
  0
LWPOLYLINE
  5
1126
330
1F
100
AcDbEntity
  8
TOP-SILKSCREEN-LAYER
100
AcDbPolyline
 90
        2
 70
     0
 43
0.254001
 10
0.733071
 20
-64.061138
 10
0.533071
 20
-64.061138
  0
LWPOLYLINE
  5
1127
330
1F
100
AcDbEntity
  8
TOP-SILKSCREEN-LAYER
100
AcDbPolyline
 90
        2
 70
     0
 43
0.254001
 10
0.533071
 20
-64.061138
 10
0.533071
 20
-65.561138
  0
LWPOLYLINE
  5
1128
330
1F
100
AcDbEntity
  8
TOP-SILKSCREEN-LAYER
100
AcDbPolyline
 90
        2
 70
     0
 43
0.254001
 10
0.533071
 20
-65.561138
 10
0.533071
 20
-65.661138
  0
LWPOLYLINE
  5
1129
330
1F
100
AcDbEntity
  8
TOP-SILKSCREEN-LAYER
100
AcDbPolyline
 90
        2
 70
     0
 43
0.254001
 10
0.533071
 20
-65.661138
 10
0.133071
 20
-65.661138
  0
LWPOLYLINE
  5
1130
330
1F
100
AcDbEntity
  8
TOP-SILKSCREEN-LAYER
100
AcDbPolyline
 90
        2
 70
     0
 43
0.254001
 10
0.133071
 20
-65.661138
 10
0.133071
 20
-72.261138
  0
LWPOLYLINE
  5
1131
330
1F
100
AcDbEntity
  8
TOP-SILKSCREEN-LAYER
100
AcDbPolyline
 90
        2
 70
     0
 43
0.254001
 10
0.133071
 20
-72.261138
 10
0.133071
 20
-72.361138
  0
LWPOLYLINE
  5
1132
330
1F
100
AcDbEntity
  8
TOP-SILKSCREEN-LAYER
100
AcDbPolyline
 90
        2
 70
     0
 43
0.254001
 10
0.133071
 20
-72.361138
 10
0.533071
 20
-72.361138
  0
LWPOLYLINE
  5
1133
330
1F
100
AcDbEntity
  8
TOP-SILKSCREEN-LAYER
100
AcDbPolyline
 90
        2
 70
     0
 43
0.254001
 10
0.533071
 20
-72.361138
 10
0.533071
 20
-73.861138
  0
LWPOLYLINE
  5
1134
330
1F
100
AcDbEntity
  8
TOP-SILKSCREEN-LAYER
100
AcDbPolyline
 90
        2
 70
     0
 43
0.254001
 10
0.533071
 20
-73.861138
 10
0.733071
 20
-73.861138
  0
LWPOLYLINE
  5
1135
330
1F
100
AcDbEntity
  8
TOP-SILKSCREEN-LAYER
100
AcDbPolyline
 90
        2
 70
     0
 43
0.254001
 10
104.106248
 20
-103.544145
 10
105.000203
 20
-103.544145
  0
LWPOLYLINE
  5
1136
330
1F
100
AcDbEntity
  8
TOP-SILKSCREEN-LAYER
100
AcDbPolyline
 90
        2
 70
     0
 43
0.254001
 10
105.000203
 20
-103.544145
 10
105.000203
 20
-103.944145
  0
LWPOLYLINE
  5
1137
330
1F
100
AcDbEntity
  8
TOP-SILKSCREEN-LAYER
100
AcDbPolyline
 90
        2
 70
     0
 43
0.254001
 10
98.200203
 20
-103.916485
 10
98.200203
 20
-103.544145
  0
LWPOLYLINE
  5
1138
330
1F
100
AcDbEntity
  8
TOP-SILKSCREEN-LAYER
100
AcDbPolyline
 90
        2
 70
     0
 43
0.254001
 10
98.200203
 20
-103.544145
 10
99.093904
 20
-103.544145
  0
LWPOLYLINE
  5
1139
330
1F
100
AcDbEntity
  8
TOP-SILKSCREEN-LAYER
100
AcDbPolyline
 90
        2
 70
     0
 43
0.254001
 10
96.700203
 20
-107.344145
 10
96.700203
 20
-107.544145
  0
LWPOLYLINE
  5
1140
330
1F
100
AcDbEntity
  8
TOP-SILKSCREEN-LAYER
100
AcDbPolyline
 90
        2
 70
     0
 43
0.254001
 10
96.700203
 20
-107.544145
 10
98.200203
 20
-107.544145
  0
LWPOLYLINE
  5
1141
330
1F
100
AcDbEntity
  8
TOP-SILKSCREEN-LAYER
100
AcDbPolyline
 90
        2
 70
     0
 43
0.254001
 10
98.200203
 20
-107.544145
 10
98.300203
 20
-107.544145
  0
LWPOLYLINE
  5
1142
330
1F
100
AcDbEntity
  8
TOP-SILKSCREEN-LAYER
100
AcDbPolyline
 90
        2
 70
     0
 43
0.254001
 10
98.300203
 20
-107.544145
 10
98.300203
 20
-107.944145
  0
LWPOLYLINE
  5
1143
330
1F
100
AcDbEntity
  8
TOP-SILKSCREEN-LAYER
100
AcDbPolyline
 90
        2
 70
     0
 43
0.254001
 10
98.300203
 20
-107.944145
 10
104.900203
 20
-107.944145
  0
LWPOLYLINE
  5
1144
330
1F
100
AcDbEntity
  8
TOP-SILKSCREEN-LAYER
100
AcDbPolyline
 90
        2
 70
     0
 43
0.254001
 10
104.900203
 20
-107.944145
 10
105.000203
 20
-107.944145
  0
LWPOLYLINE
  5
1145
330
1F
100
AcDbEntity
  8
TOP-SILKSCREEN-LAYER
100
AcDbPolyline
 90
        2
 70
     0
 43
0.254001
 10
105.000203
 20
-107.944145
 10
105.000203
 20
-107.544145
  0
LWPOLYLINE
  5
1146
330
1F
100
AcDbEntity
  8
TOP-SILKSCREEN-LAYER
100
AcDbPolyline
 90
        2
 70
     0
 43
0.254001
 10
105.000203
 20
-107.544145
 10
106.500203
 20
-107.544145
  0
LWPOLYLINE
  5
1147
330
1F
100
AcDbEntity
  8
TOP-SILKSCREEN-LAYER
100
AcDbPolyline
 90
        2
 70
     0
 43
0.254001
 10
106.500203
 20
-107.544145
 10
106.500203
 20
-107.344145
  0
LWPOLYLINE
  5
1148
330
1F
100
AcDbEntity
  8
TOP-SILKSCREEN-LAYER
100
AcDbPolyline
 90
        2
 70
     0
 43
0.254001
 10
83.786208
 20
-103.544145
 10
84.680163
 20
-103.544145
  0
LWPOLYLINE
  5
1149
330
1F
100
AcDbEntity
  8
TOP-SILKSCREEN-LAYER
100
AcDbPolyline
 90
        2
 70
     0
 43
0.254001
 10
84.680163
 20
-103.544145
 10
84.680163
 20
-103.944145
  0
LWPOLYLINE
  5
1150
330
1F
100
AcDbEntity
  8
TOP-SILKSCREEN-LAYER
100
AcDbPolyline
 90
        2
 70
     0
 43
0.254001
 10
77.880163
 20
-103.916485
 10
77.880163
 20
-103.544145
  0
LWPOLYLINE
  5
1151
330
1F
100
AcDbEntity
  8
TOP-SILKSCREEN-LAYER
100
AcDbPolyline
 90
        2
 70
     0
 43
0.254001
 10
77.880163
 20
-103.544145
 10
78.773863
 20
-103.544145
  0
LWPOLYLINE
  5
1152
330
1F
100
AcDbEntity
  8
TOP-SILKSCREEN-LAYER
100
AcDbPolyline
 90
        2
 70
     0
 43
0.254001
 10
76.380163
 20
-107.344145
 10
76.380163
 20
-107.544145
  0
LWPOLYLINE
  5
1153
330
1F
100
AcDbEntity
  8
TOP-SILKSCREEN-LAYER
100
AcDbPolyline
 90
        2
 70
     0
 43
0.254001
 10
76.380163
 20
-107.544145
 10
77.880163
 20
-107.544145
  0
LWPOLYLINE
  5
1154
330
1F
100
AcDbEntity
  8
TOP-SILKSCREEN-LAYER
100
AcDbPolyline
 90
        2
 70
     0
 43
0.254001
 10
77.880163
 20
-107.544145
 10
77.980163
 20
-107.544145
  0
LWPOLYLINE
  5
1155
330
1F
100
AcDbEntity
  8
TOP-SILKSCREEN-LAYER
100
AcDbPolyline
 90
        2
 70
     0
 43
0.254001
 10
77.980163
 20
-107.544145
 10
77.980163
 20
-107.944145
  0
LWPOLYLINE
  5
1156
330
1F
100
AcDbEntity
  8
TOP-SILKSCREEN-LAYER
100
AcDbPolyline
 90
        2
 70
     0
 43
0.254001
 10
77.980163
 20
-107.944145
 10
84.580163
 20
-107.944145
  0
LWPOLYLINE
  5
1157
330
1F
100
AcDbEntity
  8
TOP-SILKSCREEN-LAYER
100
AcDbPolyline
 90
        2
 70
     0
 43
0.254001
 10
84.580163
 20
-107.944145
 10
84.680163
 20
-107.944145
  0
LWPOLYLINE
  5
1158
330
1F
100
AcDbEntity
  8
TOP-SILKSCREEN-LAYER
100
AcDbPolyline
 90
        2
 70
     0
 43
0.254001
 10
84.680163
 20
-107.944145
 10
84.680163
 20
-107.544145
  0
LWPOLYLINE
  5
1159
330
1F
100
AcDbEntity
  8
TOP-SILKSCREEN-LAYER
100
AcDbPolyline
 90
        2
 70
     0
 43
0.254001
 10
84.680163
 20
-107.544145
 10
86.180163
 20
-107.544145
  0
LWPOLYLINE
  5
1160
330
1F
100
AcDbEntity
  8
TOP-SILKSCREEN-LAYER
100
AcDbPolyline
 90
        2
 70
     0
 43
0.254001
 10
86.180163
 20
-107.544145
 10
86.180163
 20
-107.344145
  0
LWPOLYLINE
  5
1217
330
1F
100
AcDbEntity
  8
TOP-SILKSCREEN-LAYER
100
AcDbPolyline
 90
        2
 70
     0
 43
0.150013
 10
76.454153
 20
-82.448565
 10
76.454153
 20
-83.972568
  0
LWPOLYLINE
  5
1218
330
1F
100
AcDbEntity
  8
TOP-SILKSCREEN-LAYER
100
AcDbPolyline
 90
        2
 70
     0
 43
0.150013
 10
80.08476
 20
-75.565126
 10
81.026162
 20
-75.565126
  0
LWPOLYLINE
  5
1219
330
1F
100
AcDbEntity
  8
TOP-SILKSCREEN-LAYER
100
AcDbPolyline
 90
        2
 70
     0
 43
0.150013
 10
81.026162
 20
-75.565126
 10
81.026162
 20
-72.409093
  0
LWPOLYLINE
  5
1220
330
1F
100
AcDbEntity
  8
TOP-SILKSCREEN-LAYER
100
AcDbPolyline
 90
        2
 70
     0
 43
0.150013
 10
81.026162
 20
-72.409093
 10
76.145263
 20
-72.409093
  0
LWPOLYLINE
  5
1221
330
1F
100
AcDbEntity
  8
TOP-SILKSCREEN-LAYER
100
AcDbPolyline
 90
        2
 70
     0
 43
0.150013
 10
71.683033
 20
-72.409093
 10
66.802134
 20
-72.409093
  0
LWPOLYLINE
  5
1222
330
1F
100
AcDbEntity
  8
TOP-SILKSCREEN-LAYER
100
AcDbPolyline
 90
        2
 70
     0
 43
0.150013
 10
66.802134
 20
-72.409093
 10
66.802134
 20
-75.565126
  0
LWPOLYLINE
  5
1223
330
1F
100
AcDbEntity
  8
TOP-SILKSCREEN-LAYER
100
AcDbPolyline
 90
        2
 70
     0
 43
0.150013
 10
66.802134
 20
-75.565126
 10
68.002438
 20
-75.565126
  0
LWPOLYLINE
  5
1224
330
1F
100
AcDbEntity
  8
TOP-SILKSCREEN-LAYER
100
AcDbPolyline
 90
        2
 70
     0
 43
0.150013
 10
75.438151
 20
-75.717551
 10
77.470155
 20
-75.717551
  0
LWPOLYLINE
  5
1225
330
1F
100
AcDbEntity
  8
TOP-SILKSCREEN-LAYER
100
AcDbPolyline
 90
        2
 70
     0
 43
0.150013
 10
76.454153
 20
-74.701549
 10
76.454153
 20
-76.733553
  0
LWPOLYLINE
  5
1226
330
1F
100
AcDbEntity
  8
TOP-SILKSCREEN-LAYER
100
AcDbPolyline
 90
        2
 70
     0
 43
0.150013
 10
71.616688
 20
-72.813716
 42
0.728
 10
71.790221
 20
-86.50066
  0
LWPOLYLINE
  5
1227
330
1F
100
AcDbEntity
  8
TOP-SILKSCREEN-LAYER
100
AcDbPolyline
 90
        2
 70
     0
 43
0.150013
 10
76.068199
 20
-86.546787
 42
0.735
 10
76.089256
 20
-72.71811
  0
LWPOLYLINE
  5
1256
330
1F
100
AcDbEntity
  8
TOP-SILKSCREEN-LAYER
100
AcDbPolyline
 90
        2
 70
     0
 43
0.254001
 10
168.31336
 20
-49.522809
 10
169.088341
 20
-49.522809
  0
LWPOLYLINE
  5
1257
330
1F
100
AcDbEntity
  8
TOP-SILKSCREEN-LAYER
100
AcDbPolyline
 90
        2
 70
     0
 43
0.254001
 10
169.088341
 20
-49.522809
 10
169.088341
 20
-47.859766
  0
LWPOLYLINE
  5
1258
330
1F
100
AcDbEntity
  8
TOP-SILKSCREEN-LAYER
100
AcDbPolyline
 90
        2
 70
     0
 43
0.254001
 10
169.088341
 20
-47.859766
 10
168.36096
 20
-47.859766
  0
LWPOLYLINE
  5
1259
330
1F
100
AcDbEntity
  8
TOP-SILKSCREEN-LAYER
100
AcDbPolyline
 90
        2
 70
     0
 43
0.254001
 10
168.36096
 20
-47.859766
 10
168.31336
 20
-47.907366
  0
LWPOLYLINE
  5
1260
330
1F
100
AcDbEntity
  8
TOP-SILKSCREEN-LAYER
100
AcDbPolyline
 90
        2
 70
     0
 43
0.254001
 10
168.31336
 20
-55.01049
 10
169.088341
 20
-55.01049
  0
LWPOLYLINE
  5
1261
330
1F
100
AcDbEntity
  8
TOP-SILKSCREEN-LAYER
100
AcDbPolyline
 90
        2
 70
     0
 43
0.254001
 10
169.088341
 20
-55.01049
 10
169.088341
 20
-53.347447
  0
LWPOLYLINE
  5
1262
330
1F
100
AcDbEntity
  8
TOP-SILKSCREEN-LAYER
100
AcDbPolyline
 90
        2
 70
     0
 43
0.254001
 10
169.088341
 20
-53.347447
 10
168.36096
 20
-53.347447
  0
LWPOLYLINE
  5
1263
330
1F
100
AcDbEntity
  8
TOP-SILKSCREEN-LAYER
100
AcDbPolyline
 90
        2
 70
     0
 43
0.254001
 10
168.36096
 20
-53.347447
 10
168.31336
 20
-53.395047
  0
LWPOLYLINE
  5
1264
330
1F
100
AcDbEntity
  8
TOP-SILKSCREEN-LAYER
100
AcDbPolyline
 90
        2
 70
     0
 43
0.254001
 10
174.11331
 20
-57.685116
 10
168.31336
 20
-57.685116
  0
LWPOLYLINE
  5
1265
330
1F
100
AcDbEntity
  8
TOP-SILKSCREEN-LAYER
100
AcDbPolyline
 90
        2
 70
     0
 43
0.254001
 10
168.31336
 20
-57.685116
 10
168.31336
 20
-45.18509
  0
LWPOLYLINE
  5
1266
330
1F
100
AcDbEntity
  8
TOP-SILKSCREEN-LAYER
100
AcDbPolyline
 90
        2
 70
     0
 43
0.254001
 10
168.31336
 20
-45.18509
 10
174.11331
 20
-45.18509
  0
LWPOLYLINE
  5
1267
330
1F
100
AcDbEntity
  8
TOP-SILKSCREEN-LAYER
100
AcDbPolyline
 90
        2
 70
     0
 43
0.254001
 10
174.11331
 20
-45.18509
 10
174.11331
 20
-57.675133
  0
LWPOLYLINE
  5
1268
330
1F
100
AcDbEntity
  8
TOP-SILKSCREEN-LAYER
100
AcDbPolyline
 90
        2
 70
     0
 43
0.254001
 10
174.11331
 20
-57.675133
 10
174.103327
 20
-57.685116
  0
LWPOLYLINE
  5
1273
330
1F
100
AcDbEntity
  8
TOP-SILKSCREEN-LAYER
100
AcDbPolyline
 90
        2
 70
     0
 43
0.254001
 10
173.228346
 20
-62.611125
 10
173.228346
 20
-61.929235
  0
LWPOLYLINE
  5
1274
330
1F
100
AcDbEntity
  8
TOP-SILKSCREEN-LAYER
100
AcDbPolyline
 90
        2
 70
     0
 43
0.254001
 10
173.863348
 20
-62.611125
 10
173.863348
 20
-61.929235
  0
LWPOLYLINE
  5
1275
330
1F
100
AcDbEntity
  8
TOP-SILKSCREEN-LAYER
100
AcDbPolyline
 90
        2
 70
     0
 43
0.254001
 10
173.228346
 20
-71.247142
 10
173.228346
 20
-71.929108
  0
LWPOLYLINE
  5
1276
330
1F
100
AcDbEntity
  8
TOP-SILKSCREEN-LAYER
100
AcDbPolyline
 90
        2
 70
     0
 43
0.254001
 10
173.863348
 20
-71.247142
 10
173.863348
 20
-71.929108
  0
LWPOLYLINE
  5
1277
330
1F
100
AcDbEntity
  8
TOP-SILKSCREEN-LAYER
100
AcDbPolyline
 90
        2
 70
     0
 43
0.254001
 10
174.485344
 20
-61.929134
 10
174.485344
 20
-71.929108
  0
LWPOLYLINE
  5
1278
330
1F
100
AcDbEntity
  8
TOP-SILKSCREEN-LAYER
100
AcDbPolyline
 90
        2
 70
     0
 43
0.254001
 10
173.863348
 20
-63.680239
 10
174.485344
 20
-63.680239
  0
LWPOLYLINE
  5
1279
330
1F
100
AcDbEntity
  8
TOP-SILKSCREEN-LAYER
100
AcDbPolyline
 90
        2
 70
     0
 43
0.254001
 10
173.863348
 20
-65.204242
 10
174.485344
 20
-65.204242
  0
LWPOLYLINE
  5
1280
330
1F
100
AcDbEntity
  8
TOP-SILKSCREEN-LAYER
100
AcDbPolyline
 90
        2
 70
     0
 43
0.254001
 10
168.585344
 20
-61.929235
 10
174.485344
 20
-61.929235
  0
LWPOLYLINE
  5
1282
330
1F
100
AcDbEntity
  8
TOP-SILKSCREEN-LAYER
100
AcDbPolyline
 90
        2
 70
     0
 43
0.254001
 10
173.863348
 20
-68.680112
 10
174.485344
 20
-68.680112
  0
LWPOLYLINE
  5
1283
330
1F
100
AcDbEntity
  8
TOP-SILKSCREEN-LAYER
100
AcDbPolyline
 90
        2
 70
     0
 43
0.254001
 10
173.863348
 20
-70.204115
 10
174.485344
 20
-70.204115
  0
LWPOLYLINE
  5
1284
330
1F
100
AcDbEntity
  8
TOP-SILKSCREEN-LAYER
100
AcDbPolyline
 90
        2
 70
     0
 43
0.254001
 10
168.585344
 20
-71.929108
 10
174.485344
 20
-71.929108
  0
LWPOLYLINE
  5
1311
330
1F
100
AcDbEntity
  8
TOP-SILKSCREEN-LAYER
100
AcDbPolyline
 90
        2
 70
     0
 43
0.254001
 10
114.738278
 20
-107.719152
 10
114.738278
 20
-82.719152
  0
LWPOLYLINE
  5
1312
330
1F
100
AcDbEntity
  8
TOP-SILKSCREEN-LAYER
100
AcDbPolyline
 90
        2
 70
     0
 43
0.254001
 10
137.738278
 20
-107.719152
 10
114.738278
 20
-107.719152
  0
LWPOLYLINE
  5
1313
330
1F
100
AcDbEntity
  8
TOP-SILKSCREEN-LAYER
100
AcDbPolyline
 90
        2
 70
     0
 43
0.254001
 10
137.738278
 20
-82.719152
 10
137.738278
 20
-107.719152
  0
LWPOLYLINE
  5
1314
330
1F
100
AcDbEntity
  8
TOP-SILKSCREEN-LAYER
100
AcDbPolyline
 90
        2
 70
     0
 43
0.254001
 10
114.738278
 20
-82.719152
 10
137.738278
 20
-82.719152
  0
LWPOLYLINE
  5
1317
330
1F
100
AcDbEntity
  8
TOP-SILKSCREEN-LAYER
100
AcDbPolyline
 90
        2
 70
     0
 43
0.254001
 10
14.551638
 20
-106.351232
 10
14.551638
 20
-104.451207
  0
LWPOLYLINE
  5
1318
330
1F
100
AcDbEntity
  8
TOP-SILKSCREEN-LAYER
100
AcDbPolyline
 90
        2
 70
     0
 43
0.254001
 10
14.551638
 20
-104.451207
 10
16.4159
 20
-104.451207
  0
LWPOLYLINE
  5
1319
330
1F
100
AcDbEntity
  8
TOP-SILKSCREEN-LAYER
100
AcDbPolyline
 90
        2
 70
     0
 43
0.254001
 10
16.4159
 20
-104.451207
 10
16.515875
 20
-104.451207
  0
LWPOLYLINE
  5
1320
330
1F
100
AcDbEntity
  8
TOP-SILKSCREEN-LAYER
100
AcDbPolyline
 90
        2
 70
     0
 43
0.254001
 10
16.515875
 20
-104.451207
 10
16.515875
 20
-106.351232
  0
LWPOLYLINE
  5
1321
330
1F
100
AcDbEntity
  8
TOP-SILKSCREEN-LAYER
100
AcDbPolyline
 90
        2
 70
     0
 43
0.254001
 10
11.051765
 20
-106.351232
 10
11.051765
 20
-104.451207
  0
LWPOLYLINE
  5
1322
330
1F
100
AcDbEntity
  8
TOP-SILKSCREEN-LAYER
100
AcDbPolyline
 90
        2
 70
     0
 43
0.254001
 10
11.051765
 20
-104.451207
 10
12.916027
 20
-104.451207
  0
LWPOLYLINE
  5
1323
330
1F
100
AcDbEntity
  8
TOP-SILKSCREEN-LAYER
100
AcDbPolyline
 90
        2
 70
     0
 43
0.254001
 10
12.916027
 20
-104.451207
 10
13.016027
 20
-104.451207
  0
LWPOLYLINE
  5
1324
330
1F
100
AcDbEntity
  8
TOP-SILKSCREEN-LAYER
100
AcDbPolyline
 90
        2
 70
     0
 43
0.254001
 10
13.016027
 20
-104.451207
 10
13.016027
 20
-106.351232
  0
LWPOLYLINE
  5
1325
330
1F
100
AcDbEntity
  8
TOP-SILKSCREEN-LAYER
100
AcDbPolyline
 90
        2
 70
     0
 43
0.254001
 10
17.216027
 20
-99.851207
 10
17.216027
 20
-106.351232
  0
LWPOLYLINE
  5
1326
330
1F
100
AcDbEntity
  8
TOP-SILKSCREEN-LAYER
100
AcDbPolyline
 90
        2
 70
     0
 43
0.254001
 10
17.216027
 20
-100.597587
 10
17.716027
 20
-100.597587
  0
LWPOLYLINE
  5
1327
330
1F
100
AcDbEntity
  8
TOP-SILKSCREEN-LAYER
100
AcDbPolyline
 90
        2
 70
     0
 43
0.254001
 10
17.716027
 20
-100.597587
 10
17.716027
 20
-101.169088
  0
LWPOLYLINE
  5
1328
330
1F
100
AcDbEntity
  8
TOP-SILKSCREEN-LAYER
100
AcDbPolyline
 90
        2
 70
     0
 43
0.254001
 10
17.716027
 20
-101.169088
 10
17.216027
 20
-101.169088
  0
LWPOLYLINE
  5
1329
330
1F
100
AcDbEntity
  8
TOP-SILKSCREEN-LAYER
100
AcDbPolyline
 90
        2
 70
     0
 43
0.254001
 10
10.215977
 20
-99.851232
 10
17.216027
 20
-99.851232
  0
LWPOLYLINE
  5
1330
330
1F
100
AcDbEntity
  8
TOP-SILKSCREEN-LAYER
100
AcDbPolyline
 90
        2
 70
     0
 43
0.254001
 10
10.215977
 20
-106.351232
 10
17.216027
 20
-106.351232
  0
LWPOLYLINE
  5
1331
330
1F
100
AcDbEntity
  8
TOP-SILKSCREEN-LAYER
100
AcDbPolyline
 90
        2
 70
     0
 43
0.254001
 10
10.215951
 20
-99.851207
 10
10.215951
 20
-106.351232
  0
LWPOLYLINE
  5
1332
330
1F
100
AcDbEntity
  8
TOP-SILKSCREEN-LAYER
100
AcDbPolyline
 90
        2
 70
     0
 43
0.254001
 10
10.215977
 20
-105.844577
 10
9.715977
 20
-105.844577
  0
LWPOLYLINE
  5
1333
330
1F
100
AcDbEntity
  8
TOP-SILKSCREEN-LAYER
100
AcDbPolyline
 90
        2
 70
     0
 43
0.254001
 10
9.715977
 20
-105.844577
 10
9.715977
 20
-105.273076
  0
LWPOLYLINE
  5
1334
330
1F
100
AcDbEntity
  8
TOP-SILKSCREEN-LAYER
100
AcDbPolyline
 90
        2
 70
     0
 43
0.254001
 10
9.715977
 20
-105.273076
 10
10.215977
 20
-105.273076
  0
LWPOLYLINE
  5
1335
330
1F
100
AcDbEntity
  8
TOP-SILKSCREEN-LAYER
100
AcDbPolyline
 90
        2
 70
     0
 43
0.254001
 10
10.215977
 20
-101.501168
 10
17.216027
 20
-101.501168
  0
HATCH
  5
1349
330
1F
100
AcDbEntity
  8
TOP-SILKSCREEN-LAYER
100
AcDbHatch
 10
0.0
 20
0.0
 30
0.0
210
0.0
220
0.0
230
1.0
  2
SOLID
 70
     1
 71
     0
 91
        1
 92
        7
 72
     0
 73
     1
 93
        3
 10
12.01602743205487
 20
-104.751206502413
 10
11.51602743205487
 20
-105.351206502413
 10
12.51602743205486
 20
-105.351206502413
 97
        1
330
1348
 75
     0
 76
     1
 47
0.412818
 98
        1
 10
34.90568961886538
 20
22.81183545379326
1001
ACAD
1010
0.0
1020
0.0
1030
0.0
  0
LWPOLYLINE
  5
1348
330
1F
100
AcDbEntity
  8
TOP-SILKSCREEN-LAYER
100
AcDbPolyline
 90
        3
 70
     1
 43
0.00508
 10
12.016027
 20
-104.751207
 10
11.516027
 20
-105.351207
 10
12.516027
 20
-105.351207
  0
HATCH
  5
1351
330
1F
100
AcDbEntity
  8
TOP-SILKSCREEN-LAYER
100
AcDbHatch
 10
0.0
 20
0.0
 30
0.0
210
0.0
220
0.0
230
1.0
  2
SOLID
 70
     1
 71
     0
 91
        1
 92
        7
 72
     0
 73
     1
 93
        4
 10
11.86601473202947
 20
-105.3512319024638
 10
11.86601473202947
 20
-106.1512319024638
 10
12.16601473202947
 20
-106.1512319024638
 10
12.16601473202947
 20
-105.3512319024638
 97
        1
330
1350
 75
     0
 76
     1
 47
0.412818
 98
        1
 10
34.90568961886538
 20
22.81183545379326
1001
ACAD
1010
0.0
1020
0.0
1030
0.0
  0
LWPOLYLINE
  5
1350
330
1F
100
AcDbEntity
  8
TOP-SILKSCREEN-LAYER
100
AcDbPolyline
 90
        4
 70
     1
 43
0.00508
 10
11.866015
 20
-105.351232
 10
11.866015
 20
-106.151232
 10
12.166015
 20
-106.151232
 10
12.166015
 20
-105.351232
  0
HATCH
  5
1353
330
1F
100
AcDbEntity
  8
TOP-SILKSCREEN-LAYER
100
AcDbHatch
 10
0.0
 20
0.0
 30
0.0
210
0.0
220
0.0
230
1.0
  2
SOLID
 70
     1
 71
     0
 91
        1
 92
        7
 72
     0
 73
     1
 93
        4
 10
15.36588773177547
 20
-105.3512319024638
 10
15.36588773177547
 20
-106.1512319024638
 10
15.66588773177547
 20
-106.1512319024638
 10
15.66588773177547
 20
-105.3512319024638
 97
        1
330
1352
 75
     0
 76
     1
 47
0.412818
 98
        1
 10
34.90568961886538
 20
22.81183545379326
1001
ACAD
1010
0.0
1020
0.0
1030
0.0
  0
LWPOLYLINE
  5
1352
330
1F
100
AcDbEntity
  8
TOP-SILKSCREEN-LAYER
100
AcDbPolyline
 90
        4
 70
     1
 43
0.00508
 10
15.365888
 20
-105.351232
 10
15.365888
 20
-106.151232
 10
15.665888
 20
-106.151232
 10
15.665888
 20
-105.351232
  0
HATCH
  5
1355
330
1F
100
AcDbEntity
  8
TOP-SILKSCREEN-LAYER
100
AcDbHatch
 10
0.0
 20
0.0
 30
0.0
210
0.0
220
0.0
230
1.0
  2
SOLID
 70
     1
 71
     0
 91
        1
 92
        7
 72
     0
 73
     1
 93
        3
 10
15.51590043180087
 20
-104.751206502413
 10
15.01590043180087
 20
-105.351206502413
 10
16.01590043180087
 20
-105.351206502413
 97
        1
330
1354
 75
     0
 76
     1
 47
0.412818
 98
        1
 10
34.90568961886538
 20
22.81183545379326
1001
ACAD
1010
0.0
1020
0.0
1030
0.0
  0
LWPOLYLINE
  5
1354
330
1F
100
AcDbEntity
  8
TOP-SILKSCREEN-LAYER
100
AcDbPolyline
 90
        3
 70
     1
 43
0.00508
 10
15.5159
 20
-104.751207
 10
15.0159
 20
-105.351207
 10
16.0159
 20
-105.351207
  0
LWPOLYLINE
  5
1455
330
1F
100
AcDbEntity
  8
TOP-SILKSCREEN-LAYER
100
AcDbPolyline
 90
        2
 70
     0
 43
0.254001
 10
9.971069
 20
-88.139167
 10
33.971069
 20
-88.139167
  0
LWPOLYLINE
  5
1456
330
1F
100
AcDbEntity
  8
TOP-SILKSCREEN-LAYER
100
AcDbPolyline
 90
        2
 70
     0
 43
0.254001
 10
33.971069
 20
-78.739167
 10
33.971069
 20
-88.139167
  0
LWPOLYLINE
  5
1457
330
1F
100
AcDbEntity
  8
TOP-SILKSCREEN-LAYER
100
AcDbPolyline
 90
        2
 70
     0
 43
0.254001
 10
9.971069
 20
-78.739167
 10
9.971069
 20
-88.139167
  0
LWPOLYLINE
  5
1458
330
1F
100
AcDbEntity
  8
TOP-SILKSCREEN-LAYER
100
AcDbPolyline
 90
        2
 70
     0
 43
0.254001
 10
9.971044
 20
-78.739167
 10
33.971044
 20
-78.739167
  0
LWPOLYLINE
  5
1459
330
1F
100
AcDbEntity
  8
TOP-SILKSCREEN-LAYER
100
AcDbPolyline
 90
        2
 70
     0
 43
0.2032
 10
149.352299
 20
-58.547117
 10
147.447295
 20
-58.547117
  0
LWPOLYLINE
  5
1460
330
1F
100
AcDbEntity
  8
TOP-SILKSCREEN-LAYER
100
AcDbPolyline
 90
        2
 70
     0
 43
0.2032
 10
147.447295
 20
-58.547117
 10
147.447295
 20
-61.087122
  0
LWPOLYLINE
  5
1461
330
1F
100
AcDbEntity
  8
TOP-SILKSCREEN-LAYER
100
AcDbPolyline
 90
        2
 70
     0
 43
0.2032
 10
147.447295
 20
-61.087122
 10
155.06731
 20
-61.087122
  0
LWPOLYLINE
  5
1462
330
1F
100
AcDbEntity
  8
TOP-SILKSCREEN-LAYER
100
AcDbPolyline
 90
        2
 70
     0
 43
0.2032
 10
155.06731
 20
-61.087122
 10
155.06731
 20
-58.547117
  0
LWPOLYLINE
  5
1463
330
1F
100
AcDbEntity
  8
TOP-SILKSCREEN-LAYER
100
AcDbPolyline
 90
        2
 70
     0
 43
0.203
 10
155.06731
 20
-58.547117
 10
149.352299
 20
-58.547117
  0
LWPOLYLINE
  5
1464
330
1F
100
AcDbEntity
  8
TOP-SILKSCREEN-LAYER
100
AcDbPolyline
 90
        2
 70
     0
 43
0.254001
 10
15.946177
 20
-97.917196
 10
15.946177
 20
-98.574219
  0
LWPOLYLINE
  5
1465
330
1F
100
AcDbEntity
  8
TOP-SILKSCREEN-LAYER
100
AcDbPolyline
 90
        2
 70
     0
 43
0.254001
 10
15.945796
 20
-98.574219
 10
16.875794
 20
-98.574651
  0
LWPOLYLINE
  5
1466
330
1F
100
AcDbEntity
  8
TOP-SILKSCREEN-LAYER
100
AcDbPolyline
 90
        2
 70
     0
 43
0.254001
 10
16.891034
 20
-97.917196
 10
16.891034
 20
-98.574219
  0
LWPOLYLINE
  5
1467
330
1F
100
AcDbEntity
  8
TOP-SILKSCREEN-LAYER
100
AcDbPolyline
 90
        2
 70
     0
 43
0.254001
 10
13.582957
 20
-90.208179
 10
10.083058
 20
-90.208179
  0
LWPOLYLINE
  5
1468
330
1F
100
AcDbEntity
  8
TOP-SILKSCREEN-LAYER
100
AcDbPolyline
 90
        2
 70
     0
 43
0.254001
 10
13.582957
 20
-97.808204
 10
10.083058
 20
-97.808204
  0
LWPOLYLINE
  5
1469
330
1F
100
AcDbEntity
  8
TOP-SILKSCREEN-LAYER
100
AcDbPolyline
 90
        2
 70
     0
 43
0.254001
 10
10.083058
 20
-90.208179
 10
10.083058
 20
-97.808204
  0
LWPOLYLINE
  5
1470
330
1F
100
AcDbEntity
  8
TOP-SILKSCREEN-LAYER
100
AcDbPolyline
 90
        2
 70
     0
 43
0.254001
 10
22.682982
 20
-90.208179
 10
22.682982
 20
-97.808204
  0
LWPOLYLINE
  5
1471
330
1F
100
AcDbEntity
  8
TOP-SILKSCREEN-LAYER
100
AcDbPolyline
 90
        2
 70
     0
 43
0.254001
 10
22.682982
 20
-97.808204
 10
13.582957
 20
-97.808204
  0
LWPOLYLINE
  5
1472
330
1F
100
AcDbEntity
  8
TOP-SILKSCREEN-LAYER
100
AcDbPolyline
 90
        2
 70
     0
 43
0.254001
 10
22.682982
 20
-90.208179
 10
13.582957
 20
-90.208179
  0
LWPOLYLINE
  5
1555
330
1F
100
AcDbEntity
  8
TOP-SILKSCREEN-LAYER
100
AcDbPolyline
 90
        2
 70
     0
 43
0.254001
 10
63.466167
 20
-103.544145
 10
64.360122
 20
-103.544145
  0
LWPOLYLINE
  5
1556
330
1F
100
AcDbEntity
  8
TOP-SILKSCREEN-LAYER
100
AcDbPolyline
 90
        2
 70
     0
 43
0.254001
 10
64.360122
 20
-103.544145
 10
64.360122
 20
-103.944145
  0
LWPOLYLINE
  5
1557
330
1F
100
AcDbEntity
  8
TOP-SILKSCREEN-LAYER
100
AcDbPolyline
 90
        2
 70
     0
 43
0.254001
 10
57.560122
 20
-103.916485
 10
57.560122
 20
-103.544145
  0
LWPOLYLINE
  5
1558
330
1F
100
AcDbEntity
  8
TOP-SILKSCREEN-LAYER
100
AcDbPolyline
 90
        2
 70
     0
 43
0.254001
 10
57.560122
 20
-103.544145
 10
58.453823
 20
-103.544145
  0
LWPOLYLINE
  5
1559
330
1F
100
AcDbEntity
  8
TOP-SILKSCREEN-LAYER
100
AcDbPolyline
 90
        2
 70
     0
 43
0.254001
 10
56.060122
 20
-107.344145
 10
56.060122
 20
-107.544145
  0
LWPOLYLINE
  5
1560
330
1F
100
AcDbEntity
  8
TOP-SILKSCREEN-LAYER
100
AcDbPolyline
 90
        2
 70
     0
 43
0.254001
 10
56.060122
 20
-107.544145
 10
57.560122
 20
-107.544145
  0
LWPOLYLINE
  5
1561
330
1F
100
AcDbEntity
  8
TOP-SILKSCREEN-LAYER
100
AcDbPolyline
 90
        2
 70
     0
 43
0.254001
 10
57.560122
 20
-107.544145
 10
57.660122
 20
-107.544145
  0
LWPOLYLINE
  5
1562
330
1F
100
AcDbEntity
  8
TOP-SILKSCREEN-LAYER
100
AcDbPolyline
 90
        2
 70
     0
 43
0.254001
 10
57.660122
 20
-107.544145
 10
57.660122
 20
-107.944145
  0
LWPOLYLINE
  5
1563
330
1F
100
AcDbEntity
  8
TOP-SILKSCREEN-LAYER
100
AcDbPolyline
 90
        2
 70
     0
 43
0.254001
 10
57.660122
 20
-107.944145
 10
64.260122
 20
-107.944145
  0
LWPOLYLINE
  5
1564
330
1F
100
AcDbEntity
  8
TOP-SILKSCREEN-LAYER
100
AcDbPolyline
 90
        2
 70
     0
 43
0.254001
 10
64.260122
 20
-107.944145
 10
64.360122
 20
-107.944145
  0
LWPOLYLINE
  5
1565
330
1F
100
AcDbEntity
  8
TOP-SILKSCREEN-LAYER
100
AcDbPolyline
 90
        2
 70
     0
 43
0.254001
 10
64.360122
 20
-107.944145
 10
64.360122
 20
-107.544145
  0
LWPOLYLINE
  5
1566
330
1F
100
AcDbEntity
  8
TOP-SILKSCREEN-LAYER
100
AcDbPolyline
 90
        2
 70
     0
 43
0.254001
 10
64.360122
 20
-107.544145
 10
65.860122
 20
-107.544145
  0
LWPOLYLINE
  5
1567
330
1F
100
AcDbEntity
  8
TOP-SILKSCREEN-LAYER
100
AcDbPolyline
 90
        2
 70
     0
 43
0.254001
 10
65.860122
 20
-107.544145
 10
65.860122
 20
-107.344145
  0
LWPOLYLINE
  5
1569
330
1F
100
AcDbEntity
  8
TOP-SILKSCREEN-LAYER
100
AcDbPolyline
 90
        2
 70
     0
 43
0.1524
 10
28.775718
 20
-29.029718
 10
23.418847
 20
-29.029718
  0
TEXT
  5
3904
330
1F
100
AcDbEntity
  8
TOP-SILKSCREEN-LAYER
100
AcDbText
 10
15.621031
 20
36.195072
 30
0.0
 40
2.133604
  1
INVT_IPH_DISP Rev2.0
 41
1.1
 11
15.621031
 21
36.195072
 31
0.0
100
AcDbText
 73
     1
  0
TEXT
  5
3905
330
1F
100
AcDbEntity
  8
TOP-SILKSCREEN-LAYER
100
AcDbText
 10
128.651257
 20
-60.706121
 30
0.0
 40
2.133604
  1
1-2:485
 41
1.1
 11
128.651257
 21
-60.706121
 31
0.0
100
AcDbText
 73
     1
  0
TEXT
  5
3906
330
1F
100
AcDbEntity
  8
TOP-SILKSCREEN-LAYER
100
AcDbText
 10
144.78029
 20
-60.07112
 30
0.0
 40
2.133604
  1
1
 41
1.1
 11
144.78029
 21
-60.07112
 31
0.0
100
AcDbText
 73
     1
  0
TEXT
  5
3907
330
1F
100
AcDbEntity
  8
TOP-SILKSCREEN-LAYER
100
AcDbText
 10
128.602997
 20
-64.389129
 30
0.0
 40
2.133604
  1
2-3:232
 41
1.1
 11
128.602997
 21
-64.389129
 31
0.0
100
AcDbText
 73
     1
  0
TEXT
  5
3910
330
1F
100
AcDbEntity
  8
TOP-SILKSCREEN-LAYER
100
AcDbText
 10
6.373012
 20
-66.431133
 30
0.0
 40
2.133604
  1
1
 50
-90.0
 41
1.1
 11
6.373012
 21
-66.431133
 31
0.0
100
AcDbText
 73
     1
  0
TEXT
  5
3911
330
1F
100
AcDbEntity
  8
TOP-SILKSCREEN-LAYER
100
AcDbText
 10
6.270523
 20
-63.636068
 30
0.0
 40
0.800102
  1
P1
 41
1.1
 11
6.270523
 21
-63.636068
 31
0.0
100
AcDbText
 73
     1
  0
TEXT
  5
3912
330
1F
100
AcDbEntity
  8
TOP-SILKSCREEN-LAYER
100
AcDbText
 10
99.070198
 20
-101.704204
 30
0.0
 40
2.133604
  1
1
 41
1.1
 11
99.070198
 21
-101.704204
 31
0.0
100
AcDbText
 73
     1
  0
TEXT
  5
3913
330
1F
100
AcDbEntity
  8
TOP-SILKSCREEN-LAYER
100
AcDbText
 10
94.107188
 20
-103.378207
 30
0.0
 40
0.800102
  1
P2
 41
1.1
 11
94.107188
 21
-103.378207
 31
0.0
100
AcDbText
 73
     1
  0
TEXT
  5
3914
330
1F
100
AcDbEntity
  8
TOP-SILKSCREEN-LAYER
100
AcDbText
 10
78.750157
 20
-101.704204
 30
0.0
 40
2.133604
  1
1
 41
1.1
 11
78.750157
 21
-101.704204
 31
0.0
100
AcDbText
 73
     1
  0
TEXT
  5
3915
330
1F
100
AcDbEntity
  8
TOP-SILKSCREEN-LAYER
100
AcDbText
 10
74.168148
 20
-103.632207
 30
0.0
 40
0.800102
  1
P3
 41
1.1
 11
74.168148
 21
-103.632207
 31
0.0
100
AcDbText
 73
     1
  0
TEXT
  5
3920
330
1F
100
AcDbEntity
  8
TOP-SILKSCREEN-LAYER
100
AcDbText
 10
78.994158
 20
-86.614173
 30
0.0
 40
0.800102
  1
BT1
 41
1.1
 11
78.994158
 21
-86.614173
 31
0.0
100
AcDbText
 73
     1
  0
TEXT
  5
3924
330
1F
100
AcDbEntity
  8
TOP-SILKSCREEN-LAYER
100
AcDbText
 10
168.458336
 20
-47.825095
 30
0.0
 40
2.133604
  1
1
 50
90.0
 41
1.1
 11
168.458336
 21
-47.825095
 31
0.0
100
AcDbText
 73
     1
  0
TEXT
  5
3925
330
1F
100
AcDbEntity
  8
TOP-SILKSCREEN-LAYER
100
AcDbText
 10
171.450343
 20
-43.942088
 30
0.0
 40
0.800102
  1
RS232
 41
1.1
 11
171.450343
 21
-43.942088
 31
0.0
100
AcDbText
 73
     1
  0
TEXT
  5
3926
330
1F
100
AcDbEntity
  8
TOP-SILKSCREEN-LAYER
100
AcDbText
 10
177.948357
 20
-69.776139
 30
0.0
 40
2.133604
  1
1
 50
90.0
 41
1.1
 11
177.948357
 21
-69.776139
 31
0.0
100
AcDbText
 73
     1
  0
TEXT
  5
3927
330
1F
100
AcDbEntity
  8
TOP-SILKSCREEN-LAYER
100
AcDbText
 10
175.503531
 20
-71.692351
 30
0.0
 40
0.800102
  1
RS485
 41
1.1
 11
175.503531
 21
-71.929108
 31
0.0
100
AcDbText
 73
     1
  0
TEXT
  5
3930
330
1F
100
AcDbEntity
  8
TOP-SILKSCREEN-LAYER
100
AcDbText
 10
115.06223
 20
-82.042164
 30
0.0
 40
0.800102
  1
U1
 41
1.1
 11
115.06223
 21
-82.042164
 31
0.0
100
AcDbText
 73
     1
  0
TEXT
  5
3931
330
1F
100
AcDbEntity
  8
TOP-SILKSCREEN-LAYER
100
AcDbText
 10
18.161036
 20
-106.553213
 30
0.0
 40
0.800102
  1
POWER1
 41
1.1
 11
18.161036
 21
-106.553213
 31
0.0
100
AcDbText
 73
     1
  0
TEXT
  5
3939
330
1F
100
AcDbEntity
  8
TOP-SILKSCREEN-LAYER
100
AcDbText
 10
5.08001
 20
-79.629159
 30
0.0
 40
0.800102
  1
FUSE1
 41
1.1
 11
5.08001
 21
-79.629159
 31
0.0
100
AcDbText
 73
     1
  0
TEXT
  5
3940
330
1F
100
AcDbEntity
  8
TOP-SILKSCREEN-LAYER
100
AcDbText
 10
155.575311
 20
-61.087122
 30
0.0
 40
0.800102
  1
JSCOM1
 50
360.0
 41
1.1
 11
155.575311
 21
-61.087122
 31
0.0
100
AcDbText
 73
     1
  0
TEXT
  5
3941
330
1F
100
AcDbEntity
  8
TOP-SILKSCREEN-LAYER
100
AcDbText
 10
3.683007
 20
-92.075184
 30
0.0
 40
0.800102
  1
POWER2
 41
1.1
 11
3.683007
 21
-92.075184
 31
0.0
100
AcDbText
 73
     1
  0
TEXT
  5
3945
330
1F
100
AcDbEntity
  8
TOP-SILKSCREEN-LAYER
100
AcDbText
 10
19.685039
 20
-32.258065
 30
0.0
 40
2.133604
  1
V+
 50
90.0
 41
1.1
 11
19.685039
 21
-32.258065
 31
0.0
100
AcDbText
 73
     1
  0
TEXT
  5
3946
330
1F
100
AcDbEntity
  8
TOP-SILKSCREEN-LAYER
100
AcDbText
 10
33.020066
 20
-32.489205
 30
0.0
 40
2.133604
  1
V-
 50
90.0
 41
1.1
 11
33.020066
 21
-32.489205
 31
0.0
100
AcDbText
 73
     1
  0
TEXT
  5
3947
330
1F
100
AcDbEntity
  8
TOP-SILKSCREEN-LAYER
100
AcDbText
 10
19.685039
 20
-75.692151
 30
0.0
 40
2.133604
  1
Vin+
 50
90.0
 41
1.1
 11
19.685039
 21
-75.692151
 31
0.0
100
AcDbText
 73
     1
  0
TEXT
  5
3948
330
1F
100
AcDbEntity
  8
TOP-SILKSCREEN-LAYER
100
AcDbText
 10
32.131064
 20
-76.287783
 30
0.0
 40
2.133604
  1
Vin-
 50
90.0
 41
1.1
 11
32.131064
 21
-76.287783
 31
0.0
100
AcDbText
 73
     1
  0
TEXT
  5
3949
330
1F
100
AcDbEntity
  8
TOP-SILKSCREEN-LAYER
100
AcDbText
 10
40.13208
 20
-76.033782
 30
0.0
 40
2.133604
  1
CNT
 50
90.0
 41
1.1
 11
40.13208
 21
-76.033782
 31
0.0
100
AcDbText
 73
     1
  0
TEXT
  5
3950
330
1F
100
AcDbEntity
  8
TOP-SILKSCREEN-LAYER
100
AcDbText
 10
42.799086
 20
-68.834138
 30
0.0
 40
0.800102
  1
U2
 41
1.1
 11
42.799086
 21
-68.834138
 31
0.0
100
AcDbText
 73
     1
  0
TEXT
  5
3954
330
1F
100
AcDbEntity
  8
TOP-SILKSCREEN-LAYER
100
AcDbText
 10
58.430117
 20
-101.704204
 30
0.0
 40
2.133604
  1
1
 41
1.1
 11
58.430117
 21
-101.704204
 31
0.0
100
AcDbText
 73
     1
  0
TEXT
  5
3955
330
1F
100
AcDbEntity
  8
TOP-SILKSCREEN-LAYER
100
AcDbText
 10
53.340107
 20
-104.394209
 30
0.0
 40
0.800102
  1
P4
 41
1.1
 11
53.340107
 21
-104.394209
 31
0.0
100
AcDbText
 73
     1
  0
LWPOLYLINE
  5
3986
330
1F
100
AcDbEntity
  8
TOP-SILKSCREEN-LAYER
100
AcDbPolyline
 90
        2
 70
     0
 43
0.254001
 10
4.533071
 20
-71.467183
 10
4.533071
 20
-72.361138
  0
LWPOLYLINE
  5
3987
330
1F
100
AcDbEntity
  8
TOP-SILKSCREEN-LAYER
100
AcDbPolyline
 90
        2
 70
     0
 43
0.254001
 10
4.533071
 20
-72.361138
 10
4.133071
 20
-72.361138
  0
LWPOLYLINE
  5
3988
330
1F
100
AcDbEntity
  8
TOP-SILKSCREEN-LAYER
100
AcDbPolyline
 90
        2
 70
     0
 43
0.254001
 10
4.160732
 20
-65.561138
 10
4.533071
 20
-65.561138
  0
LWPOLYLINE
  5
3989
330
1F
100
AcDbEntity
  8
TOP-SILKSCREEN-LAYER
100
AcDbPolyline
 90
        2
 70
     0
 43
0.254001
 10
4.533071
 20
-65.561138
 10
4.533071
 20
-66.454839
  0
LWPOLYLINE
  5
3990
330
1F
100
AcDbEntity
  8
TOP-SILKSCREEN-LAYER
100
AcDbPolyline
 90
        2
 70
     0
 43
0.254001
 10
0.733071
 20
-64.061138
 10
0.533071
 20
-64.061138
  0
LWPOLYLINE
  5
3991
330
1F
100
AcDbEntity
  8
TOP-SILKSCREEN-LAYER
100
AcDbPolyline
 90
        2
 70
     0
 43
0.254001
 10
0.533071
 20
-64.061138
 10
0.533071
 20
-65.561138
  0
LWPOLYLINE
  5
3992
330
1F
100
AcDbEntity
  8
TOP-SILKSCREEN-LAYER
100
AcDbPolyline
 90
        2
 70
     0
 43
0.254001
 10
0.533071
 20
-65.561138
 10
0.533071
 20
-65.661138
  0
LWPOLYLINE
  5
3993
330
1F
100
AcDbEntity
  8
TOP-SILKSCREEN-LAYER
100
AcDbPolyline
 90
        2
 70
     0
 43
0.254001
 10
0.533071
 20
-65.661138
 10
0.133071
 20
-65.661138
  0
LWPOLYLINE
  5
3994
330
1F
100
AcDbEntity
  8
TOP-SILKSCREEN-LAYER
100
AcDbPolyline
 90
        2
 70
     0
 43
0.254001
 10
0.133071
 20
-65.661138
 10
0.133071
 20
-72.261138
  0
LWPOLYLINE
  5
3995
330
1F
100
AcDbEntity
  8
TOP-SILKSCREEN-LAYER
100
AcDbPolyline
 90
        2
 70
     0
 43
0.254001
 10
0.133071
 20
-72.261138
 10
0.133071
 20
-72.361138
  0
LWPOLYLINE
  5
3996
330
1F
100
AcDbEntity
  8
TOP-SILKSCREEN-LAYER
100
AcDbPolyline
 90
        2
 70
     0
 43
0.254001
 10
0.133071
 20
-72.361138
 10
0.533071
 20
-72.361138
  0
LWPOLYLINE
  5
3997
330
1F
100
AcDbEntity
  8
TOP-SILKSCREEN-LAYER
100
AcDbPolyline
 90
        2
 70
     0
 43
0.254001
 10
0.533071
 20
-72.361138
 10
0.533071
 20
-73.861138
  0
LWPOLYLINE
  5
3998
330
1F
100
AcDbEntity
  8
TOP-SILKSCREEN-LAYER
100
AcDbPolyline
 90
        2
 70
     0
 43
0.254001
 10
0.533071
 20
-73.861138
 10
0.733071
 20
-73.861138
  0
TEXT
  5
3999
330
1F
100
AcDbEntity
  8
TOP-SILKSCREEN-LAYER
100
AcDbText
 10
6.373012
 20
-66.431133
 30
0.0
 40
2.133604
  1
1
 50
-90.0
 41
1.1
 11
6.373012
 21
-66.431133
 31
0.0
100
AcDbText
 73
     1
  0
LWPOLYLINE
  5
4001
330
1F
100
AcDbEntity
  8
TOP-SILKSCREEN-LAYER
100
AcDbPolyline
 90
        2
 70
     0
 43
0.254001
 10
104.106248
 20
-103.544145
 10
105.000203
 20
-103.544145
  0
LWPOLYLINE
  5
4002
330
1F
100
AcDbEntity
  8
TOP-SILKSCREEN-LAYER
100
AcDbPolyline
 90
        2
 70
     0
 43
0.254001
 10
105.000203
 20
-103.544145
 10
105.000203
 20
-103.944145
  0
LWPOLYLINE
  5
4003
330
1F
100
AcDbEntity
  8
TOP-SILKSCREEN-LAYER
100
AcDbPolyline
 90
        2
 70
     0
 43
0.254001
 10
98.200203
 20
-103.916485
 10
98.200203
 20
-103.544145
  0
LWPOLYLINE
  5
4004
330
1F
100
AcDbEntity
  8
TOP-SILKSCREEN-LAYER
100
AcDbPolyline
 90
        2
 70
     0
 43
0.254001
 10
98.200203
 20
-103.544145
 10
99.093904
 20
-103.544145
  0
LWPOLYLINE
  5
4005
330
1F
100
AcDbEntity
  8
TOP-SILKSCREEN-LAYER
100
AcDbPolyline
 90
        2
 70
     0
 43
0.254001
 10
96.700203
 20
-107.344145
 10
96.700203
 20
-107.544145
  0
LWPOLYLINE
  5
4006
330
1F
100
AcDbEntity
  8
TOP-SILKSCREEN-LAYER
100
AcDbPolyline
 90
        2
 70
     0
 43
0.254001
 10
96.700203
 20
-107.544145
 10
98.200203
 20
-107.544145
  0
LWPOLYLINE
  5
4007
330
1F
100
AcDbEntity
  8
TOP-SILKSCREEN-LAYER
100
AcDbPolyline
 90
        2
 70
     0
 43
0.254001
 10
98.200203
 20
-107.544145
 10
98.300203
 20
-107.544145
  0
LWPOLYLINE
  5
4008
330
1F
100
AcDbEntity
  8
TOP-SILKSCREEN-LAYER
100
AcDbPolyline
 90
        2
 70
     0
 43
0.254001
 10
98.300203
 20
-107.544145
 10
98.300203
 20
-107.944145
  0
LWPOLYLINE
  5
4009
330
1F
100
AcDbEntity
  8
TOP-SILKSCREEN-LAYER
100
AcDbPolyline
 90
        2
 70
     0
 43
0.254001
 10
98.300203
 20
-107.944145
 10
104.900203
 20
-107.944145
  0
LWPOLYLINE
  5
4010
330
1F
100
AcDbEntity
  8
TOP-SILKSCREEN-LAYER
100
AcDbPolyline
 90
        2
 70
     0
 43
0.254001
 10
104.900203
 20
-107.944145
 10
105.000203
 20
-107.944145
  0
LWPOLYLINE
  5
4011
330
1F
100
AcDbEntity
  8
TOP-SILKSCREEN-LAYER
100
AcDbPolyline
 90
        2
 70
     0
 43
0.254001
 10
105.000203
 20
-107.944145
 10
105.000203
 20
-107.544145
  0
LWPOLYLINE
  5
4012
330
1F
100
AcDbEntity
  8
TOP-SILKSCREEN-LAYER
100
AcDbPolyline
 90
        2
 70
     0
 43
0.254001
 10
105.000203
 20
-107.544145
 10
106.500203
 20
-107.544145
  0
LWPOLYLINE
  5
4013
330
1F
100
AcDbEntity
  8
TOP-SILKSCREEN-LAYER
100
AcDbPolyline
 90
        2
 70
     0
 43
0.254001
 10
106.500203
 20
-107.544145
 10
106.500203
 20
-107.344145
  0
TEXT
  5
4014
330
1F
100
AcDbEntity
  8
TOP-SILKSCREEN-LAYER
100
AcDbText
 10
99.070198
 20
-101.704204
 30
0.0
 40
2.133604
  1
1
 41
1.1
 11
99.070198
 21
-101.704204
 31
0.0
100
AcDbText
 73
     1
  0
LWPOLYLINE
  5
4016
330
1F
100
AcDbEntity
  8
TOP-SILKSCREEN-LAYER
100
AcDbPolyline
 90
        2
 70
     0
 43
0.254001
 10
83.786208
 20
-103.544145
 10
84.680163
 20
-103.544145
  0
LWPOLYLINE
  5
4017
330
1F
100
AcDbEntity
  8
TOP-SILKSCREEN-LAYER
100
AcDbPolyline
 90
        2
 70
     0
 43
0.254001
 10
84.680163
 20
-103.544145
 10
84.680163
 20
-103.944145
  0
LWPOLYLINE
  5
4018
330
1F
100
AcDbEntity
  8
TOP-SILKSCREEN-LAYER
100
AcDbPolyline
 90
        2
 70
     0
 43
0.254001
 10
77.880163
 20
-103.916485
 10
77.880163
 20
-103.544145
  0
LWPOLYLINE
  5
4019
330
1F
100
AcDbEntity
  8
TOP-SILKSCREEN-LAYER
100
AcDbPolyline
 90
        2
 70
     0
 43
0.254001
 10
77.880163
 20
-103.544145
 10
78.773863
 20
-103.544145
  0
LWPOLYLINE
  5
4020
330
1F
100
AcDbEntity
  8
TOP-SILKSCREEN-LAYER
100
AcDbPolyline
 90
        2
 70
     0
 43
0.254001
 10
76.380163
 20
-107.344145
 10
76.380163
 20
-107.544145
  0
LWPOLYLINE
  5
4021
330
1F
100
AcDbEntity
  8
TOP-SILKSCREEN-LAYER
100
AcDbPolyline
 90
        2
 70
     0
 43
0.254001
 10
76.380163
 20
-107.544145
 10
77.880163
 20
-107.544145
  0
LWPOLYLINE
  5
4022
330
1F
100
AcDbEntity
  8
TOP-SILKSCREEN-LAYER
100
AcDbPolyline
 90
        2
 70
     0
 43
0.254001
 10
77.880163
 20
-107.544145
 10
77.980163
 20
-107.544145
  0
LWPOLYLINE
  5
4023
330
1F
100
AcDbEntity
  8
TOP-SILKSCREEN-LAYER
100
AcDbPolyline
 90
        2
 70
     0
 43
0.254001
 10
77.980163
 20
-107.544145
 10
77.980163
 20
-107.944145
  0
LWPOLYLINE
  5
4024
330
1F
100
AcDbEntity
  8
TOP-SILKSCREEN-LAYER
100
AcDbPolyline
 90
        2
 70
     0
 43
0.254001
 10
77.980163
 20
-107.944145
 10
84.580163
 20
-107.944145
  0
LWPOLYLINE
  5
4025
330
1F
100
AcDbEntity
  8
TOP-SILKSCREEN-LAYER
100
AcDbPolyline
 90
        2
 70
     0
 43
0.254001
 10
84.580163
 20
-107.944145
 10
84.680163
 20
-107.944145
  0
LWPOLYLINE
  5
4026
330
1F
100
AcDbEntity
  8
TOP-SILKSCREEN-LAYER
100
AcDbPolyline
 90
        2
 70
     0
 43
0.254001
 10
84.680163
 20
-107.944145
 10
84.680163
 20
-107.544145
  0
LWPOLYLINE
  5
4027
330
1F
100
AcDbEntity
  8
TOP-SILKSCREEN-LAYER
100
AcDbPolyline
 90
        2
 70
     0
 43
0.254001
 10
84.680163
 20
-107.544145
 10
86.180163
 20
-107.544145
  0
LWPOLYLINE
  5
4028
330
1F
100
AcDbEntity
  8
TOP-SILKSCREEN-LAYER
100
AcDbPolyline
 90
        2
 70
     0
 43
0.254001
 10
86.180163
 20
-107.544145
 10
86.180163
 20
-107.344145
  0
TEXT
  5
4029
330
1F
100
AcDbEntity
  8
TOP-SILKSCREEN-LAYER
100
AcDbText
 10
78.750157
 20
-101.704204
 30
0.0
 40
2.133604
  1
1
 41
1.1
 11
78.750157
 21
-101.704204
 31
0.0
100
AcDbText
 73
     1
  0
LWPOLYLINE
  5
4088
330
1F
100
AcDbEntity
  8
TOP-SILKSCREEN-LAYER
100
AcDbPolyline
 90
        2
 70
     0
 43
0.150013
 10
76.454153
 20
-82.448565
 10
76.454153
 20
-83.972568
  0
LWPOLYLINE
  5
4089
330
1F
100
AcDbEntity
  8
TOP-SILKSCREEN-LAYER
100
AcDbPolyline
 90
        2
 70
     0
 43
0.150013
 10
80.08476
 20
-75.565126
 10
81.026162
 20
-75.565126
  0
LWPOLYLINE
  5
4090
330
1F
100
AcDbEntity
  8
TOP-SILKSCREEN-LAYER
100
AcDbPolyline
 90
        2
 70
     0
 43
0.150013
 10
81.026162
 20
-75.565126
 10
81.026162
 20
-72.409093
  0
LWPOLYLINE
  5
4091
330
1F
100
AcDbEntity
  8
TOP-SILKSCREEN-LAYER
100
AcDbPolyline
 90
        2
 70
     0
 43
0.150013
 10
81.026162
 20
-72.409093
 10
76.145263
 20
-72.409093
  0
LWPOLYLINE
  5
4092
330
1F
100
AcDbEntity
  8
TOP-SILKSCREEN-LAYER
100
AcDbPolyline
 90
        2
 70
     0
 43
0.150013
 10
71.683033
 20
-72.409093
 10
66.802134
 20
-72.409093
  0
LWPOLYLINE
  5
4093
330
1F
100
AcDbEntity
  8
TOP-SILKSCREEN-LAYER
100
AcDbPolyline
 90
        2
 70
     0
 43
0.150013
 10
66.802134
 20
-72.409093
 10
66.802134
 20
-75.565126
  0
LWPOLYLINE
  5
4094
330
1F
100
AcDbEntity
  8
TOP-SILKSCREEN-LAYER
100
AcDbPolyline
 90
        2
 70
     0
 43
0.150013
 10
66.802134
 20
-75.565126
 10
68.002438
 20
-75.565126
  0
LWPOLYLINE
  5
4095
330
1F
100
AcDbEntity
  8
TOP-SILKSCREEN-LAYER
100
AcDbPolyline
 90
        2
 70
     0
 43
0.150013
 10
75.438151
 20
-75.717551
 10
77.470155
 20
-75.717551
  0
LWPOLYLINE
  5
4096
330
1F
100
AcDbEntity
  8
TOP-SILKSCREEN-LAYER
100
AcDbPolyline
 90
        2
 70
     0
 43
0.150013
 10
76.454153
 20
-74.701549
 10
76.454153
 20
-76.733553
  0
LWPOLYLINE
  5
4097
330
1F
100
AcDbEntity
  8
TOP-SILKSCREEN-LAYER
100
AcDbPolyline
 90
        2
 70
     0
 43
0.150013
 10
71.616688
 20
-72.813716
 42
0.728
 10
71.790221
 20
-86.50066
  0
LWPOLYLINE
  5
4098
330
1F
100
AcDbEntity
  8
TOP-SILKSCREEN-LAYER
100
AcDbPolyline
 90
        2
 70
     0
 43
0.150013
 10
76.068199
 20
-86.546787
 42
0.735
 10
76.089256
 20
-72.71811
  0
LWPOLYLINE
  5
4135
330
1F
100
AcDbEntity
  8
TOP-SILKSCREEN-LAYER
100
AcDbPolyline
 90
        2
 70
     0
 43
0.254001
 10
168.31336
 20
-49.522809
 10
169.088341
 20
-49.522809
  0
LWPOLYLINE
  5
4136
330
1F
100
AcDbEntity
  8
TOP-SILKSCREEN-LAYER
100
AcDbPolyline
 90
        2
 70
     0
 43
0.254001
 10
169.088341
 20
-49.522809
 10
169.088341
 20
-47.859766
  0
LWPOLYLINE
  5
4137
330
1F
100
AcDbEntity
  8
TOP-SILKSCREEN-LAYER
100
AcDbPolyline
 90
        2
 70
     0
 43
0.254001
 10
169.088341
 20
-47.859766
 10
168.36096
 20
-47.859766
  0
LWPOLYLINE
  5
4138
330
1F
100
AcDbEntity
  8
TOP-SILKSCREEN-LAYER
100
AcDbPolyline
 90
        2
 70
     0
 43
0.254001
 10
168.36096
 20
-47.859766
 10
168.31336
 20
-47.907366
  0
LWPOLYLINE
  5
4139
330
1F
100
AcDbEntity
  8
TOP-SILKSCREEN-LAYER
100
AcDbPolyline
 90
        2
 70
     0
 43
0.254001
 10
168.31336
 20
-55.01049
 10
169.088341
 20
-55.01049
  0
LWPOLYLINE
  5
4140
330
1F
100
AcDbEntity
  8
TOP-SILKSCREEN-LAYER
100
AcDbPolyline
 90
        2
 70
     0
 43
0.254001
 10
169.088341
 20
-55.01049
 10
169.088341
 20
-53.347447
  0
LWPOLYLINE
  5
4141
330
1F
100
AcDbEntity
  8
TOP-SILKSCREEN-LAYER
100
AcDbPolyline
 90
        2
 70
     0
 43
0.254001
 10
169.088341
 20
-53.347447
 10
168.36096
 20
-53.347447
  0
LWPOLYLINE
  5
4142
330
1F
100
AcDbEntity
  8
TOP-SILKSCREEN-LAYER
100
AcDbPolyline
 90
        2
 70
     0
 43
0.254001
 10
168.36096
 20
-53.347447
 10
168.31336
 20
-53.395047
  0
LWPOLYLINE
  5
4143
330
1F
100
AcDbEntity
  8
TOP-SILKSCREEN-LAYER
100
AcDbPolyline
 90
        2
 70
     0
 43
0.254001
 10
174.11331
 20
-57.685116
 10
168.31336
 20
-57.685116
  0
LWPOLYLINE
  5
4144
330
1F
100
AcDbEntity
  8
TOP-SILKSCREEN-LAYER
100
AcDbPolyline
 90
        2
 70
     0
 43
0.254001
 10
168.31336
 20
-57.685116
 10
168.31336
 20
-45.18509
  0
LWPOLYLINE
  5
4145
330
1F
100
AcDbEntity
  8
TOP-SILKSCREEN-LAYER
100
AcDbPolyline
 90
        2
 70
     0
 43
0.254001
 10
168.31336
 20
-45.18509
 10
174.11331
 20
-45.18509
  0
LWPOLYLINE
  5
4146
330
1F
100
AcDbEntity
  8
TOP-SILKSCREEN-LAYER
100
AcDbPolyline
 90
        2
 70
     0
 43
0.254001
 10
174.11331
 20
-45.18509
 10
174.11331
 20
-57.675133
  0
LWPOLYLINE
  5
4147
330
1F
100
AcDbEntity
  8
TOP-SILKSCREEN-LAYER
100
AcDbPolyline
 90
        2
 70
     0
 43
0.254001
 10
174.11331
 20
-57.675133
 10
174.103327
 20
-57.685116
  0
TEXT
  5
4152
330
1F
100
AcDbEntity
  8
TOP-SILKSCREEN-LAYER
100
AcDbText
 10
168.458336
 20
-47.825095
 30
0.0
 40
2.133604
  1
1
 50
90.0
 41
1.1
 11
168.458336
 21
-47.825095
 31
0.0
100
AcDbText
 73
     1
  0
LWPOLYLINE
  5
4153
330
1F
100
AcDbEntity
  8
TOP-SILKSCREEN-LAYER
100
AcDbPolyline
 90
        4
 70
     1
 43
0.254001
 10
173.863348
 20
-71.220091
 10
169.164338
 20
-71.220091
 10
169.164338
 20
-62.610998
 10
173.863348
 20
-62.610998
  0
LWPOLYLINE
  5
4154
330
1F
100
AcDbEntity
  8
TOP-SILKSCREEN-LAYER
100
AcDbPolyline
 90
        2
 70
     0
 43
0.254001
 10
173.228346
 20
-62.611125
 10
173.228346
 20
-61.929235
  0
LWPOLYLINE
  5
4155
330
1F
100
AcDbEntity
  8
TOP-SILKSCREEN-LAYER
100
AcDbPolyline
 90
        2
 70
     0
 43
0.254001
 10
173.863348
 20
-62.611125
 10
173.863348
 20
-61.929235
  0
LWPOLYLINE
  5
4156
330
1F
100
AcDbEntity
  8
TOP-SILKSCREEN-LAYER
100
AcDbPolyline
 90
        2
 70
     0
 43
0.254001
 10
173.228346
 20
-71.247142
 10
173.228346
 20
-71.929108
  0
LWPOLYLINE
  5
4157
330
1F
100
AcDbEntity
  8
TOP-SILKSCREEN-LAYER
100
AcDbPolyline
 90
        2
 70
     0
 43
0.254001
 10
173.863348
 20
-71.247142
 10
173.863348
 20
-71.929108
  0
LWPOLYLINE
  5
4158
330
1F
100
AcDbEntity
  8
TOP-SILKSCREEN-LAYER
100
AcDbPolyline
 90
        2
 70
     0
 43
0.254001
 10
174.485344
 20
-61.929134
 10
174.485344
 20
-71.929108
  0
LWPOLYLINE
  5
4159
330
1F
100
AcDbEntity
  8
TOP-SILKSCREEN-LAYER
100
AcDbPolyline
 90
        2
 70
     0
 43
0.254001
 10
173.863348
 20
-63.680239
 10
174.485344
 20
-63.680239
  0
LWPOLYLINE
  5
4160
330
1F
100
AcDbEntity
  8
TOP-SILKSCREEN-LAYER
100
AcDbPolyline
 90
        2
 70
     0
 43
0.254001
 10
173.863348
 20
-65.204242
 10
174.485344
 20
-65.204242
  0
LWPOLYLINE
  5
4161
330
1F
100
AcDbEntity
  8
TOP-SILKSCREEN-LAYER
100
AcDbPolyline
 90
        2
 70
     0
 43
0.254001
 10
168.585344
 20
-61.929235
 10
174.485344
 20
-61.929235
  0
LWPOLYLINE
  5
4163
330
1F
100
AcDbEntity
  8
TOP-SILKSCREEN-LAYER
100
AcDbPolyline
 90
        2
 70
     0
 43
0.254001
 10
173.863348
 20
-68.680112
 10
174.485344
 20
-68.680112
  0
LWPOLYLINE
  5
4164
330
1F
100
AcDbEntity
  8
TOP-SILKSCREEN-LAYER
100
AcDbPolyline
 90
        2
 70
     0
 43
0.254001
 10
173.863348
 20
-70.204115
 10
174.485344
 20
-70.204115
  0
LWPOLYLINE
  5
4165
330
1F
100
AcDbEntity
  8
TOP-SILKSCREEN-LAYER
100
AcDbPolyline
 90
        2
 70
     0
 43
0.254001
 10
168.585344
 20
-71.929108
 10
174.485344
 20
-71.929108
  0
TEXT
  5
4174
330
1F
100
AcDbEntity
  8
TOP-SILKSCREEN-LAYER
100
AcDbText
 10
177.948357
 20
-69.776139
 30
0.0
 40
2.133604
  1
1
 50
90.0
 41
1.1
 11
177.948357
 21
-69.776139
 31
0.0
100
AcDbText
 73
     1
  0
LWPOLYLINE
  5
4196
330
1F
100
AcDbEntity
  8
TOP-SILKSCREEN-LAYER
100
AcDbPolyline
 90
        2
 70
     0
 43
0.254001
 10
114.738278
 20
-107.719152
 10
114.738278
 20
-82.719152
  0
LWPOLYLINE
  5
4197
330
1F
100
AcDbEntity
  8
TOP-SILKSCREEN-LAYER
100
AcDbPolyline
 90
        2
 70
     0
 43
0.254001
 10
137.738278
 20
-107.719152
 10
114.738278
 20
-107.719152
  0
LWPOLYLINE
  5
4198
330
1F
100
AcDbEntity
  8
TOP-SILKSCREEN-LAYER
100
AcDbPolyline
 90
        2
 70
     0
 43
0.254001
 10
137.738278
 20
-82.719152
 10
137.738278
 20
-107.719152
  0
LWPOLYLINE
  5
4199
330
1F
100
AcDbEntity
  8
TOP-SILKSCREEN-LAYER
100
AcDbPolyline
 90
        2
 70
     0
 43
0.254001
 10
114.738278
 20
-82.719152
 10
137.738278
 20
-82.719152
  0
LWPOLYLINE
  5
4202
330
1F
100
AcDbEntity
  8
TOP-SILKSCREEN-LAYER
100
AcDbPolyline
 90
        2
 70
     0
 43
0.254001
 10
14.551638
 20
-106.351232
 10
14.551638
 20
-104.451207
  0
LWPOLYLINE
  5
4203
330
1F
100
AcDbEntity
  8
TOP-SILKSCREEN-LAYER
100
AcDbPolyline
 90
        2
 70
     0
 43
0.254001
 10
14.551638
 20
-104.451207
 10
16.4159
 20
-104.451207
  0
LWPOLYLINE
  5
4204
330
1F
100
AcDbEntity
  8
TOP-SILKSCREEN-LAYER
100
AcDbPolyline
 90
        2
 70
     0
 43
0.254001
 10
16.4159
 20
-104.451207
 10
16.515875
 20
-104.451207
  0
LWPOLYLINE
  5
4205
330
1F
100
AcDbEntity
  8
TOP-SILKSCREEN-LAYER
100
AcDbPolyline
 90
        2
 70
     0
 43
0.254001
 10
16.515875
 20
-104.451207
 10
16.515875
 20
-106.351232
  0
LWPOLYLINE
  5
4206
330
1F
100
AcDbEntity
  8
TOP-SILKSCREEN-LAYER
100
AcDbPolyline
 90
        2
 70
     0
 43
0.254001
 10
11.051765
 20
-106.351232
 10
11.051765
 20
-104.451207
  0
LWPOLYLINE
  5
4207
330
1F
100
AcDbEntity
  8
TOP-SILKSCREEN-LAYER
100
AcDbPolyline
 90
        2
 70
     0
 43
0.254001
 10
11.051765
 20
-104.451207
 10
12.916027
 20
-104.451207
  0
LWPOLYLINE
  5
4208
330
1F
100
AcDbEntity
  8
TOP-SILKSCREEN-LAYER
100
AcDbPolyline
 90
        2
 70
     0
 43
0.254001
 10
12.916027
 20
-104.451207
 10
13.016027
 20
-104.451207
  0
LWPOLYLINE
  5
4209
330
1F
100
AcDbEntity
  8
TOP-SILKSCREEN-LAYER
100
AcDbPolyline
 90
        2
 70
     0
 43
0.254001
 10
13.016027
 20
-104.451207
 10
13.016027
 20
-106.351232
  0
LWPOLYLINE
  5
4210
330
1F
100
AcDbEntity
  8
TOP-SILKSCREEN-LAYER
100
AcDbPolyline
 90
        2
 70
     0
 43
0.254001
 10
17.216027
 20
-99.851207
 10
17.216027
 20
-106.351232
  0
LWPOLYLINE
  5
4211
330
1F
100
AcDbEntity
  8
TOP-SILKSCREEN-LAYER
100
AcDbPolyline
 90
        2
 70
     0
 43
0.254001
 10
17.216027
 20
-100.597587
 10
17.716027
 20
-100.597587
  0
LWPOLYLINE
  5
4212
330
1F
100
AcDbEntity
  8
TOP-SILKSCREEN-LAYER
100
AcDbPolyline
 90
        2
 70
     0
 43
0.254001
 10
17.716027
 20
-100.597587
 10
17.716027
 20
-101.169088
  0
LWPOLYLINE
  5
4213
330
1F
100
AcDbEntity
  8
TOP-SILKSCREEN-LAYER
100
AcDbPolyline
 90
        2
 70
     0
 43
0.254001
 10
17.716027
 20
-101.169088
 10
17.216027
 20
-101.169088
  0
LWPOLYLINE
  5
4214
330
1F
100
AcDbEntity
  8
TOP-SILKSCREEN-LAYER
100
AcDbPolyline
 90
        2
 70
     0
 43
0.254001
 10
10.215977
 20
-99.851232
 10
17.216027
 20
-99.851232
  0
LWPOLYLINE
  5
4215
330
1F
100
AcDbEntity
  8
TOP-SILKSCREEN-LAYER
100
AcDbPolyline
 90
        2
 70
     0
 43
0.254001
 10
10.215977
 20
-106.351232
 10
17.216027
 20
-106.351232
  0
LWPOLYLINE
  5
4216
330
1F
100
AcDbEntity
  8
TOP-SILKSCREEN-LAYER
100
AcDbPolyline
 90
        2
 70
     0
 43
0.254001
 10
10.215951
 20
-99.851207
 10
10.215951
 20
-106.351232
  0
LWPOLYLINE
  5
4217
330
1F
100
AcDbEntity
  8
TOP-SILKSCREEN-LAYER
100
AcDbPolyline
 90
        2
 70
     0
 43
0.254001
 10
10.215977
 20
-105.844577
 10
9.715977
 20
-105.844577
  0
LWPOLYLINE
  5
4218
330
1F
100
AcDbEntity
  8
TOP-SILKSCREEN-LAYER
100
AcDbPolyline
 90
        2
 70
     0
 43
0.254001
 10
9.715977
 20
-105.844577
 10
9.715977
 20
-105.273076
  0
LWPOLYLINE
  5
4219
330
1F
100
AcDbEntity
  8
TOP-SILKSCREEN-LAYER
100
AcDbPolyline
 90
        2
 70
     0
 43
0.254001
 10
9.715977
 20
-105.273076
 10
10.215977
 20
-105.273076
  0
LWPOLYLINE
  5
4220
330
1F
100
AcDbEntity
  8
TOP-SILKSCREEN-LAYER
100
AcDbPolyline
 90
        2
 70
     0
 43
0.254001
 10
10.215977
 20
-101.501168
 10
17.216027
 20
-101.501168
  0
HATCH
  5
4234
330
1F
100
AcDbEntity
  8
TOP-SILKSCREEN-LAYER
100
AcDbHatch
 10
0.0
 20
0.0
 30
0.0
210
0.0
220
0.0
230
1.0
  2
SOLID
 70
     1
 71
     0
 91
        1
 92
        7
 72
     0
 73
     1
 93
        3
 10
12.01602743205487
 20
-104.751206502413
 10
11.51602743205487
 20
-105.351206502413
 10
12.51602743205486
 20
-105.351206502413
 97
        1
330
4233
 75
     0
 76
     1
 47
0.412818
 98
        1
 10
34.90568961886538
 20
22.81183545379326
1001
ACAD
1010
0.0
1020
0.0
1030
0.0
  0
LWPOLYLINE
  5
4233
330
1F
100
AcDbEntity
  8
TOP-SILKSCREEN-LAYER
100
AcDbPolyline
 90
        3
 70
     1
 43
0.00508
 10
12.016027
 20
-104.751207
 10
11.516027
 20
-105.351207
 10
12.516027
 20
-105.351207
  0
HATCH
  5
4236
330
1F
100
AcDbEntity
  8
TOP-SILKSCREEN-LAYER
100
AcDbHatch
 10
0.0
 20
0.0
 30
0.0
210
0.0
220
0.0
230
1.0
  2
SOLID
 70
     1
 71
     0
 91
        1
 92
        7
 72
     0
 73
     1
 93
        4
 10
11.86601473202947
 20
-105.3512319024638
 10
11.86601473202947
 20
-106.1512319024638
 10
12.16601473202947
 20
-106.1512319024638
 10
12.16601473202947
 20
-105.3512319024638
 97
        1
330
4235
 75
     0
 76
     1
 47
0.412818
 98
        1
 10
34.90568961886538
 20
22.81183545379326
1001
ACAD
1010
0.0
1020
0.0
1030
0.0
  0
LWPOLYLINE
  5
4235
330
1F
100
AcDbEntity
  8
TOP-SILKSCREEN-LAYER
100
AcDbPolyline
 90
        4
 70
     1
 43
0.00508
 10
11.866015
 20
-105.351232
 10
11.866015
 20
-106.151232
 10
12.166015
 20
-106.151232
 10
12.166015
 20
-105.351232
  0
HATCH
  5
4238
330
1F
100
AcDbEntity
  8
TOP-SILKSCREEN-LAYER
100
AcDbHatch
 10
0.0
 20
0.0
 30
0.0
210
0.0
220
0.0
230
1.0
  2
SOLID
 70
     1
 71
     0
 91
        1
 92
        7
 72
     0
 73
     1
 93
        4
 10
15.36588773177547
 20
-105.3512319024638
 10
15.36588773177547
 20
-106.1512319024638
 10
15.66588773177547
 20
-106.1512319024638
 10
15.66588773177547
 20
-105.3512319024638
 97
        1
330
4237
 75
     0
 76
     1
 47
0.412818
 98
        1
 10
34.90568961886538
 20
22.81183545379326
1001
ACAD
1010
0.0
1020
0.0
1030
0.0
  0
LWPOLYLINE
  5
4237
330
1F
100
AcDbEntity
  8
TOP-SILKSCREEN-LAYER
100
AcDbPolyline
 90
        4
 70
     1
 43
0.00508
 10
15.365888
 20
-105.351232
 10
15.365888
 20
-106.151232
 10
15.665888
 20
-106.151232
 10
15.665888
 20
-105.351232
  0
HATCH
  5
4240
330
1F
100
AcDbEntity
  8
TOP-SILKSCREEN-LAYER
100
AcDbHatch
 10
0.0
 20
0.0
 30
0.0
210
0.0
220
0.0
230
1.0
  2
SOLID
 70
     1
 71
     0
 91
        1
 92
        7
 72
     0
 73
     1
 93
        3
 10
15.51590043180087
 20
-104.751206502413
 10
15.01590043180087
 20
-105.351206502413
 10
16.01590043180087
 20
-105.351206502413
 97
        1
330
4239
 75
     0
 76
     1
 47
0.412818
 98
        1
 10
34.90568961886538
 20
22.81183545379326
1001
ACAD
1010
0.0
1020
0.0
1030
0.0
  0
LWPOLYLINE
  5
4239
330
1F
100
AcDbEntity
  8
TOP-SILKSCREEN-LAYER
100
AcDbPolyline
 90
        3
 70
     1
 43
0.00508
 10
15.5159
 20
-104.751207
 10
15.0159
 20
-105.351207
 10
16.0159
 20
-105.351207
  0
LWPOLYLINE
  5
4340
330
1F
100
AcDbEntity
  8
TOP-SILKSCREEN-LAYER
100
AcDbPolyline
 90
        2
 70
     0
 43
0.254001
 10
9.971069
 20
-88.139167
 10
33.971069
 20
-88.139167
  0
LWPOLYLINE
  5
4341
330
1F
100
AcDbEntity
  8
TOP-SILKSCREEN-LAYER
100
AcDbPolyline
 90
        2
 70
     0
 43
0.254001
 10
33.971069
 20
-78.739167
 10
33.971069
 20
-88.139167
  0
LWPOLYLINE
  5
4342
330
1F
100
AcDbEntity
  8
TOP-SILKSCREEN-LAYER
100
AcDbPolyline
 90
        2
 70
     0
 43
0.254001
 10
9.971069
 20
-78.739167
 10
9.971069
 20
-88.139167
  0
LWPOLYLINE
  5
4343
330
1F
100
AcDbEntity
  8
TOP-SILKSCREEN-LAYER
100
AcDbPolyline
 90
        2
 70
     0
 43
0.254001
 10
9.971044
 20
-78.739167
 10
33.971044
 20
-78.739167
  0
LWPOLYLINE
  5
4344
330
1F
100
AcDbEntity
  8
TOP-SILKSCREEN-LAYER
100
AcDbPolyline
 90
        2
 70
     0
 43
0.2032
 10
149.352299
 20
-58.547117
 10
147.447295
 20
-58.547117
  0
LWPOLYLINE
  5
4345
330
1F
100
AcDbEntity
  8
TOP-SILKSCREEN-LAYER
100
AcDbPolyline
 90
        2
 70
     0
 43
0.2032
 10
147.447295
 20
-58.547117
 10
147.447295
 20
-61.087122
  0
LWPOLYLINE
  5
4346
330
1F
100
AcDbEntity
  8
TOP-SILKSCREEN-LAYER
100
AcDbPolyline
 90
        2
 70
     0
 43
0.2032
 10
147.447295
 20
-61.087122
 10
155.06731
 20
-61.087122
  0
LWPOLYLINE
  5
4347
330
1F
100
AcDbEntity
  8
TOP-SILKSCREEN-LAYER
100
AcDbPolyline
 90
        2
 70
     0
 43
0.2032
 10
155.06731
 20
-61.087122
 10
155.06731
 20
-58.547117
  0
LWPOLYLINE
  5
4348
330
1F
100
AcDbEntity
  8
TOP-SILKSCREEN-LAYER
100
AcDbPolyline
 90
        2
 70
     0
 43
0.203
 10
155.06731
 20
-58.547117
 10
149.352299
 20
-58.547117
  0
LWPOLYLINE
  5
4349
330
1F
100
AcDbEntity
  8
TOP-SILKSCREEN-LAYER
100
AcDbPolyline
 90
        2
 70
     0
 43
0.254001
 10
15.946177
 20
-97.917196
 10
15.946177
 20
-98.574219
  0
LWPOLYLINE
  5
4350
330
1F
100
AcDbEntity
  8
TOP-SILKSCREEN-LAYER
100
AcDbPolyline
 90
        2
 70
     0
 43
0.254001
 10
15.945796
 20
-98.574219
 10
16.875794
 20
-98.574651
  0
LWPOLYLINE
  5
4351
330
1F
100
AcDbEntity
  8
TOP-SILKSCREEN-LAYER
100
AcDbPolyline
 90
        2
 70
     0
 43
0.254001
 10
16.891034
 20
-97.917196
 10
16.891034
 20
-98.574219
  0
LWPOLYLINE
  5
4352
330
1F
100
AcDbEntity
  8
TOP-SILKSCREEN-LAYER
100
AcDbPolyline
 90
        2
 70
     0
 43
0.254001
 10
13.582957
 20
-90.208179
 10
10.083058
 20
-90.208179
  0
LWPOLYLINE
  5
4353
330
1F
100
AcDbEntity
  8
TOP-SILKSCREEN-LAYER
100
AcDbPolyline
 90
        2
 70
     0
 43
0.254001
 10
13.582957
 20
-97.808204
 10
10.083058
 20
-97.808204
  0
LWPOLYLINE
  5
4354
330
1F
100
AcDbEntity
  8
TOP-SILKSCREEN-LAYER
100
AcDbPolyline
 90
        2
 70
     0
 43
0.254001
 10
10.083058
 20
-90.208179
 10
10.083058
 20
-97.808204
  0
LWPOLYLINE
  5
4355
330
1F
100
AcDbEntity
  8
TOP-SILKSCREEN-LAYER
100
AcDbPolyline
 90
        2
 70
     0
 43
0.254001
 10
22.682982
 20
-90.208179
 10
22.682982
 20
-97.808204
  0
LWPOLYLINE
  5
4356
330
1F
100
AcDbEntity
  8
TOP-SILKSCREEN-LAYER
100
AcDbPolyline
 90
        2
 70
     0
 43
0.254001
 10
22.682982
 20
-97.808204
 10
13.582957
 20
-97.808204
  0
LWPOLYLINE
  5
4357
330
1F
100
AcDbEntity
  8
TOP-SILKSCREEN-LAYER
100
AcDbPolyline
 90
        2
 70
     0
 43
0.254001
 10
22.682982
 20
-90.208179
 10
13.582957
 20
-90.208179
  0
LWPOLYLINE
  5
4400
330
1F
100
AcDbEntity
  8
TOP-SILKSCREEN-LAYER
100
AcDbPolyline
 90
        4
 70
     1
 43
0.254001
 10
41.630683
 20
-68.834138
 10
15.722631
 20
-68.834138
 10
15.722631
 20
-33.274067
 10
41.630683
 20
-33.274067
  0
TEXT
  5
4402
330
1F
100
AcDbEntity
  8
TOP-SILKSCREEN-LAYER
100
AcDbText
 10
19.685039
 20
-32.258065
 30
0.0
 40
2.133604
  1
V+
 50
90.0
 41
1.1
 11
19.685039
 21
-32.258065
 31
0.0
100
AcDbText
 73
     1
  0
TEXT
  5
4403
330
1F
100
AcDbEntity
  8
TOP-SILKSCREEN-LAYER
100
AcDbText
 10
33.020066
 20
-32.489205
 30
0.0
 40
2.133604
  1
V-
 50
90.0
 41
1.1
 11
33.020066
 21
-32.489205
 31
0.0
100
AcDbText
 73
     1
  0
TEXT
  5
4404
330
1F
100
AcDbEntity
  8
TOP-SILKSCREEN-LAYER
100
AcDbText
 10
19.685039
 20
-75.692151
 30
0.0
 40
2.133604
  1
Vin+
 50
90.0
 41
1.1
 11
19.685039
 21
-75.692151
 31
0.0
100
AcDbText
 73
     1
  0
TEXT
  5
4405
330
1F
100
AcDbEntity
  8
TOP-SILKSCREEN-LAYER
100
AcDbText
 10
32.131064
 20
-76.287783
 30
0.0
 40
2.133604
  1
Vin-
 50
90.0
 41
1.1
 11
32.131064
 21
-76.287783
 31
0.0
100
AcDbText
 73
     1
  0
TEXT
  5
4406
330
1F
100
AcDbEntity
  8
TOP-SILKSCREEN-LAYER
100
AcDbText
 10
40.13208
 20
-76.033782
 30
0.0
 40
2.133604
  1
CNT
 50
90.0
 41
1.1
 11
40.13208
 21
-76.033782
 31
0.0
100
AcDbText
 73
     1
  0
LWPOLYLINE
  5
4449
330
1F
100
AcDbEntity
  8
TOP-SILKSCREEN-LAYER
100
AcDbPolyline
 90
        2
 70
     0
 43
0.254001
 10
63.466167
 20
-103.544145
 10
64.360122
 20
-103.544145
  0
LWPOLYLINE
  5
4450
330
1F
100
AcDbEntity
  8
TOP-SILKSCREEN-LAYER
100
AcDbPolyline
 90
        2
 70
     0
 43
0.254001
 10
64.360122
 20
-103.544145
 10
64.360122
 20
-103.944145
  0
LWPOLYLINE
  5
4451
330
1F
100
AcDbEntity
  8
TOP-SILKSCREEN-LAYER
100
AcDbPolyline
 90
        2
 70
     0
 43
0.254001
 10
57.560122
 20
-103.916485
 10
57.560122
 20
-103.544145
  0
LWPOLYLINE
  5
4452
330
1F
100
AcDbEntity
  8
TOP-SILKSCREEN-LAYER
100
AcDbPolyline
 90
        2
 70
     0
 43
0.254001
 10
57.560122
 20
-103.544145
 10
58.453823
 20
-103.544145
  0
LWPOLYLINE
  5
4453
330
1F
100
AcDbEntity
  8
TOP-SILKSCREEN-LAYER
100
AcDbPolyline
 90
        2
 70
     0
 43
0.254001
 10
56.060122
 20
-107.344145
 10
56.060122
 20
-107.544145
  0
LWPOLYLINE
  5
4454
330
1F
100
AcDbEntity
  8
TOP-SILKSCREEN-LAYER
100
AcDbPolyline
 90
        2
 70
     0
 43
0.254001
 10
56.060122
 20
-107.544145
 10
57.560122
 20
-107.544145
  0
LWPOLYLINE
  5
4455
330
1F
100
AcDbEntity
  8
TOP-SILKSCREEN-LAYER
100
AcDbPolyline
 90
        2
 70
     0
 43
0.254001
 10
57.560122
 20
-107.544145
 10
57.660122
 20
-107.544145
  0
LWPOLYLINE
  5
4456
330
1F
100
AcDbEntity
  8
TOP-SILKSCREEN-LAYER
100
AcDbPolyline
 90
        2
 70
     0
 43
0.254001
 10
57.660122
 20
-107.544145
 10
57.660122
 20
-107.944145
  0
LWPOLYLINE
  5
4457
330
1F
100
AcDbEntity
  8
TOP-SILKSCREEN-LAYER
100
AcDbPolyline
 90
        2
 70
     0
 43
0.254001
 10
57.660122
 20
-107.944145
 10
64.260122
 20
-107.944145
  0
LWPOLYLINE
  5
4458
330
1F
100
AcDbEntity
  8
TOP-SILKSCREEN-LAYER
100
AcDbPolyline
 90
        2
 70
     0
 43
0.254001
 10
64.260122
 20
-107.944145
 10
64.360122
 20
-107.944145
  0
LWPOLYLINE
  5
4459
330
1F
100
AcDbEntity
  8
TOP-SILKSCREEN-LAYER
100
AcDbPolyline
 90
        2
 70
     0
 43
0.254001
 10
64.360122
 20
-107.944145
 10
64.360122
 20
-107.544145
  0
LWPOLYLINE
  5
4460
330
1F
100
AcDbEntity
  8
TOP-SILKSCREEN-LAYER
100
AcDbPolyline
 90
        2
 70
     0
 43
0.254001
 10
64.360122
 20
-107.544145
 10
65.860122
 20
-107.544145
  0
LWPOLYLINE
  5
4461
330
1F
100
AcDbEntity
  8
TOP-SILKSCREEN-LAYER
100
AcDbPolyline
 90
        2
 70
     0
 43
0.254001
 10
65.860122
 20
-107.544145
 10
65.860122
 20
-107.344145
  0
TEXT
  5
4462
330
1F
100
AcDbEntity
  8
TOP-SILKSCREEN-LAYER
100
AcDbText
 10
58.430117
 20
-101.704204
 30
0.0
 40
2.133604
  1
1
 41
1.1
 11
58.430117
 21
-101.704204
 31
0.0
100
AcDbText
 73
     1
  0
LWPOLYLINE
  5
4464
330
1F
100
AcDbEntity
  8
TOP-SILKSCREEN-LAYER
100
AcDbPolyline
 90
        2
 70
     0
 43
0.1524
 10
28.775718
 20
-29.029718
 10
23.418847
 20
-29.029718
  0
HATCH
  5
2237
330
1F
100
AcDbEntity
  8
TOP-SOLDER-MASK-LAYER
100
AcDbHatch
 10
0.0
 20
0.0
 30
0.0
210
0.0
220
0.0
230
1.0
  2
SOLID
 70
     1
 71
     0
 91
        1
 92
        7
 72
     0
 73
     1
 93
        4
 10
3.999314198628394
 20
-66.63596647193295
 10
5.899339598679203
 20
-66.63596647193295
 10
5.899339598679203
 20
-67.53599187198375
 10
3.999314198628394
 20
-67.53599187198375
 97
        1
330
2236
 75
     0
 76
     1
 47
0.412818
 98
        1
 10
34.90568961886538
 20
22.81183545379326
1001
ACAD
1010
0.0
1020
0.0
1030
0.0
  0
LWPOLYLINE
  5
2236
330
1F
100
AcDbEntity
  8
TOP-SOLDER-MASK-LAYER
100
AcDbPolyline
 90
        4
 70
     1
 43
0.0
 10
3.999314
 20
-66.635966
 10
5.89934
 20
-66.635966
 10
5.89934
 20
-67.535992
 10
3.999314
 20
-67.535992
  0
HATCH
  5
2243
330
1F
100
AcDbEntity
  8
TOP-SOLDER-MASK-LAYER
100
AcDbHatch
 10
0.0
 20
0.0
 30
0.0
210
0.0
220
0.0
230
1.0
  2
SOLID
 70
     1
 71
     0
 91
        1
 92
        7
 72
     0
 73
     1
 93
        4
 10
3.999314198628394
 20
-67.88615697231394
 10
5.899339598679203
 20
-67.88615697231394
 10
5.899339598679203
 20
-68.78618237236475
 10
3.999314198628394
 20
-68.78618237236475
 97
        1
330
2242
 75
     0
 76
     1
 47
0.412818
 98
        1
 10
34.90568961886538
 20
22.81183545379326
1001
ACAD
1010
0.0
1020
0.0
1030
0.0
  0
LWPOLYLINE
  5
2242
330
1F
100
AcDbEntity
  8
TOP-SOLDER-MASK-LAYER
100
AcDbPolyline
 90
        4
 70
     1
 43
0.0
 10
3.999314
 20
-67.886157
 10
5.89934
 20
-67.886157
 10
5.89934
 20
-68.786182
 10
3.999314
 20
-68.786182
  0
HATCH
  5
2249
330
1F
100
AcDbEntity
  8
TOP-SOLDER-MASK-LAYER
100
AcDbHatch
 10
0.0
 20
0.0
 30
0.0
210
0.0
220
0.0
230
1.0
  2
SOLID
 70
     1
 71
     0
 91
        1
 92
        7
 72
     0
 73
     1
 93
        4
 10
3.999314198628394
 20
-69.13609347218696
 10
5.899339598679203
 20
-69.13609347218696
 10
5.899339598679203
 20
-70.03611887223776
 10
3.999314198628394
 20
-70.03611887223776
 97
        1
330
2248
 75
     0
 76
     1
 47
0.412818
 98
        1
 10
34.90568961886538
 20
22.81183545379326
1001
ACAD
1010
0.0
1020
0.0
1030
0.0
  0
LWPOLYLINE
  5
2248
330
1F
100
AcDbEntity
  8
TOP-SOLDER-MASK-LAYER
100
AcDbPolyline
 90
        4
 70
     1
 43
0.0
 10
3.999314
 20
-69.136093
 10
5.89934
 20
-69.136093
 10
5.89934
 20
-70.036119
 10
3.999314
 20
-70.036119
  0
HATCH
  5
2255
330
1F
100
AcDbEntity
  8
TOP-SOLDER-MASK-LAYER
100
AcDbHatch
 10
0.0
 20
0.0
 30
0.0
210
0.0
220
0.0
230
1.0
  2
SOLID
 70
     1
 71
     0
 91
        1
 92
        7
 72
     0
 73
     1
 93
        4
 10
3.999314198628394
 20
-70.38602997205996
 10
5.899339598679203
 20
-70.38602997205996
 10
5.899339598679203
 20
-71.28605537211077
 10
3.999314198628394
 20
-71.28605537211077
 97
        1
330
2254
 75
     0
 76
     1
 47
0.412818
 98
        1
 10
34.90568961886538
 20
22.81183545379326
1001
ACAD
1010
0.0
1020
0.0
1030
0.0
  0
LWPOLYLINE
  5
2254
330
1F
100
AcDbEntity
  8
TOP-SOLDER-MASK-LAYER
100
AcDbPolyline
 90
        4
 70
     1
 43
0.0
 10
3.999314
 20
-70.38603
 10
5.89934
 20
-70.38603
 10
5.89934
 20
-71.286055
 10
3.999314
 20
-71.286055
  0
HATCH
  5
2261
330
1F
100
AcDbEntity
  8
TOP-SOLDER-MASK-LAYER
100
AcDbHatch
 10
0.0
 20
0.0
 30
0.0
210
0.0
220
0.0
230
1.0
  2
SOLID
 70
     1
 71
     0
 91
        1
 92
        7
 72
     0
 73
     1
 93
        4
 10
0.8166751333502734
 20
-63.58605537211075
 10
4.016700533401075
 20
-63.58605537211075
 10
4.016700533401075
 20
-65.48608077216154
 10
0.8166751333502734
 20
-65.48608077216154
 97
        1
330
2260
 75
     0
 76
     1
 47
0.412818
 98
        1
 10
34.90568961886538
 20
22.81183545379326
1001
ACAD
1010
0.0
1020
0.0
1030
0.0
  0
LWPOLYLINE
  5
2260
330
1F
100
AcDbEntity
  8
TOP-SOLDER-MASK-LAYER
100
AcDbPolyline
 90
        4
 70
     1
 43
0.0
 10
0.816675
 20
-63.586055
 10
4.016701
 20
-63.586055
 10
4.016701
 20
-65.486081
 10
0.816675
 20
-65.486081
  0
HATCH
  5
2267
330
1F
100
AcDbEntity
  8
TOP-SOLDER-MASK-LAYER
100
AcDbHatch
 10
0.0
 20
0.0
 30
0.0
210
0.0
220
0.0
230
1.0
  2
SOLID
 70
     1
 71
     0
 91
        1
 92
        7
 72
     0
 73
     1
 93
        4
 10
0.8166751333502734
 20
-72.43619507239015
 10
4.016700533401059
 20
-72.43619507239015
 10
4.016700533401059
 20
-74.33622047244096
 10
0.8166751333502734
 20
-74.33622047244096
 97
        1
330
2266
 75
     0
 76
     1
 47
0.412818
 98
        1
 10
34.90568961886538
 20
22.81183545379326
1001
ACAD
1010
0.0
1020
0.0
1030
0.0
  0
LWPOLYLINE
  5
2266
330
1F
100
AcDbEntity
  8
TOP-SOLDER-MASK-LAYER
100
AcDbPolyline
 90
        4
 70
     1
 43
0.0
 10
0.816675
 20
-72.436195
 10
4.016701
 20
-72.436195
 10
4.016701
 20
-74.33622
 10
0.816675
 20
-74.33622
  0
HATCH
  5
2273
330
1F
100
AcDbEntity
  8
TOP-SOLDER-MASK-LAYER
100
AcDbHatch
 10
0.0
 20
0.0
 30
0.0
210
0.0
220
0.0
230
1.0
  2
SOLID
 70
     1
 71
     0
 91
        1
 92
        7
 72
     0
 73
     1
 93
        4
 10
99.2750317500635
 20
-104.0779019558039
 10
99.2750317500635
 20
-102.1778765557531
 10
100.1750571501143
 20
-102.1778765557531
 10
100.1750571501143
 20
-104.0779019558039
 97
        1
330
2272
 75
     0
 76
     1
 47
0.412818
 98
        1
 10
34.90568961886538
 20
22.81183545379326
1001
ACAD
1010
0.0
1020
0.0
1030
0.0
  0
LWPOLYLINE
  5
2272
330
1F
100
AcDbEntity
  8
TOP-SOLDER-MASK-LAYER
100
AcDbPolyline
 90
        4
 70
     1
 43
0.0
 10
99.275032
 20
-104.077902
 10
99.275032
 20
-102.177877
 10
100.175057
 20
-102.177877
 10
100.175057
 20
-104.077902
  0
HATCH
  5
2279
330
1F
100
AcDbEntity
  8
TOP-SOLDER-MASK-LAYER
100
AcDbHatch
 10
0.0
 20
0.0
 30
0.0
210
0.0
220
0.0
230
1.0
  2
SOLID
 70
     1
 71
     0
 91
        1
 92
        7
 72
     0
 73
     1
 93
        4
 10
100.5252222504445
 20
-104.0779019558039
 10
100.5252222504445
 20
-102.1778765557531
 10
101.4252476504953
 20
-102.1778765557531
 10
101.4252476504953
 20
-104.0779019558039
 97
        1
330
2278
 75
     0
 76
     1
 47
0.412818
 98
        1
 10
34.90568961886538
 20
22.81183545379326
1001
ACAD
1010
0.0
1020
0.0
1030
0.0
  0
LWPOLYLINE
  5
2278
330
1F
100
AcDbEntity
  8
TOP-SOLDER-MASK-LAYER
100
AcDbPolyline
 90
        4
 70
     1
 43
0.0
 10
100.525222
 20
-104.077902
 10
100.525222
 20
-102.177877
 10
101.425248
 20
-102.177877
 10
101.425248
 20
-104.077902
  0
HATCH
  5
2285
330
1F
100
AcDbEntity
  8
TOP-SOLDER-MASK-LAYER
100
AcDbHatch
 10
0.0
 20
0.0
 30
0.0
210
0.0
220
0.0
230
1.0
  2
SOLID
 70
     1
 71
     0
 91
        1
 92
        7
 72
     0
 73
     1
 93
        4
 10
101.7751587503175
 20
-104.0779019558039
 10
101.7751587503175
 20
-102.1778765557531
 10
102.6751841503683
 20
-102.1778765557531
 10
102.6751841503683
 20
-104.0779019558039
 97
        1
330
2284
 75
     0
 76
     1
 47
0.412818
 98
        1
 10
34.90568961886538
 20
22.81183545379326
1001
ACAD
1010
0.0
1020
0.0
1030
0.0
  0
LWPOLYLINE
  5
2284
330
1F
100
AcDbEntity
  8
TOP-SOLDER-MASK-LAYER
100
AcDbPolyline
 90
        4
 70
     1
 43
0.0
 10
101.775159
 20
-104.077902
 10
101.775159
 20
-102.177877
 10
102.675184
 20
-102.177877
 10
102.675184
 20
-104.077902
  0
HATCH
  5
2291
330
1F
100
AcDbEntity
  8
TOP-SOLDER-MASK-LAYER
100
AcDbHatch
 10
0.0
 20
0.0
 30
0.0
210
0.0
220
0.0
230
1.0
  2
SOLID
 70
     1
 71
     0
 91
        1
 92
        7
 72
     0
 73
     1
 93
        4
 10
103.0250952501905
 20
-104.0779019558039
 10
103.0250952501905
 20
-102.1778765557531
 10
103.9251206502413
 20
-102.1778765557531
 10
103.9251206502413
 20
-104.0779019558039
 97
        1
330
2290
 75
     0
 76
     1
 47
0.412818
 98
        1
 10
34.90568961886538
 20
22.81183545379326
1001
ACAD
1010
0.0
1020
0.0
1030
0.0
  0
LWPOLYLINE
  5
2290
330
1F
100
AcDbEntity
  8
TOP-SOLDER-MASK-LAYER
100
AcDbPolyline
 90
        4
 70
     1
 43
0.0
 10
103.025095
 20
-104.077902
 10
103.025095
 20
-102.177877
 10
103.925121
 20
-102.177877
 10
103.925121
 20
-104.077902
  0
HATCH
  5
2297
330
1F
100
AcDbEntity
  8
TOP-SOLDER-MASK-LAYER
100
AcDbHatch
 10
0.0
 20
0.0
 30
0.0
210
0.0
220
0.0
230
1.0
  2
SOLID
 70
     1
 71
     0
 91
        1
 92
        7
 72
     0
 73
     1
 93
        4
 10
96.22512065024131
 20
-107.260541021082
 10
96.22512065024131
 20
-104.0605156210313
 10
98.12514605029212
 20
-104.0605156210313
 10
98.12514605029212
 20
-107.260541021082
 97
        1
330
2296
 75
     0
 76
     1
 47
0.412818
 98
        1
 10
34.90568961886538
 20
22.81183545379326
1001
ACAD
1010
0.0
1020
0.0
1030
0.0
  0
LWPOLYLINE
  5
2296
330
1F
100
AcDbEntity
  8
TOP-SOLDER-MASK-LAYER
100
AcDbPolyline
 90
        4
 70
     1
 43
0.0
 10
96.225121
 20
-107.260541
 10
96.225121
 20
-104.060516
 10
98.125146
 20
-104.060516
 10
98.125146
 20
-107.260541
  0
HATCH
  5
2303
330
1F
100
AcDbEntity
  8
TOP-SOLDER-MASK-LAYER
100
AcDbHatch
 10
0.0
 20
0.0
 30
0.0
210
0.0
220
0.0
230
1.0
  2
SOLID
 70
     1
 71
     0
 91
        1
 92
        7
 72
     0
 73
     1
 93
        4
 10
105.0752603505207
 20
-107.260541021082
 10
105.0752603505207
 20
-104.0605156210313
 10
106.9752857505715
 20
-104.0605156210313
 10
106.9752857505715
 20
-107.260541021082
 97
        1
330
2302
 75
     0
 76
     1
 47
0.412818
 98
        1
 10
34.90568961886538
 20
22.81183545379326
1001
ACAD
1010
0.0
1020
0.0
1030
0.0
  0
LWPOLYLINE
  5
2302
330
1F
100
AcDbEntity
  8
TOP-SOLDER-MASK-LAYER
100
AcDbPolyline
 90
        4
 70
     1
 43
0.0
 10
105.07526
 20
-107.260541
 10
105.07526
 20
-104.060516
 10
106.975286
 20
-104.060516
 10
106.975286
 20
-107.260541
  0
HATCH
  5
2309
330
1F
100
AcDbEntity
  8
TOP-SOLDER-MASK-LAYER
100
AcDbHatch
 10
0.0
 20
0.0
 30
0.0
210
0.0
220
0.0
230
1.0
  2
SOLID
 70
     1
 71
     0
 91
        1
 92
        7
 72
     0
 73
     1
 93
        4
 10
78.95499110998223
 20
-104.0779019558039
 10
78.95499110998223
 20
-102.1778765557531
 10
79.85501651003304
 20
-102.1778765557531
 10
79.85501651003304
 20
-104.0779019558039
 97
        1
330
2308
 75
     0
 76
     1
 47
0.412818
 98
        1
 10
34.90568961886538
 20
22.81183545379326
1001
ACAD
1010
0.0
1020
0.0
1030
0.0
  0
LWPOLYLINE
  5
2308
330
1F
100
AcDbEntity
  8
TOP-SOLDER-MASK-LAYER
100
AcDbPolyline
 90
        4
 70
     1
 43
0.0
 10
78.954991
 20
-104.077902
 10
78.954991
 20
-102.177877
 10
79.855017
 20
-102.177877
 10
79.855017
 20
-104.077902
  0
HATCH
  5
2315
330
1F
100
AcDbEntity
  8
TOP-SOLDER-MASK-LAYER
100
AcDbHatch
 10
0.0
 20
0.0
 30
0.0
210
0.0
220
0.0
230
1.0
  2
SOLID
 70
     1
 71
     0
 91
        1
 92
        7
 72
     0
 73
     1
 93
        4
 10
80.20518161036323
 20
-104.0779019558039
 10
80.20518161036323
 20
-102.1778765557531
 10
81.10520701041403
 20
-102.1778765557531
 10
81.10520701041403
 20
-104.0779019558039
 97
        1
330
2314
 75
     0
 76
     1
 47
0.412818
 98
        1
 10
34.90568961886538
 20
22.81183545379326
1001
ACAD
1010
0.0
1020
0.0
1030
0.0
  0
LWPOLYLINE
  5
2314
330
1F
100
AcDbEntity
  8
TOP-SOLDER-MASK-LAYER
100
AcDbPolyline
 90
        4
 70
     1
 43
0.0
 10
80.205182
 20
-104.077902
 10
80.205182
 20
-102.177877
 10
81.105207
 20
-102.177877
 10
81.105207
 20
-104.077902
  0
HATCH
  5
2321
330
1F
100
AcDbEntity
  8
TOP-SOLDER-MASK-LAYER
100
AcDbHatch
 10
0.0
 20
0.0
 30
0.0
210
0.0
220
0.0
230
1.0
  2
SOLID
 70
     1
 71
     0
 91
        1
 92
        7
 72
     0
 73
     1
 93
        4
 10
81.45511811023623
 20
-104.0779019558039
 10
81.45511811023623
 20
-102.1778765557531
 10
82.35514351028704
 20
-102.1778765557531
 10
82.35514351028704
 20
-104.0779019558039
 97
        1
330
2320
 75
     0
 76
     1
 47
0.412818
 98
        1
 10
34.90568961886538
 20
22.81183545379326
1001
ACAD
1010
0.0
1020
0.0
1030
0.0
  0
LWPOLYLINE
  5
2320
330
1F
100
AcDbEntity
  8
TOP-SOLDER-MASK-LAYER
100
AcDbPolyline
 90
        4
 70
     1
 43
0.0
 10
81.455118
 20
-104.077902
 10
81.455118
 20
-102.177877
 10
82.355144
 20
-102.177877
 10
82.355144
 20
-104.077902
  0
HATCH
  5
2327
330
1F
100
AcDbEntity
  8
TOP-SOLDER-MASK-LAYER
100
AcDbHatch
 10
0.0
 20
0.0
 30
0.0
210
0.0
220
0.0
230
1.0
  2
SOLID
 70
     1
 71
     0
 91
        1
 92
        7
 72
     0
 73
     1
 93
        4
 10
82.70505461010923
 20
-104.0779019558039
 10
82.70505461010923
 20
-102.1778765557531
 10
83.60508001016004
 20
-102.1778765557531
 10
83.60508001016004
 20
-104.0779019558039
 97
        1
330
2326
 75
     0
 76
     1
 47
0.412818
 98
        1
 10
34.90568961886538
 20
22.81183545379326
1001
ACAD
1010
0.0
1020
0.0
1030
0.0
  0
LWPOLYLINE
  5
2326
330
1F
100
AcDbEntity
  8
TOP-SOLDER-MASK-LAYER
100
AcDbPolyline
 90
        4
 70
     1
 43
0.0
 10
82.705055
 20
-104.077902
 10
82.705055
 20
-102.177877
 10
83.60508
 20
-102.177877
 10
83.60508
 20
-104.077902
  0
HATCH
  5
2333
330
1F
100
AcDbEntity
  8
TOP-SOLDER-MASK-LAYER
100
AcDbHatch
 10
0.0
 20
0.0
 30
0.0
210
0.0
220
0.0
230
1.0
  2
SOLID
 70
     1
 71
     0
 91
        1
 92
        7
 72
     0
 73
     1
 93
        4
 10
75.90508001016003
 20
-107.260541021082
 10
75.90508001016003
 20
-104.0605156210313
 10
77.80510541021084
 20
-104.0605156210313
 10
77.80510541021084
 20
-107.260541021082
 97
        1
330
2332
 75
     0
 76
     1
 47
0.412818
 98
        1
 10
34.90568961886538
 20
22.81183545379326
1001
ACAD
1010
0.0
1020
0.0
1030
0.0
  0
LWPOLYLINE
  5
2332
330
1F
100
AcDbEntity
  8
TOP-SOLDER-MASK-LAYER
100
AcDbPolyline
 90
        4
 70
     1
 43
0.0
 10
75.90508
 20
-107.260541
 10
75.90508
 20
-104.060516
 10
77.805105
 20
-104.060516
 10
77.805105
 20
-107.260541
  0
HATCH
  5
2339
330
1F
100
AcDbEntity
  8
TOP-SOLDER-MASK-LAYER
100
AcDbHatch
 10
0.0
 20
0.0
 30
0.0
210
0.0
220
0.0
230
1.0
  2
SOLID
 70
     1
 71
     0
 91
        1
 92
        7
 72
     0
 73
     1
 93
        4
 10
84.75521971043942
 20
-107.260541021082
 10
84.75521971043942
 20
-104.0605156210313
 10
86.65524511049023
 20
-104.0605156210313
 10
86.65524511049023
 20
-107.260541021082
 97
        1
330
2338
 75
     0
 76
     1
 47
0.412818
 98
        1
 10
34.90568961886538
 20
22.81183545379326
1001
ACAD
1010
0.0
1020
0.0
1030
0.0
  0
LWPOLYLINE
  5
2338
330
1F
100
AcDbEntity
  8
TOP-SOLDER-MASK-LAYER
100
AcDbPolyline
 90
        4
 70
     1
 43
0.0
 10
84.75522
 20
-107.260541
 10
84.75522
 20
-104.060516
 10
86.655245
 20
-104.060516
 10
86.655245
 20
-107.260541
  0
HATCH
  5
2377
330
1F
100
AcDbEntity
  8
TOP-SOLDER-MASK-LAYER
100
AcDbHatch
 10
0.0
 20
0.0
 30
0.0
210
0.0
220
0.0
230
1.0
  2
SOLID
 70
     1
 71
     0
 91
        1
 92
        7
 72
     0
 73
     1
 93
        4
 10
75.11416052832107
 20
-89.67917195834393
 10
72.71413512827027
 20
-89.67917195834393
 10
72.71413512827027
 20
-85.57914655829312
 10
75.11416052832107
 20
-85.57914655829312
 97
        1
330
2376
 75
     0
 76
     1
 47
0.412818
 98
        1
 10
34.90568961886538
 20
22.81183545379326
1001
ACAD
1010
0.0
1020
0.0
1030
0.0
  0
LWPOLYLINE
  5
2376
330
1F
100
AcDbEntity
  8
TOP-SOLDER-MASK-LAYER
100
AcDbPolyline
 90
        4
 70
     1
 43
0.0
 10
75.114161
 20
-89.679172
 10
72.714135
 20
-89.679172
 10
72.714135
 20
-85.579147
 10
75.114161
 20
-85.579147
  0
HATCH
  5
2383
330
1F
100
AcDbEntity
  8
TOP-SOLDER-MASK-LAYER
100
AcDbHatch
 10
0.0
 20
0.0
 30
0.0
210
0.0
220
0.0
230
1.0
  2
SOLID
 70
     1
 71
     0
 91
        1
 92
        7
 72
     0
 73
     1
 93
        4
 10
75.11416052832107
 20
-73.87917195834393
 10
72.71413512827027
 20
-73.87917195834393
 10
72.71413512827027
 20
-69.37914655829313
 10
75.11416052832107
 20
-69.37914655829313
 97
        1
330
2382
 75
     0
 76
     1
 47
0.412818
 98
        1
 10
34.90568961886538
 20
22.81183545379326
1001
ACAD
1010
0.0
1020
0.0
1030
0.0
  0
LWPOLYLINE
  5
2382
330
1F
100
AcDbEntity
  8
TOP-SOLDER-MASK-LAYER
100
AcDbPolyline
 90
        4
 70
     1
 43
0.0
 10
75.114161
 20
-73.879172
 10
72.714135
 20
-73.879172
 10
72.714135
 20
-69.379147
 10
75.114161
 20
-69.379147
  0
HATCH
  5
2470
330
1F
100
AcDbEntity
  8
TOP-SOLDER-MASK-LAYER
100
AcDbHatch
 10
0.0
 20
0.0
 30
0.0
210
0.0
220
0.0
230
1.0
  2
SOLID
 70
     1
 71
     0
 91
        1
 92
        7
 72
     1
 73
     1
 93
        2
 10
169.7882270764542
 20
-47.68498856997715
 42
1.0
 10
171.588252476505
 20
-47.68498856997715
 42
1.0
 97
        1
330
0
 75
     0
 76
     1
 47
0.868144
 98
        1
 10
3.629517071192367
 20
33.92795499968543
1001
ACAD
1010
0.0
1020
0.0
1030
0.0
  0
LWPOLYLINE
  5
2471
330
1F
100
AcDbEntity
  8
TOP-SOLDER-MASK-LAYER
100
AcDbPolyline
 90
        2
 70
     1
 43
0.0
 10
169.788227
 20
-47.684989
 42
1.0
 10
171.588252
 20
-47.684989
 42
1.0
  0
HATCH
  5
2500
330
1F
100
AcDbEntity
  8
TOP-SOLDER-MASK-LAYER
100
AcDbHatch
 10
0.0
 20
0.0
 30
0.0
210
0.0
220
0.0
230
1.0
  2
SOLID
 70
     1
 71
     0
 91
        1
 92
        7
 72
     1
 73
     1
 93
        2
 10
169.7882270764542
 20
-50.18511557023115
 42
1.0
 10
171.588252476505
 20
-50.18511557023115
 42
1.0
 97
        1
330
0
 75
     0
 76
     1
 47
0.868144
 98
        1
 10
3.629517071192367
 20
33.92795499968543
1001
ACAD
1010
0.0
1020
0.0
1030
0.0
  0
LWPOLYLINE
  5
2501
330
1F
100
AcDbEntity
  8
TOP-SOLDER-MASK-LAYER
100
AcDbPolyline
 90
        2
 70
     1
 43
0.0
 10
169.788227
 20
-50.185116
 42
1.0
 10
171.588252
 20
-50.185116
 42
1.0
  0
HATCH
  5
2530
330
1F
100
AcDbEntity
  8
TOP-SOLDER-MASK-LAYER
100
AcDbHatch
 10
0.0
 20
0.0
 30
0.0
210
0.0
220
0.0
230
1.0
  2
SOLID
 70
     1
 71
     0
 91
        1
 92
        7
 72
     1
 73
     1
 93
        2
 10
169.7882270764542
 20
-52.68498856997714
 42
1.0
 10
171.588252476505
 20
-52.68498856997714
 42
1.0
 97
        1
330
0
 75
     0
 76
     1
 47
0.868144
 98
        1
 10
3.629517071192367
 20
33.92795499968543
1001
ACAD
1010
0.0
1020
0.0
1030
0.0
  0
LWPOLYLINE
  5
2531
330
1F
100
AcDbEntity
  8
TOP-SOLDER-MASK-LAYER
100
AcDbPolyline
 90
        2
 70
     1
 43
0.0
 10
169.788227
 20
-52.684989
 42
1.0
 10
171.588252
 20
-52.684989
 42
1.0
  0
HATCH
  5
2560
330
1F
100
AcDbEntity
  8
TOP-SOLDER-MASK-LAYER
100
AcDbHatch
 10
0.0
 20
0.0
 30
0.0
210
0.0
220
0.0
230
1.0
  2
SOLID
 70
     1
 71
     0
 91
        1
 92
        7
 72
     1
 73
     1
 93
        2
 10
169.7882270764542
 20
-55.18511557023115
 42
1.0
 10
171.588252476505
 20
-55.18511557023115
 42
1.0
 97
        1
330
0
 75
     0
 76
     1
 47
0.868144
 98
        1
 10
3.629517071192367
 20
33.92795499968543
1001
ACAD
1010
0.0
1020
0.0
1030
0.0
  0
LWPOLYLINE
  5
2561
330
1F
100
AcDbEntity
  8
TOP-SOLDER-MASK-LAYER
100
AcDbPolyline
 90
        2
 70
     1
 43
0.0
 10
169.788227
 20
-55.185116
 42
1.0
 10
171.588252
 20
-55.185116
 42
1.0
  0
HATCH
  5
2585
330
1F
100
AcDbEntity
  8
TOP-SOLDER-MASK-LAYER
100
AcDbHatch
 10
0.0
 20
0.0
 30
0.0
210
0.0
220
0.0
230
1.0
  2
SOLID
 70
     1
 71
     0
 91
        1
 92
        7
 72
     0
 73
     1
 93
        4
 10
172.8973456946914
 20
-70.24113538227078
 10
171.2733426466853
 20
-70.24113538227078
 10
171.2733426466853
 20
-68.61713233426465
 10
172.8973456946914
 20
-68.61713233426465
 97
        1
330
2584
 75
     0
 76
     1
 47
0.412818
 98
        1
 10
34.90568961886538
 20
22.81183545379326
1001
ACAD
1010
0.0
1020
0.0
1030
0.0
  0
LWPOLYLINE
  5
2584
330
1F
100
AcDbEntity
  8
TOP-SOLDER-MASK-LAYER
100
AcDbPolyline
 90
        4
 70
     1
 43
0.0
 10
172.897346
 20
-70.241135
 10
171.273343
 20
-70.241135
 10
171.273343
 20
-68.617132
 10
172.897346
 20
-68.617132
  0
HATCH
  5
2611
330
1F
100
AcDbEntity
  8
TOP-SOLDER-MASK-LAYER
100
AcDbHatch
 10
0.0
 20
0.0
 30
0.0
210
0.0
220
0.0
230
1.0
  2
SOLID
 70
     1
 71
     0
 91
        1
 92
        7
 72
     1
 73
     1
 93
        2
 10
171.2733426466853
 20
-66.92900685801372
 42
1.0
 10
172.8973456946914
 20
-66.92900685801372
 42
1.0
 97
        1
330
0
 75
     0
 76
     1
 47
0.868144
 98
        1
 10
3.629517071192367
 20
33.92795499968543
1001
ACAD
1010
0.0
1020
0.0
1030
0.0
  0
LWPOLYLINE
  5
2612
330
1F
100
AcDbEntity
  8
TOP-SOLDER-MASK-LAYER
100
AcDbPolyline
 90
        2
 70
     1
 43
0.0
 10
171.273343
 20
-66.929007
 42
1.0
 10
172.897346
 20
-66.929007
 42
1.0
  0
HATCH
  5
2641
330
1F
100
AcDbEntity
  8
TOP-SOLDER-MASK-LAYER
100
AcDbHatch
 10
0.0
 20
0.0
 30
0.0
210
0.0
220
0.0
230
1.0
  2
SOLID
 70
     1
 71
     0
 91
        1
 92
        7
 72
     1
 73
     1
 93
        2
 10
171.2733426466853
 20
-64.42913385826773
 42
1.0
 10
172.8973456946914
 20
-64.42913385826773
 42
1.0
 97
        1
330
0
 75
     0
 76
     1
 47
0.868144
 98
        1
 10
3.629517071192367
 20
33.92795499968543
1001
ACAD
1010
0.0
1020
0.0
1030
0.0
  0
LWPOLYLINE
  5
2642
330
1F
100
AcDbEntity
  8
TOP-SOLDER-MASK-LAYER
100
AcDbPolyline
 90
        2
 70
     1
 43
0.0
 10
171.273343
 20
-64.429134
 42
1.0
 10
172.897346
 20
-64.429134
 42
1.0
  0
HATCH
  5
2770
330
1F
100
AcDbEntity
  8
TOP-SOLDER-MASK-LAYER
100
AcDbHatch
 10
0.0
 20
0.0
 30
0.0
210
0.0
220
0.0
230
1.0
  2
SOLID
 70
     1
 71
     0
 91
        1
 92
        7
 72
     0
 73
     1
 93
        4
 10
137.2482727965456
 20
-100.3692024384049
 10
137.2482727965456
 20
-102.0692024384049
 10
135.5482727965456
 20
-102.0692024384049
 10
135.5482727965456
 20
-100.3692024384049
 97
        1
330
2769
 75
     0
 76
     1
 47
0.412818
 98
        1
 10
34.90568961886538
 20
22.81183545379326
1001
ACAD
1010
0.0
1020
0.0
1030
0.0
  0
LWPOLYLINE
  5
2769
330
1F
100
AcDbEntity
  8
TOP-SOLDER-MASK-LAYER
100
AcDbPolyline
 90
        4
 70
     1
 43
0.0
 10
137.248273
 20
-100.369202
 10
137.248273
 20
-102.069202
 10
135.548273
 20
-102.069202
 10
135.548273
 20
-100.369202
  0
HATCH
  5
2796
330
1F
100
AcDbEntity
  8
TOP-SOLDER-MASK-LAYER
100
AcDbHatch
 10
0.0
 20
0.0
 30
0.0
210
0.0
220
0.0
230
1.0
  2
SOLID
 70
     1
 71
     0
 91
        1
 92
        7
 72
     1
 73
     1
 93
        2
 10
135.5482727965456
 20
-98.67919735839473
 42
1.0
 10
137.2482727965456
 20
-98.67919735839473
 42
1.0
 97
        1
330
0
 75
     0
 76
     1
 47
0.868144
 98
        1
 10
3.629517071192367
 20
33.92795499968543
1001
ACAD
1010
0.0
1020
0.0
1030
0.0
  0
LWPOLYLINE
  5
2797
330
1F
100
AcDbEntity
  8
TOP-SOLDER-MASK-LAYER
100
AcDbPolyline
 90
        2
 70
     1
 43
0.0
 10
135.548273
 20
-98.679197
 42
1.0
 10
137.248273
 20
-98.679197
 42
1.0
  0
HATCH
  5
2826
330
1F
100
AcDbEntity
  8
TOP-SOLDER-MASK-LAYER
100
AcDbHatch
 10
0.0
 20
0.0
 30
0.0
210
0.0
220
0.0
230
1.0
  2
SOLID
 70
     1
 71
     0
 91
        1
 92
        7
 72
     1
 73
     1
 93
        2
 10
135.5482727965456
 20
-96.13919227838457
 42
1.0
 10
137.2482727965456
 20
-96.13919227838457
 42
1.0
 97
        1
330
0
 75
     0
 76
     1
 47
0.868144
 98
        1
 10
3.629517071192367
 20
33.92795499968543
1001
ACAD
1010
0.0
1020
0.0
1030
0.0
  0
LWPOLYLINE
  5
2827
330
1F
100
AcDbEntity
  8
TOP-SOLDER-MASK-LAYER
100
AcDbPolyline
 90
        2
 70
     1
 43
0.0
 10
135.548273
 20
-96.139192
 42
1.0
 10
137.248273
 20
-96.139192
 42
1.0
  0
HATCH
  5
2856
330
1F
100
AcDbEntity
  8
TOP-SOLDER-MASK-LAYER
100
AcDbHatch
 10
0.0
 20
0.0
 30
0.0
210
0.0
220
0.0
230
1.0
  2
SOLID
 70
     1
 71
     0
 91
        1
 92
        7
 72
     1
 73
     1
 93
        2
 10
135.5482727965456
 20
-93.59918719837441
 42
1.0
 10
137.2482727965456
 20
-93.59918719837441
 42
1.0
 97
        1
330
0
 75
     0
 76
     1
 47
0.868144
 98
        1
 10
3.629517071192367
 20
33.92795499968543
1001
ACAD
1010
0.0
1020
0.0
1030
0.0
  0
LWPOLYLINE
  5
2857
330
1F
100
AcDbEntity
  8
TOP-SOLDER-MASK-LAYER
100
AcDbPolyline
 90
        2
 70
     1
 43
0.0
 10
135.548273
 20
-93.599187
 42
1.0
 10
137.248273
 20
-93.599187
 42
1.0
  0
HATCH
  5
2886
330
1F
100
AcDbEntity
  8
TOP-SOLDER-MASK-LAYER
100
AcDbHatch
 10
0.0
 20
0.0
 30
0.0
210
0.0
220
0.0
230
1.0
  2
SOLID
 70
     1
 71
     0
 91
        1
 92
        7
 72
     1
 73
     1
 93
        2
 10
135.5482727965456
 20
-91.05918211836425
 42
1.0
 10
137.2482727965456
 20
-91.05918211836425
 42
1.0
 97
        1
330
0
 75
     0
 76
     1
 47
0.868144
 98
        1
 10
3.629517071192367
 20
33.92795499968543
1001
ACAD
1010
0.0
1020
0.0
1030
0.0
  0
LWPOLYLINE
  5
2887
330
1F
100
AcDbEntity
  8
TOP-SOLDER-MASK-LAYER
100
AcDbPolyline
 90
        2
 70
     1
 43
0.0
 10
135.548273
 20
-91.059182
 42
1.0
 10
137.248273
 20
-91.059182
 42
1.0
  0
HATCH
  5
2916
330
1F
100
AcDbEntity
  8
TOP-SOLDER-MASK-LAYER
100
AcDbHatch
 10
0.0
 20
0.0
 30
0.0
210
0.0
220
0.0
230
1.0
  2
SOLID
 70
     1
 71
     0
 91
        1
 92
        7
 72
     1
 73
     1
 93
        2
 10
135.5482727965456
 20
-88.51917703835409
 42
1.0
 10
137.2482727965456
 20
-88.51917703835409
 42
1.0
 97
        1
330
0
 75
     0
 76
     1
 47
0.868144
 98
        1
 10
3.629517071192367
 20
33.92795499968543
1001
ACAD
1010
0.0
1020
0.0
1030
0.0
  0
LWPOLYLINE
  5
2917
330
1F
100
AcDbEntity
  8
TOP-SOLDER-MASK-LAYER
100
AcDbPolyline
 90
        2
 70
     1
 43
0.0
 10
135.548273
 20
-88.519177
 42
1.0
 10
137.248273
 20
-88.519177
 42
1.0
  0
HATCH
  5
2946
330
1F
100
AcDbEntity
  8
TOP-SOLDER-MASK-LAYER
100
AcDbHatch
 10
0.0
 20
0.0
 30
0.0
210
0.0
220
0.0
230
1.0
  2
SOLID
 70
     1
 71
     0
 91
        1
 92
        7
 72
     1
 73
     1
 93
        2
 10
115.2282321564643
 20
-88.51917703835409
 42
1.0
 10
116.9282321564643
 20
-88.51917703835409
 42
1.0
 97
        1
330
0
 75
     0
 76
     1
 47
0.868144
 98
        1
 10
3.629517071192367
 20
33.92795499968543
1001
ACAD
1010
0.0
1020
0.0
1030
0.0
  0
LWPOLYLINE
  5
2947
330
1F
100
AcDbEntity
  8
TOP-SOLDER-MASK-LAYER
100
AcDbPolyline
 90
        2
 70
     1
 43
0.0
 10
115.228232
 20
-88.519177
 42
1.0
 10
116.928232
 20
-88.519177
 42
1.0
  0
HATCH
  5
2976
330
1F
100
AcDbEntity
  8
TOP-SOLDER-MASK-LAYER
100
AcDbHatch
 10
0.0
 20
0.0
 30
0.0
210
0.0
220
0.0
230
1.0
  2
SOLID
 70
     1
 71
     0
 91
        1
 92
        7
 72
     1
 73
     1
 93
        2
 10
115.2282321564643
 20
-91.05918211836425
 42
1.0
 10
116.9282321564643
 20
-91.05918211836425
 42
1.0
 97
        1
330
0
 75
     0
 76
     1
 47
0.868144
 98
        1
 10
3.629517071192367
 20
33.92795499968543
1001
ACAD
1010
0.0
1020
0.0
1030
0.0
  0
LWPOLYLINE
  5
2977
330
1F
100
AcDbEntity
  8
TOP-SOLDER-MASK-LAYER
100
AcDbPolyline
 90
        2
 70
     1
 43
0.0
 10
115.228232
 20
-91.059182
 42
1.0
 10
116.928232
 20
-91.059182
 42
1.0
  0
HATCH
  5
3006
330
1F
100
AcDbEntity
  8
TOP-SOLDER-MASK-LAYER
100
AcDbHatch
 10
0.0
 20
0.0
 30
0.0
210
0.0
220
0.0
230
1.0
  2
SOLID
 70
     1
 71
     0
 91
        1
 92
        7
 72
     1
 73
     1
 93
        2
 10
115.2282321564643
 20
-93.59918719837441
 42
1.0
 10
116.9282321564643
 20
-93.59918719837441
 42
1.0
 97
        1
330
0
 75
     0
 76
     1
 47
0.868144
 98
        1
 10
3.629517071192367
 20
33.92795499968543
1001
ACAD
1010
0.0
1020
0.0
1030
0.0
  0
LWPOLYLINE
  5
3007
330
1F
100
AcDbEntity
  8
TOP-SOLDER-MASK-LAYER
100
AcDbPolyline
 90
        2
 70
     1
 43
0.0
 10
115.228232
 20
-93.599187
 42
1.0
 10
116.928232
 20
-93.599187
 42
1.0
  0
HATCH
  5
3036
330
1F
100
AcDbEntity
  8
TOP-SOLDER-MASK-LAYER
100
AcDbHatch
 10
0.0
 20
0.0
 30
0.0
210
0.0
220
0.0
230
1.0
  2
SOLID
 70
     1
 71
     0
 91
        1
 92
        7
 72
     1
 73
     1
 93
        2
 10
115.2282321564643
 20
-96.13919227838457
 42
1.0
 10
116.9282321564643
 20
-96.13919227838457
 42
1.0
 97
        1
330
0
 75
     0
 76
     1
 47
0.868144
 98
        1
 10
3.629517071192367
 20
33.92795499968543
1001
ACAD
1010
0.0
1020
0.0
1030
0.0
  0
LWPOLYLINE
  5
3037
330
1F
100
AcDbEntity
  8
TOP-SOLDER-MASK-LAYER
100
AcDbPolyline
 90
        2
 70
     1
 43
0.0
 10
115.228232
 20
-96.139192
 42
1.0
 10
116.928232
 20
-96.139192
 42
1.0
  0
HATCH
  5
3066
330
1F
100
AcDbEntity
  8
TOP-SOLDER-MASK-LAYER
100
AcDbHatch
 10
0.0
 20
0.0
 30
0.0
210
0.0
220
0.0
230
1.0
  2
SOLID
 70
     1
 71
     0
 91
        1
 92
        7
 72
     1
 73
     1
 93
        2
 10
115.2282321564643
 20
-98.67919735839473
 42
1.0
 10
116.9282321564643
 20
-98.67919735839473
 42
1.0
 97
        1
330
0
 75
     0
 76
     1
 47
0.868144
 98
        1
 10
3.629517071192367
 20
33.92795499968543
1001
ACAD
1010
0.0
1020
0.0
1030
0.0
  0
LWPOLYLINE
  5
3067
330
1F
100
AcDbEntity
  8
TOP-SOLDER-MASK-LAYER
100
AcDbPolyline
 90
        2
 70
     1
 43
0.0
 10
115.228232
 20
-98.679197
 42
1.0
 10
116.928232
 20
-98.679197
 42
1.0
  0
HATCH
  5
3096
330
1F
100
AcDbEntity
  8
TOP-SOLDER-MASK-LAYER
100
AcDbHatch
 10
0.0
 20
0.0
 30
0.0
210
0.0
220
0.0
230
1.0
  2
SOLID
 70
     1
 71
     0
 91
        1
 92
        7
 72
     1
 73
     1
 93
        2
 10
115.2282321564643
 20
-101.2192024384049
 42
1.0
 10
116.9282321564643
 20
-101.2192024384049
 42
1.0
 97
        1
330
0
 75
     0
 76
     1
 47
0.868144
 98
        1
 10
3.629517071192367
 20
33.92795499968543
1001
ACAD
1010
0.0
1020
0.0
1030
0.0
  0
LWPOLYLINE
  5
3097
330
1F
100
AcDbEntity
  8
TOP-SOLDER-MASK-LAYER
100
AcDbPolyline
 90
        2
 70
     1
 43
0.0
 10
115.228232
 20
-101.219202
 42
1.0
 10
116.928232
 20
-101.219202
 42
1.0
  0
HATCH
  5
3126
330
1F
100
AcDbEntity
  8
TOP-SOLDER-MASK-LAYER
100
AcDbHatch
 10
0.0
 20
0.0
 30
0.0
210
0.0
220
0.0
230
1.0
  2
SOLID
 70
     1
 71
     0
 91
        1
 92
        7
 72
     1
 73
     1
 93
        2
 10
11.01529083058166
 20
-103.251206502413
 42
1.0
 10
12.91689103378207
 20
-103.251206502413
 42
1.0
 97
        1
330
0
 75
     0
 76
     1
 47
0.868144
 98
        1
 10
3.629517071192367
 20
33.92795499968543
1001
ACAD
1010
0.0
1020
0.0
1030
0.0
  0
LWPOLYLINE
  5
3127
330
1F
100
AcDbEntity
  8
TOP-SOLDER-MASK-LAYER
100
AcDbPolyline
 90
        4
 70
     0
 43
0.0
 10
11.015291
 20
-103.251207
 42
1.0
 10
12.916891
 20
-103.251207
 10
12.916891
 20
-103.251207
 42
1.0
 10
11.015291
 20
-103.251207
  0
HATCH
  5
3156
330
1F
100
AcDbEntity
  8
TOP-SOLDER-MASK-LAYER
100
AcDbHatch
 10
0.0
 20
0.0
 30
0.0
210
0.0
220
0.0
230
1.0
  2
SOLID
 70
     1
 71
     0
 91
        1
 92
        7
 72
     1
 73
     1
 93
        2
 10
14.51516383032766
 20
-103.251206502413
 42
1.0
 10
16.41676403352807
 20
-103.251206502413
 42
1.0
 97
        1
330
0
 75
     0
 76
     1
 47
0.868144
 98
        1
 10
3.629517071192367
 20
33.92795499968543
1001
ACAD
1010
0.0
1020
0.0
1030
0.0
  0
LWPOLYLINE
  5
3157
330
1F
100
AcDbEntity
  8
TOP-SOLDER-MASK-LAYER
100
AcDbPolyline
 90
        2
 70
     1
 43
0.0
 10
14.515164
 20
-103.251207
 42
1.0
 10
16.416764
 20
-103.251207
 42
1.0
  0
HATCH
  5
3246
330
1F
100
AcDbEntity
  8
TOP-SOLDER-MASK-LAYER
100
AcDbHatch
 10
0.0
 20
0.0
 30
0.0
210
0.0
220
0.0
230
1.0
  2
SOLID
 70
     1
 71
     0
 91
        1
 92
        7
 72
     1
 73
     1
 93
        2
 10
10.17103124206248
 20
-83.43916687833376
 42
1.0
 10
12.27103124206249
 20
-83.43916687833376
 42
1.0
 97
        1
330
0
 75
     0
 76
     1
 47
0.868144
 98
        1
 10
3.629517071192367
 20
33.92795499968543
1001
ACAD
1010
0.0
1020
0.0
1030
0.0
  0
LWPOLYLINE
  5
3247
330
1F
100
AcDbEntity
  8
TOP-SOLDER-MASK-LAYER
100
AcDbPolyline
 90
        2
 70
     1
 43
0.0
 10
10.171031
 20
-83.439167
 42
1.0
 10
12.271031
 20
-83.439167
 42
1.0
  0
HATCH
  5
3276
330
1F
100
AcDbEntity
  8
TOP-SOLDER-MASK-LAYER
100
AcDbHatch
 10
0.0
 20
0.0
 30
0.0
210
0.0
220
0.0
230
1.0
  2
SOLID
 70
     1
 71
     0
 91
        1
 92
        7
 72
     1
 73
     1
 93
        2
 10
31.67115824231648
 20
-83.43916687833376
 42
1.0
 10
33.77115824231648
 20
-83.43916687833376
 42
1.0
 97
        1
330
0
 75
     0
 76
     1
 47
0.868144
 98
        1
 10
3.629517071192367
 20
33.92795499968543
1001
ACAD
1010
0.0
1020
0.0
1030
0.0
  0
LWPOLYLINE
  5
3277
330
1F
100
AcDbEntity
  8
TOP-SOLDER-MASK-LAYER
100
AcDbPolyline
 90
        4
 70
     0
 43
0.0
 10
31.671158
 20
-83.439167
 42
1.0
 10
33.771158
 20
-83.439167
 10
33.771158
 20
-83.439167
 42
1.0
 10
31.671158
 20
-83.439167
  0
HATCH
  5
3306
330
1F
100
AcDbEntity
  8
TOP-SOLDER-MASK-LAYER
100
AcDbHatch
 10
0.0
 20
0.0
 30
0.0
210
0.0
220
0.0
230
1.0
  2
SOLID
 70
     1
 71
     0
 91
        1
 92
        7
 72
     1
 73
     1
 93
        2
 10
152.946507493015
 20
-59.81711963423928
 42
1.0
 10
154.6481076962154
 20
-59.81711963423928
 42
1.0
 97
        1
330
0
 75
     0
 76
     1
 47
0.868144
 98
        1
 10
3.629517071192367
 20
33.92795499968543
1001
ACAD
1010
0.0
1020
0.0
1030
0.0
  0
LWPOLYLINE
  5
3307
330
1F
100
AcDbEntity
  8
TOP-SOLDER-MASK-LAYER
100
AcDbPolyline
 90
        2
 70
     1
 43
0.0
 10
152.946507
 20
-59.81712
 42
1.0
 10
154.648108
 20
-59.81712
 42
1.0
  0
HATCH
  5
3336
330
1F
100
AcDbEntity
  8
TOP-SOLDER-MASK-LAYER
100
AcDbHatch
 10
0.0
 20
0.0
 30
0.0
210
0.0
220
0.0
230
1.0
  2
SOLID
 70
     1
 71
     0
 91
        1
 92
        7
 72
     1
 73
     1
 93
        2
 10
150.4065024130048
 20
-59.81711963423928
 42
1.0
 10
152.1081026162053
 20
-59.81711963423928
 42
1.0
 97
        1
330
0
 75
     0
 76
     1
 47
0.868144
 98
        1
 10
3.629517071192367
 20
33.92795499968543
1001
ACAD
1010
0.0
1020
0.0
1030
0.0
  0
LWPOLYLINE
  5
3337
330
1F
100
AcDbEntity
  8
TOP-SOLDER-MASK-LAYER
100
AcDbPolyline
 90
        2
 70
     1
 43
0.0
 10
150.406502
 20
-59.81712
 42
1.0
 10
152.108103
 20
-59.81712
 42
1.0
  0
HATCH
  5
3361
330
1F
100
AcDbEntity
  8
TOP-SOLDER-MASK-LAYER
100
AcDbHatch
 10
0.0
 20
0.0
 30
0.0
210
0.0
220
0.0
230
1.0
  2
SOLID
 70
     1
 71
     0
 91
        1
 92
        7
 72
     0
 73
     1
 93
        4
 10
147.8790957581915
 20
-60.66791973583948
 10
147.8790957581915
 20
-58.96631953263907
 10
149.5554991109982
 20
-58.96631953263907
 10
149.5554991109982
 20
-60.66791973583948
 97
        1
330
3360
 75
     0
 76
     1
 47
0.412818
 98
        1
 10
34.90568961886538
 20
22.81183545379326
1001
ACAD
1010
0.0
1020
0.0
1030
0.0
  0
LWPOLYLINE
  5
3360
330
1F
100
AcDbEntity
  8
TOP-SOLDER-MASK-LAYER
100
AcDbPolyline
 90
        4
 70
     1
 43
0.0
 10
147.879096
 20
-60.66792
 10
147.879096
 20
-58.96632
 10
149.555499
 20
-58.96632
 10
149.555499
 20
-60.66792
  0
HATCH
  5
3387
330
1F
100
AcDbEntity
  8
TOP-SOLDER-MASK-LAYER
100
AcDbHatch
 10
0.0
 20
0.0
 30
0.0
210
0.0
220
0.0
230
1.0
  2
SOLID
 70
     1
 71
     0
 91
        1
 92
        7
 72
     1
 73
     1
 93
        2
 10
11.63235966471933
 20
-94.48818897637797
 42
1.0
 10
14.13395986791974
 20
-94.48818897637797
 42
1.0
 97
        1
330
0
 75
     0
 76
     1
 47
0.868144
 98
        1
 10
3.629517071192367
 20
33.92795499968543
1001
ACAD
1010
0.0
1020
0.0
1030
0.0
  0
LWPOLYLINE
  5
3388
330
1F
100
AcDbEntity
  8
TOP-SOLDER-MASK-LAYER
100
AcDbPolyline
 90
        4
 70
     0
 43
0.0
 10
11.63236
 20
-94.488189
 42
1.0
 10
14.13396
 20
-94.488189
 10
14.13396
 20
-94.488189
 42
1.0
 10
11.63236
 20
-94.488189
  0
HATCH
  5
3412
330
1F
100
AcDbEntity
  8
TOP-SOLDER-MASK-LAYER
100
AcDbHatch
 10
0.0
 20
0.0
 30
0.0
210
0.0
220
0.0
230
1.0
  2
SOLID
 70
     1
 71
     0
 91
        1
 92
        7
 72
     0
 73
     1
 93
        4
 10
21.13370586741173
 20
-93.33738887477776
 10
21.13370586741173
 20
-95.63898907797818
 10
18.63210566421132
 20
-95.63898907797818
 10
18.63210566421132
 20
-93.33738887477776
 97
        1
330
3411
 75
     0
 76
     1
 47
0.412818
 98
        1
 10
34.90568961886538
 20
22.81183545379326
1001
ACAD
1010
0.0
1020
0.0
1030
0.0
  0
LWPOLYLINE
  5
3411
330
1F
100
AcDbEntity
  8
TOP-SOLDER-MASK-LAYER
100
AcDbPolyline
 90
        4
 70
     1
 43
0.0
 10
21.133706
 20
-93.337389
 10
21.133706
 20
-95.638989
 10
18.632106
 20
-95.638989
 10
18.632106
 20
-93.337389
  0
HATCH
  5
3438
330
1F
100
AcDbEntity
  8
TOP-SOLDER-MASK-LAYER
100
AcDbHatch
 10
0.0
 20
0.0
 30
0.0
210
0.0
220
0.0
230
1.0
  2
SOLID
 70
     1
 71
     0
 91
        1
 92
        7
 72
     1
 73
     1
 93
        2
 10
15.13223266446533
 20
-94.48818897637797
 42
1.0
 10
17.63383286766573
 20
-94.48818897637797
 42
1.0
 97
        1
330
0
 75
     0
 76
     1
 47
0.868144
 98
        1
 10
3.629517071192367
 20
33.92795499968543
1001
ACAD
1010
0.0
1020
0.0
1030
0.0
  0
LWPOLYLINE
  5
3439
330
1F
100
AcDbEntity
  8
TOP-SOLDER-MASK-LAYER
100
AcDbPolyline
 90
        2
 70
     1
 43
0.0
 10
15.132233
 20
-94.488189
 42
1.0
 10
17.633833
 20
-94.488189
 42
1.0
  0
HATCH
  5
3492
330
1F
100
AcDbEntity
  8
TOP-SOLDER-MASK-LAYER
100
AcDbHatch
 10
0.0
 20
0.0
 30
0.0
210
0.0
220
0.0
230
1.0
  2
SOLID
 70
     1
 71
     0
 91
        1
 92
        7
 72
     1
 73
     1
 93
        2
 10
16.73723393446787
 20
-66.29413258826519
 42
1.0
 10
19.83883921767844
 20
-66.29413258826519
 42
1.0
 97
        1
330
0
 75
     0
 76
     1
 47
0.868144
 98
        1
 10
3.629517071192367
 20
33.92795499968543
1001
ACAD
1010
0.0
1020
0.0
1030
0.0
  0
LWPOLYLINE
  5
3493
330
1F
100
AcDbEntity
  8
TOP-SOLDER-MASK-LAYER
100
AcDbPolyline
 90
        4
 70
     0
 43
0.0
 10
16.737234
 20
-66.294133
 42
1.0
 10
19.838839
 20
-66.294133
 10
19.838839
 20
-66.294133
 42
1.0
 10
16.737234
 20
-66.294133
  0
HATCH
  5
3522
330
1F
100
AcDbEntity
  8
TOP-SOLDER-MASK-LAYER
100
AcDbHatch
 10
0.0
 20
0.0
 30
0.0
210
0.0
220
0.0
230
1.0
  2
SOLID
 70
     1
 71
     0
 91
        1
 92
        7
 72
     1
 73
     1
 93
        2
 10
29.43725933451867
 20
-66.29413258826519
 42
1.0
 10
32.53886461772924
 20
-66.29413258826519
 42
1.0
 97
        1
330
0
 75
     0
 76
     1
 47
0.868144
 98
        1
 10
3.629517071192367
 20
33.92795499968543
1001
ACAD
1010
0.0
1020
0.0
1030
0.0
  0
LWPOLYLINE
  5
3523
330
1F
100
AcDbEntity
  8
TOP-SOLDER-MASK-LAYER
100
AcDbPolyline
 90
        2
 70
     1
 43
0.0
 10
29.437259
 20
-66.294133
 42
1.0
 10
32.538865
 20
-66.294133
 42
1.0
  0
HATCH
  5
3552
330
1F
100
AcDbEntity
  8
TOP-SOLDER-MASK-LAYER
100
AcDbHatch
 10
0.0
 20
0.0
 30
0.0
210
0.0
220
0.0
230
1.0
  2
SOLID
 70
     1
 71
     0
 91
        1
 92
        7
 72
     1
 73
     1
 93
        2
 10
37.05727457454915
 20
-66.29413258826519
 42
1.0
 10
40.15887985775971
 20
-66.29413258826519
 42
1.0
 97
        1
330
0
 75
     0
 76
     1
 47
0.868144
 98
        1
 10
3.629517071192367
 20
33.92795499968543
1001
ACAD
1010
0.0
1020
0.0
1030
0.0
  0
LWPOLYLINE
  5
3553
330
1F
100
AcDbEntity
  8
TOP-SOLDER-MASK-LAYER
100
AcDbPolyline
 90
        2
 70
     1
 43
0.0
 10
37.057275
 20
-66.294133
 42
1.0
 10
40.15888
 20
-66.294133
 42
1.0
  0
HATCH
  5
3582
330
1F
100
AcDbEntity
  8
TOP-SOLDER-MASK-LAYER
100
AcDbHatch
 10
0.0
 20
0.0
 30
0.0
210
0.0
220
0.0
230
1.0
  2
SOLID
 70
     1
 71
     0
 91
        1
 92
        7
 72
     1
 73
     1
 93
        2
 10
37.05727457454915
 20
-35.81407162814326
 42
1.0
 10
40.15887985775971
 20
-35.81407162814326
 42
1.0
 97
        1
330
0
 75
     0
 76
     1
 47
0.868144
 98
        1
 10
3.629517071192367
 20
33.92795499968543
1001
ACAD
1010
0.0
1020
0.0
1030
0.0
  0
LWPOLYLINE
  5
3583
330
1F
100
AcDbEntity
  8
TOP-SOLDER-MASK-LAYER
100
AcDbPolyline
 90
        2
 70
     1
 43
0.0
 10
37.057275
 20
-35.814072
 42
1.0
 10
40.15888
 20
-35.814072
 42
1.0
  0
HATCH
  5
3612
330
1F
100
AcDbEntity
  8
TOP-SOLDER-MASK-LAYER
100
AcDbHatch
 10
0.0
 20
0.0
 30
0.0
210
0.0
220
0.0
230
1.0
  2
SOLID
 70
     1
 71
     0
 91
        1
 92
        7
 72
     1
 73
     1
 93
        2
 10
29.73075946151893
 20
-35.81407162814326
 42
1.0
 10
32.24536449072898
 20
-35.81407162814326
 42
1.0
 97
        1
330
0
 75
     0
 76
     1
 47
0.868144
 98
        1
 10
3.629517071192367
 20
33.92795499968543
1001
ACAD
1010
0.0
1020
0.0
1030
0.0
  0
LWPOLYLINE
  5
3613
330
1F
100
AcDbEntity
  8
TOP-SOLDER-MASK-LAYER
100
AcDbPolyline
 90
        2
 70
     1
 43
0.0
 10
29.730759
 20
-35.814072
 42
1.0
 10
32.245364
 20
-35.814072
 42
1.0
  0
HATCH
  5
3642
330
1F
100
AcDbEntity
  8
TOP-SOLDER-MASK-LAYER
100
AcDbHatch
 10
0.0
 20
0.0
 30
0.0
210
0.0
220
0.0
230
1.0
  2
SOLID
 70
     1
 71
     0
 91
        1
 92
        7
 72
     1
 73
     1
 93
        2
 10
16.73723393446787
 20
-35.81407162814326
 42
1.0
 10
19.83883921767844
 20
-35.81407162814326
 42
1.0
 97
        1
330
0
 75
     0
 76
     1
 47
0.868144
 98
        1
 10
3.629517071192367
 20
33.92795499968543
1001
ACAD
1010
0.0
1020
0.0
1030
0.0
  0
LWPOLYLINE
  5
3643
330
1F
100
AcDbEntity
  8
TOP-SOLDER-MASK-LAYER
100
AcDbPolyline
 90
        4
 70
     0
 43
0.0
 10
16.737234
 20
-35.814072
 42
1.0
 10
19.838839
 20
-35.814072
 10
19.838839
 20
-35.814072
 42
1.0
 10
16.737234
 20
-35.814072
  0
HATCH
  5
3672
330
1F
100
AcDbEntity
  8
TOP-SOLDER-MASK-LAYER
100
AcDbHatch
 10
0.0
 20
0.0
 30
0.0
210
0.0
220
0.0
230
1.0
  2
SOLID
 70
     1
 71
     0
 91
        1
 92
        7
 72
     1
 73
     1
 93
        2
 10
27.24725425450852
 20
-35.81407162814326
 42
1.0
 10
29.64885953771908
 20
-35.81407162814326
 42
1.0
 97
        1
330
0
 75
     0
 76
     1
 47
0.868144
 98
        1
 10
3.629517071192367
 20
33.92795499968543
1001
ACAD
1010
0.0
1020
0.0
1030
0.0
  0
LWPOLYLINE
  5
3673
330
1F
100
AcDbEntity
  8
TOP-SOLDER-MASK-LAYER
100
AcDbPolyline
 90
        4
 70
     0
 43
0.0
 10
27.247254
 20
-35.814072
 42
1.0
 10
29.64886
 20
-35.814072
 10
29.64886
 20
-35.814072
 42
1.0
 10
27.247254
 20
-35.814072
  0
HATCH
  5
3779
330
1F
100
AcDbEntity
  8
TOP-SOLDER-MASK-LAYER
100
AcDbHatch
 10
0.0
 20
0.0
 30
0.0
210
0.0
220
0.0
230
1.0
  2
SOLID
 70
     1
 71
     0
 91
        1
 92
        7
 72
     0
 73
     1
 93
        4
 10
58.63495046990094
 20
-104.0779019558039
 10
58.63495046990094
 20
-102.1778765557531
 10
59.53497586995175
 20
-102.1778765557531
 10
59.53497586995175
 20
-104.0779019558039
 97
        1
330
3778
 75
     0
 76
     1
 47
0.412818
 98
        1
 10
34.90568961886538
 20
22.81183545379326
1001
ACAD
1010
0.0
1020
0.0
1030
0.0
  0
LWPOLYLINE
  5
3778
330
1F
100
AcDbEntity
  8
TOP-SOLDER-MASK-LAYER
100
AcDbPolyline
 90
        4
 70
     1
 43
0.0
 10
58.63495
 20
-104.077902
 10
58.63495
 20
-102.177877
 10
59.534976
 20
-102.177877
 10
59.534976
 20
-104.077902
  0
HATCH
  5
3785
330
1F
100
AcDbEntity
  8
TOP-SOLDER-MASK-LAYER
100
AcDbHatch
 10
0.0
 20
0.0
 30
0.0
210
0.0
220
0.0
230
1.0
  2
SOLID
 70
     1
 71
     0
 91
        1
 92
        7
 72
     0
 73
     1
 93
        4
 10
59.88514097028195
 20
-104.0779019558039
 10
59.88514097028195
 20
-102.1778765557531
 10
60.78516637033275
 20
-102.1778765557531
 10
60.78516637033275
 20
-104.0779019558039
 97
        1
330
3784
 75
     0
 76
     1
 47
0.412818
 98
        1
 10
34.90568961886538
 20
22.81183545379326
1001
ACAD
1010
0.0
1020
0.0
1030
0.0
  0
LWPOLYLINE
  5
3784
330
1F
100
AcDbEntity
  8
TOP-SOLDER-MASK-LAYER
100
AcDbPolyline
 90
        4
 70
     1
 43
0.0
 10
59.885141
 20
-104.077902
 10
59.885141
 20
-102.177877
 10
60.785166
 20
-102.177877
 10
60.785166
 20
-104.077902
  0
HATCH
  5
3791
330
1F
100
AcDbEntity
  8
TOP-SOLDER-MASK-LAYER
100
AcDbHatch
 10
0.0
 20
0.0
 30
0.0
210
0.0
220
0.0
230
1.0
  2
SOLID
 70
     1
 71
     0
 91
        1
 92
        7
 72
     0
 73
     1
 93
        4
 10
61.13507747015495
 20
-104.0779019558039
 10
61.13507747015495
 20
-102.1778765557531
 10
62.03510287020575
 20
-102.1778765557531
 10
62.03510287020575
 20
-104.0779019558039
 97
        1
330
3790
 75
     0
 76
     1
 47
0.412818
 98
        1
 10
34.90568961886538
 20
22.81183545379326
1001
ACAD
1010
0.0
1020
0.0
1030
0.0
  0
LWPOLYLINE
  5
3790
330
1F
100
AcDbEntity
  8
TOP-SOLDER-MASK-LAYER
100
AcDbPolyline
 90
        4
 70
     1
 43
0.0
 10
61.135077
 20
-104.077902
 10
61.135077
 20
-102.177877
 10
62.035103
 20
-102.177877
 10
62.035103
 20
-104.077902
  0
HATCH
  5
3797
330
1F
100
AcDbEntity
  8
TOP-SOLDER-MASK-LAYER
100
AcDbHatch
 10
0.0
 20
0.0
 30
0.0
210
0.0
220
0.0
230
1.0
  2
SOLID
 70
     1
 71
     0
 91
        1
 92
        7
 72
     0
 73
     1
 93
        4
 10
62.38501397002794
 20
-104.0779019558039
 10
62.38501397002794
 20
-102.1778765557531
 10
63.28503937007875
 20
-102.1778765557531
 10
63.28503937007875
 20
-104.0779019558039
 97
        1
330
3796
 75
     0
 76
     1
 47
0.412818
 98
        1
 10
34.90568961886538
 20
22.81183545379326
1001
ACAD
1010
0.0
1020
0.0
1030
0.0
  0
LWPOLYLINE
  5
3796
330
1F
100
AcDbEntity
  8
TOP-SOLDER-MASK-LAYER
100
AcDbPolyline
 90
        4
 70
     1
 43
0.0
 10
62.385014
 20
-104.077902
 10
62.385014
 20
-102.177877
 10
63.285039
 20
-102.177877
 10
63.285039
 20
-104.077902
  0
HATCH
  5
3803
330
1F
100
AcDbEntity
  8
TOP-SOLDER-MASK-LAYER
100
AcDbHatch
 10
0.0
 20
0.0
 30
0.0
210
0.0
220
0.0
230
1.0
  2
SOLID
 70
     1
 71
     0
 91
        1
 92
        7
 72
     0
 73
     1
 93
        4
 10
55.58503937007875
 20
-107.260541021082
 10
55.58503937007875
 20
-104.0605156210313
 10
57.48506477012954
 20
-104.0605156210313
 10
57.48506477012954
 20
-107.260541021082
 97
        1
330
3802
 75
     0
 76
     1
 47
0.412818
 98
        1
 10
34.90568961886538
 20
22.81183545379326
1001
ACAD
1010
0.0
1020
0.0
1030
0.0
  0
LWPOLYLINE
  5
3802
330
1F
100
AcDbEntity
  8
TOP-SOLDER-MASK-LAYER
100
AcDbPolyline
 90
        4
 70
     1
 43
0.0
 10
55.585039
 20
-107.260541
 10
55.585039
 20
-104.060516
 10
57.485065
 20
-104.060516
 10
57.485065
 20
-107.260541
  0
HATCH
  5
3809
330
1F
100
AcDbEntity
  8
TOP-SOLDER-MASK-LAYER
100
AcDbHatch
 10
0.0
 20
0.0
 30
0.0
210
0.0
220
0.0
230
1.0
  2
SOLID
 70
     1
 71
     0
 91
        1
 92
        7
 72
     0
 73
     1
 93
        4
 10
64.43517907035815
 20
-107.260541021082
 10
64.43517907035815
 20
-104.0605156210313
 10
66.33520447040895
 20
-104.0605156210313
 10
66.33520447040895
 20
-107.260541021082
 97
        1
330
3808
 75
     0
 76
     1
 47
0.412818
 98
        1
 10
34.90568961886538
 20
22.81183545379326
1001
ACAD
1010
0.0
1020
0.0
1030
0.0
  0
LWPOLYLINE
  5
3808
330
1F
100
AcDbEntity
  8
TOP-SOLDER-MASK-LAYER
100
AcDbPolyline
 90
        4
 70
     1
 43
0.0
 10
64.435179
 20
-107.260541
 10
64.435179
 20
-104.060516
 10
66.335204
 20
-104.060516
 10
66.335204
 20
-107.260541
  0
HATCH
  5
2239
330
1F
100
AcDbEntity
  8
TOP-PASTE-MASK-LAYER
100
AcDbHatch
 10
0.0
 20
0.0
 30
0.0
210
0.0
220
0.0
230
1.0
  2
SOLID
 70
     1
 71
     0
 91
        1
 92
        7
 72
     0
 73
     1
 93
        4
 10
4.049326898653802
 20
-66.68597917195837
 10
5.849326898653795
 20
-66.68597917195837
 10
5.849326898653795
 20
-67.48597917195836
 10
4.049326898653802
 20
-67.48597917195835
 97
        1
330
2238
 75
     0
 76
     1
 47
0.412818
 98
        1
 10
34.90568961886538
 20
22.81183545379326
1001
ACAD
1010
0.0
1020
0.0
1030
0.0
  0
LWPOLYLINE
  5
2238
330
1F
100
AcDbEntity
  8
TOP-PASTE-MASK-LAYER
100
AcDbPolyline
 90
        4
 70
     1
 43
0.0
 10
4.049327
 20
-66.685979
 10
5.849327
 20
-66.685979
 10
5.849327
 20
-67.485979
 10
4.049327
 20
-67.485979
  0
HATCH
  5
2245
330
1F
100
AcDbEntity
  8
TOP-PASTE-MASK-LAYER
100
AcDbHatch
 10
0.0
 20
0.0
 30
0.0
210
0.0
220
0.0
230
1.0
  2
SOLID
 70
     1
 71
     0
 91
        1
 92
        7
 72
     0
 73
     1
 93
        4
 10
4.049326898653802
 20
-67.93616967233935
 10
5.849326898653795
 20
-67.93616967233935
 10
5.849326898653795
 20
-68.73616967233934
 10
4.049326898653802
 20
-68.73616967233934
 97
        1
330
2244
 75
     0
 76
     1
 47
0.412818
 98
        1
 10
34.90568961886538
 20
22.81183545379326
1001
ACAD
1010
0.0
1020
0.0
1030
0.0
  0
LWPOLYLINE
  5
2244
330
1F
100
AcDbEntity
  8
TOP-PASTE-MASK-LAYER
100
AcDbPolyline
 90
        4
 70
     1
 43
0.0
 10
4.049327
 20
-67.93617
 10
5.849327
 20
-67.93617
 10
5.849327
 20
-68.73617
 10
4.049327
 20
-68.73617
  0
HATCH
  5
2251
330
1F
100
AcDbEntity
  8
TOP-PASTE-MASK-LAYER
100
AcDbHatch
 10
0.0
 20
0.0
 30
0.0
210
0.0
220
0.0
230
1.0
  2
SOLID
 70
     1
 71
     0
 91
        1
 92
        7
 72
     0
 73
     1
 93
        4
 10
4.049326898653802
 20
-69.18610617221236
 10
5.849326898653795
 20
-69.18610617221236
 10
5.849326898653795
 20
-69.98610617221236
 10
4.049326898653802
 20
-69.98610617221236
 97
        1
330
2250
 75
     0
 76
     1
 47
0.412818
 98
        1
 10
34.90568961886538
 20
22.81183545379326
1001
ACAD
1010
0.0
1020
0.0
1030
0.0
  0
LWPOLYLINE
  5
2250
330
1F
100
AcDbEntity
  8
TOP-PASTE-MASK-LAYER
100
AcDbPolyline
 90
        4
 70
     1
 43
0.0
 10
4.049327
 20
-69.186106
 10
5.849327
 20
-69.186106
 10
5.849327
 20
-69.986106
 10
4.049327
 20
-69.986106
  0
HATCH
  5
2257
330
1F
100
AcDbEntity
  8
TOP-PASTE-MASK-LAYER
100
AcDbHatch
 10
0.0
 20
0.0
 30
0.0
210
0.0
220
0.0
230
1.0
  2
SOLID
 70
     1
 71
     0
 91
        1
 92
        7
 72
     0
 73
     1
 93
        4
 10
4.049326898653802
 20
-70.43604267208536
 10
5.849326898653795
 20
-70.43604267208536
 10
5.849326898653795
 20
-71.23604267208535
 10
4.049326898653802
 20
-71.23604267208535
 97
        1
330
2256
 75
     0
 76
     1
 47
0.412818
 98
        1
 10
34.90568961886538
 20
22.81183545379326
1001
ACAD
1010
0.0
1020
0.0
1030
0.0
  0
LWPOLYLINE
  5
2256
330
1F
100
AcDbEntity
  8
TOP-PASTE-MASK-LAYER
100
AcDbPolyline
 90
        4
 70
     1
 43
0.0
 10
4.049327
 20
-70.436043
 10
5.849327
 20
-70.436043
 10
5.849327
 20
-71.236043
 10
4.049327
 20
-71.236043
  0
HATCH
  5
2263
330
1F
100
AcDbEntity
  8
TOP-PASTE-MASK-LAYER
100
AcDbHatch
 10
0.0
 20
0.0
 30
0.0
210
0.0
220
0.0
230
1.0
  2
SOLID
 70
     1
 71
     0
 91
        1
 92
        7
 72
     0
 73
     1
 93
        4
 10
0.8666878333756806
 20
-63.63606807213615
 10
3.966687833375675
 20
-63.63606807213615
 10
3.966687833375675
 20
-65.43606807213615
 10
0.8666878333756806
 20
-65.43606807213615
 97
        1
330
2262
 75
     0
 76
     1
 47
0.412818
 98
        1
 10
34.90568961886538
 20
22.81183545379326
1001
ACAD
1010
0.0
1020
0.0
1030
0.0
  0
LWPOLYLINE
  5
2262
330
1F
100
AcDbEntity
  8
TOP-PASTE-MASK-LAYER
100
AcDbPolyline
 90
        4
 70
     1
 43
0.0
 10
0.866688
 20
-63.636068
 10
3.966688
 20
-63.636068
 10
3.966688
 20
-65.436068
 10
0.866688
 20
-65.436068
  0
HATCH
  5
2269
330
1F
100
AcDbEntity
  8
TOP-PASTE-MASK-LAYER
100
AcDbHatch
 10
0.0
 20
0.0
 30
0.0
210
0.0
220
0.0
230
1.0
  2
SOLID
 70
     1
 71
     0
 91
        1
 92
        7
 72
     0
 73
     1
 93
        4
 10
0.8666878333756661
 20
-72.48620777241555
 10
3.966687833375667
 20
-72.48620777241555
 10
3.966687833375667
 20
-74.28620777241555
 10
0.8666878333756661
 20
-74.28620777241555
 97
        1
330
2268
 75
     0
 76
     1
 47
0.412818
 98
        1
 10
34.90568961886538
 20
22.81183545379326
1001
ACAD
1010
0.0
1020
0.0
1030
0.0
  0
LWPOLYLINE
  5
2268
330
1F
100
AcDbEntity
  8
TOP-PASTE-MASK-LAYER
100
AcDbPolyline
 90
        4
 70
     1
 43
0.0
 10
0.866688
 20
-72.486208
 10
3.966688
 20
-72.486208
 10
3.966688
 20
-74.286208
 10
0.866688
 20
-74.286208
  0
HATCH
  5
2275
330
1F
100
AcDbEntity
  8
TOP-PASTE-MASK-LAYER
100
AcDbHatch
 10
0.0
 20
0.0
 30
0.0
210
0.0
220
0.0
230
1.0
  2
SOLID
 70
     1
 71
     0
 91
        1
 92
        7
 72
     0
 73
     1
 93
        4
 10
99.32504445008892
 20
-104.0278892557785
 10
99.32504445008892
 20
-102.2278892557785
 10
100.1250444500889
 20
-102.2278892557785
 10
100.1250444500889
 20
-104.0278892557785
 97
        1
330
2274
 75
     0
 76
     1
 47
0.412818
 98
        1
 10
34.90568961886538
 20
22.81183545379326
1001
ACAD
1010
0.0
1020
0.0
1030
0.0
  0
LWPOLYLINE
  5
2274
330
1F
100
AcDbEntity
  8
TOP-PASTE-MASK-LAYER
100
AcDbPolyline
 90
        4
 70
     1
 43
0.0
 10
99.325044
 20
-104.027889
 10
99.325044
 20
-102.227889
 10
100.125044
 20
-102.227889
 10
100.125044
 20
-104.027889
  0
HATCH
  5
2281
330
1F
100
AcDbEntity
  8
TOP-PASTE-MASK-LAYER
100
AcDbHatch
 10
0.0
 20
0.0
 30
0.0
210
0.0
220
0.0
230
1.0
  2
SOLID
 70
     1
 71
     0
 91
        1
 92
        7
 72
     0
 73
     1
 93
        4
 10
100.5752349504699
 20
-104.0278892557785
 10
100.5752349504699
 20
-102.2278892557785
 10
101.3752349504699
 20
-102.2278892557785
 10
101.3752349504699
 20
-104.0278892557785
 97
        1
330
2280
 75
     0
 76
     1
 47
0.412818
 98
        1
 10
34.90568961886538
 20
22.81183545379326
1001
ACAD
1010
0.0
1020
0.0
1030
0.0
  0
LWPOLYLINE
  5
2280
330
1F
100
AcDbEntity
  8
TOP-PASTE-MASK-LAYER
100
AcDbPolyline
 90
        4
 70
     1
 43
0.0
 10
100.575235
 20
-104.027889
 10
100.575235
 20
-102.227889
 10
101.375235
 20
-102.227889
 10
101.375235
 20
-104.027889
  0
HATCH
  5
2287
330
1F
100
AcDbEntity
  8
TOP-PASTE-MASK-LAYER
100
AcDbHatch
 10
0.0
 20
0.0
 30
0.0
210
0.0
220
0.0
230
1.0
  2
SOLID
 70
     1
 71
     0
 91
        1
 92
        7
 72
     0
 73
     1
 93
        4
 10
101.8251714503429
 20
-104.0278892557785
 10
101.8251714503429
 20
-102.2278892557785
 10
102.6251714503429
 20
-102.2278892557785
 10
102.6251714503429
 20
-104.0278892557785
 97
        1
330
2286
 75
     0
 76
     1
 47
0.412818
 98
        1
 10
34.90568961886538
 20
22.81183545379326
1001
ACAD
1010
0.0
1020
0.0
1030
0.0
  0
LWPOLYLINE
  5
2286
330
1F
100
AcDbEntity
  8
TOP-PASTE-MASK-LAYER
100
AcDbPolyline
 90
        4
 70
     1
 43
0.0
 10
101.825171
 20
-104.027889
 10
101.825171
 20
-102.227889
 10
102.625171
 20
-102.227889
 10
102.625171
 20
-104.027889
  0
HATCH
  5
2293
330
1F
100
AcDbEntity
  8
TOP-PASTE-MASK-LAYER
100
AcDbHatch
 10
0.0
 20
0.0
 30
0.0
210
0.0
220
0.0
230
1.0
  2
SOLID
 70
     1
 71
     0
 91
        1
 92
        7
 72
     0
 73
     1
 93
        4
 10
103.0751079502159
 20
-104.0278892557785
 10
103.0751079502159
 20
-102.2278892557785
 10
103.8751079502159
 20
-102.2278892557785
 10
103.8751079502159
 20
-104.0278892557785
 97
        1
330
2292
 75
     0
 76
     1
 47
0.412818
 98
        1
 10
34.90568961886538
 20
22.81183545379326
1001
ACAD
1010
0.0
1020
0.0
1030
0.0
  0
LWPOLYLINE
  5
2292
330
1F
100
AcDbEntity
  8
TOP-PASTE-MASK-LAYER
100
AcDbPolyline
 90
        4
 70
     1
 43
0.0
 10
103.075108
 20
-104.027889
 10
103.075108
 20
-102.227889
 10
103.875108
 20
-102.227889
 10
103.875108
 20
-104.027889
  0
HATCH
  5
2299
330
1F
100
AcDbEntity
  8
TOP-PASTE-MASK-LAYER
100
AcDbHatch
 10
0.0
 20
0.0
 30
0.0
210
0.0
220
0.0
230
1.0
  2
SOLID
 70
     1
 71
     0
 91
        1
 92
        7
 72
     0
 73
     1
 93
        4
 10
96.27513335026673
 20
-107.2105283210567
 10
96.27513335026673
 20
-104.1105283210567
 10
98.07513335026671
 20
-104.1105283210567
 10
98.07513335026671
 20
-107.2105283210567
 97
        1
330
2298
 75
     0
 76
     1
 47
0.412818
 98
        1
 10
34.90568961886538
 20
22.81183545379326
1001
ACAD
1010
0.0
1020
0.0
1030
0.0
  0
LWPOLYLINE
  5
2298
330
1F
100
AcDbEntity
  8
TOP-PASTE-MASK-LAYER
100
AcDbPolyline
 90
        4
 70
     1
 43
0.0
 10
96.275133
 20
-107.210528
 10
96.275133
 20
-104.110528
 10
98.075133
 20
-104.110528
 10
98.075133
 20
-107.210528
  0
HATCH
  5
2305
330
1F
100
AcDbEntity
  8
TOP-PASTE-MASK-LAYER
100
AcDbHatch
 10
0.0
 20
0.0
 30
0.0
210
0.0
220
0.0
230
1.0
  2
SOLID
 70
     1
 71
     0
 91
        1
 92
        7
 72
     0
 73
     1
 93
        4
 10
105.1252730505461
 20
-107.2105283210567
 10
105.1252730505461
 20
-104.1105283210567
 10
106.9252730505461
 20
-104.1105283210567
 10
106.9252730505461
 20
-107.2105283210567
 97
        1
330
2304
 75
     0
 76
     1
 47
0.412818
 98
        1
 10
34.90568961886538
 20
22.81183545379326
1001
ACAD
1010
0.0
1020
0.0
1030
0.0
  0
LWPOLYLINE
  5
2304
330
1F
100
AcDbEntity
  8
TOP-PASTE-MASK-LAYER
100
AcDbPolyline
 90
        4
 70
     1
 43
0.0
 10
105.125273
 20
-107.210528
 10
105.125273
 20
-104.110528
 10
106.925273
 20
-104.110528
 10
106.925273
 20
-107.210528
  0
HATCH
  5
2311
330
1F
100
AcDbEntity
  8
TOP-PASTE-MASK-LAYER
100
AcDbHatch
 10
0.0
 20
0.0
 30
0.0
210
0.0
220
0.0
230
1.0
  2
SOLID
 70
     1
 71
     0
 91
        1
 92
        7
 72
     0
 73
     1
 93
        4
 10
79.00500381000764
 20
-104.0278892557785
 10
79.00500381000764
 20
-102.2278892557785
 10
79.80500381000763
 20
-102.2278892557785
 10
79.80500381000763
 20
-104.0278892557785
 97
        1
330
2310
 75
     0
 76
     1
 47
0.412818
 98
        1
 10
34.90568961886538
 20
22.81183545379326
1001
ACAD
1010
0.0
1020
0.0
1030
0.0
  0
LWPOLYLINE
  5
2310
330
1F
100
AcDbEntity
  8
TOP-PASTE-MASK-LAYER
100
AcDbPolyline
 90
        4
 70
     1
 43
0.0
 10
79.005004
 20
-104.027889
 10
79.005004
 20
-102.227889
 10
79.805004
 20
-102.227889
 10
79.805004
 20
-104.027889
  0
HATCH
  5
2317
330
1F
100
AcDbEntity
  8
TOP-PASTE-MASK-LAYER
100
AcDbHatch
 10
0.0
 20
0.0
 30
0.0
210
0.0
220
0.0
230
1.0
  2
SOLID
 70
     1
 71
     0
 91
        1
 92
        7
 72
     0
 73
     1
 93
        4
 10
80.25519431038863
 20
-104.0278892557785
 10
80.25519431038863
 20
-102.2278892557785
 10
81.05519431038861
 20
-102.2278892557785
 10
81.05519431038861
 20
-104.0278892557785
 97
        1
330
2316
 75
     0
 76
     1
 47
0.412818
 98
        1
 10
34.90568961886538
 20
22.81183545379326
1001
ACAD
1010
0.0
1020
0.0
1030
0.0
  0
LWPOLYLINE
  5
2316
330
1F
100
AcDbEntity
  8
TOP-PASTE-MASK-LAYER
100
AcDbPolyline
 90
        4
 70
     1
 43
0.0
 10
80.255194
 20
-104.027889
 10
80.255194
 20
-102.227889
 10
81.055194
 20
-102.227889
 10
81.055194
 20
-104.027889
  0
HATCH
  5
2323
330
1F
100
AcDbEntity
  8
TOP-PASTE-MASK-LAYER
100
AcDbHatch
 10
0.0
 20
0.0
 30
0.0
210
0.0
220
0.0
230
1.0
  2
SOLID
 70
     1
 71
     0
 91
        1
 92
        7
 72
     0
 73
     1
 93
        4
 10
81.50513081026165
 20
-104.0278892557785
 10
81.50513081026165
 20
-102.2278892557785
 10
82.30513081026163
 20
-102.2278892557785
 10
82.30513081026163
 20
-104.0278892557785
 97
        1
330
2322
 75
     0
 76
     1
 47
0.412818
 98
        1
 10
34.90568961886538
 20
22.81183545379326
1001
ACAD
1010
0.0
1020
0.0
1030
0.0
  0
LWPOLYLINE
  5
2322
330
1F
100
AcDbEntity
  8
TOP-PASTE-MASK-LAYER
100
AcDbPolyline
 90
        4
 70
     1
 43
0.0
 10
81.505131
 20
-104.027889
 10
81.505131
 20
-102.227889
 10
82.305131
 20
-102.227889
 10
82.305131
 20
-104.027889
  0
HATCH
  5
2329
330
1F
100
AcDbEntity
  8
TOP-PASTE-MASK-LAYER
100
AcDbHatch
 10
0.0
 20
0.0
 30
0.0
210
0.0
220
0.0
230
1.0
  2
SOLID
 70
     1
 71
     0
 91
        1
 92
        7
 72
     0
 73
     1
 93
        4
 10
82.75506731013463
 20
-104.0278892557785
 10
82.75506731013463
 20
-102.2278892557785
 10
83.55506731013463
 20
-102.2278892557785
 10
83.55506731013463
 20
-104.0278892557785
 97
        1
330
2328
 75
     0
 76
     1
 47
0.412818
 98
        1
 10
34.90568961886538
 20
22.81183545379326
1001
ACAD
1010
0.0
1020
0.0
1030
0.0
  0
LWPOLYLINE
  5
2328
330
1F
100
AcDbEntity
  8
TOP-PASTE-MASK-LAYER
100
AcDbPolyline
 90
        4
 70
     1
 43
0.0
 10
82.755067
 20
-104.027889
 10
82.755067
 20
-102.227889
 10
83.555067
 20
-102.227889
 10
83.555067
 20
-104.027889
  0
HATCH
  5
2335
330
1F
100
AcDbEntity
  8
TOP-PASTE-MASK-LAYER
100
AcDbHatch
 10
0.0
 20
0.0
 30
0.0
210
0.0
220
0.0
230
1.0
  2
SOLID
 70
     1
 71
     0
 91
        1
 92
        7
 72
     0
 73
     1
 93
        4
 10
75.95509271018544
 20
-107.2105283210567
 10
75.95509271018544
 20
-104.1105283210567
 10
77.75509271018544
 20
-104.1105283210567
 10
77.75509271018544
 20
-107.2105283210567
 97
        1
330
2334
 75
     0
 76
     1
 47
0.412818
 98
        1
 10
34.90568961886538
 20
22.81183545379326
1001
ACAD
1010
0.0
1020
0.0
1030
0.0
  0
LWPOLYLINE
  5
2334
330
1F
100
AcDbEntity
  8
TOP-PASTE-MASK-LAYER
100
AcDbPolyline
 90
        4
 70
     1
 43
0.0
 10
75.955093
 20
-107.210528
 10
75.955093
 20
-104.110528
 10
77.755093
 20
-104.110528
 10
77.755093
 20
-107.210528
  0
HATCH
  5
2341
330
1F
100
AcDbEntity
  8
TOP-PASTE-MASK-LAYER
100
AcDbHatch
 10
0.0
 20
0.0
 30
0.0
210
0.0
220
0.0
230
1.0
  2
SOLID
 70
     1
 71
     0
 91
        1
 92
        7
 72
     0
 73
     1
 93
        4
 10
84.80523241046482
 20
-107.2105283210567
 10
84.80523241046482
 20
-104.1105283210567
 10
86.60523241046482
 20
-104.1105283210567
 10
86.60523241046482
 20
-107.2105283210567
 97
        1
330
2340
 75
     0
 76
     1
 47
0.412818
 98
        1
 10
34.90568961886538
 20
22.81183545379326
1001
ACAD
1010
0.0
1020
0.0
1030
0.0
  0
LWPOLYLINE
  5
2340
330
1F
100
AcDbEntity
  8
TOP-PASTE-MASK-LAYER
100
AcDbPolyline
 90
        4
 70
     1
 43
0.0
 10
84.805232
 20
-107.210528
 10
84.805232
 20
-104.110528
 10
86.605232
 20
-104.110528
 10
86.605232
 20
-107.210528
  0
HATCH
  5
2379
330
1F
100
AcDbEntity
  8
TOP-PASTE-MASK-LAYER
100
AcDbHatch
 10
0.0
 20
0.0
 30
0.0
210
0.0
220
0.0
230
1.0
  2
SOLID
 70
     1
 71
     0
 91
        1
 92
        7
 72
     0
 73
     1
 93
        4
 10
75.06414782829567
 20
-89.62915925831852
 10
72.76414782829566
 20
-89.62915925831852
 10
72.76414782829566
 20
-85.62915925831852
 10
75.06414782829567
 20
-85.62915925831852
 97
        1
330
2378
 75
     0
 76
     1
 47
0.412818
 98
        1
 10
34.90568961886538
 20
22.81183545379326
1001
ACAD
1010
0.0
1020
0.0
1030
0.0
  0
LWPOLYLINE
  5
2378
330
1F
100
AcDbEntity
  8
TOP-PASTE-MASK-LAYER
100
AcDbPolyline
 90
        4
 70
     1
 43
0.0
 10
75.064148
 20
-89.629159
 10
72.764148
 20
-89.629159
 10
72.764148
 20
-85.629159
 10
75.064148
 20
-85.629159
  0
HATCH
  5
2385
330
1F
100
AcDbEntity
  8
TOP-PASTE-MASK-LAYER
100
AcDbHatch
 10
0.0
 20
0.0
 30
0.0
210
0.0
220
0.0
230
1.0
  2
SOLID
 70
     1
 71
     0
 91
        1
 92
        7
 72
     0
 73
     1
 93
        4
 10
75.06414782829567
 20
-73.82915925831854
 10
72.76414782829566
 20
-73.82915925831854
 10
72.76414782829566
 20
-69.42915925831852
 10
75.06414782829567
 20
-69.42915925831852
 97
        1
330
2384
 75
     0
 76
     1
 47
0.412818
 98
        1
 10
34.90568961886538
 20
22.81183545379326
1001
ACAD
1010
0.0
1020
0.0
1030
0.0
  0
LWPOLYLINE
  5
2384
330
1F
100
AcDbEntity
  8
TOP-PASTE-MASK-LAYER
100
AcDbPolyline
 90
        4
 70
     1
 43
0.0
 10
75.064148
 20
-73.829159
 10
72.764148
 20
-73.829159
 10
72.764148
 20
-69.429159
 10
75.064148
 20
-69.429159
  0
HATCH
  5
2473
330
1F
100
AcDbEntity
  8
TOP-PASTE-MASK-LAYER
100
AcDbHatch
 10
0.0
 20
0.0
 30
0.0
210
0.0
220
0.0
230
1.0
  2
SOLID
 70
     1
 71
     0
 91
        1
 92
        7
 72
     1
 73
     1
 93
        2
 10
169.8382397764796
 20
-47.68498856997715
 42
1.0
 10
171.5382397764796
 20
-47.68498856997715
 42
1.0
 97
        1
330
0
 75
     0
 76
     1
 47
0.868144
 98
        1
 10
3.629517071192367
 20
33.92795499968543
1001
ACAD
1010
0.0
1020
0.0
1030
0.0
  0
LWPOLYLINE
  5
2474
330
1F
100
AcDbEntity
  8
TOP-PASTE-MASK-LAYER
100
AcDbPolyline
 90
        2
 70
     1
 43
0.0
 10
169.83824
 20
-47.684989
 42
1.0
 10
171.53824
 20
-47.684989
 42
1.0
  0
HATCH
  5
2503
330
1F
100
AcDbEntity
  8
TOP-PASTE-MASK-LAYER
100
AcDbHatch
 10
0.0
 20
0.0
 30
0.0
210
0.0
220
0.0
230
1.0
  2
SOLID
 70
     1
 71
     0
 91
        1
 92
        7
 72
     1
 73
     1
 93
        2
 10
169.8382397764796
 20
-50.18511557023115
 42
1.0
 10
171.5382397764796
 20
-50.18511557023115
 42
1.0
 97
        1
330
0
 75
     0
 76
     1
 47
0.868144
 98
        1
 10
3.629517071192367
 20
33.92795499968543
1001
ACAD
1010
0.0
1020
0.0
1030
0.0
  0
LWPOLYLINE
  5
2504
330
1F
100
AcDbEntity
  8
TOP-PASTE-MASK-LAYER
100
AcDbPolyline
 90
        2
 70
     1
 43
0.0
 10
169.83824
 20
-50.185116
 42
1.0
 10
171.53824
 20
-50.185116
 42
1.0
  0
HATCH
  5
2533
330
1F
100
AcDbEntity
  8
TOP-PASTE-MASK-LAYER
100
AcDbHatch
 10
0.0
 20
0.0
 30
0.0
210
0.0
220
0.0
230
1.0
  2
SOLID
 70
     1
 71
     0
 91
        1
 92
        7
 72
     1
 73
     1
 93
        2
 10
169.8382397764796
 20
-52.68498856997714
 42
1.0
 10
171.5382397764796
 20
-52.68498856997714
 42
1.0
 97
        1
330
0
 75
     0
 76
     1
 47
0.868144
 98
        1
 10
3.629517071192367
 20
33.92795499968543
1001
ACAD
1010
0.0
1020
0.0
1030
0.0
  0
LWPOLYLINE
  5
2534
330
1F
100
AcDbEntity
  8
TOP-PASTE-MASK-LAYER
100
AcDbPolyline
 90
        2
 70
     1
 43
0.0
 10
169.83824
 20
-52.684989
 42
1.0
 10
171.53824
 20
-52.684989
 42
1.0
  0
HATCH
  5
2563
330
1F
100
AcDbEntity
  8
TOP-PASTE-MASK-LAYER
100
AcDbHatch
 10
0.0
 20
0.0
 30
0.0
210
0.0
220
0.0
230
1.0
  2
SOLID
 70
     1
 71
     0
 91
        1
 92
        7
 72
     1
 73
     1
 93
        2
 10
169.8382397764796
 20
-55.18511557023115
 42
1.0
 10
171.5382397764796
 20
-55.18511557023115
 42
1.0
 97
        1
330
0
 75
     0
 76
     1
 47
0.868144
 98
        1
 10
3.629517071192367
 20
33.92795499968543
1001
ACAD
1010
0.0
1020
0.0
1030
0.0
  0
LWPOLYLINE
  5
2564
330
1F
100
AcDbEntity
  8
TOP-PASTE-MASK-LAYER
100
AcDbPolyline
 90
        2
 70
     1
 43
0.0
 10
169.83824
 20
-55.185116
 42
1.0
 10
171.53824
 20
-55.185116
 42
1.0
  0
HATCH
  5
2587
330
1F
100
AcDbEntity
  8
TOP-PASTE-MASK-LAYER
100
AcDbHatch
 10
0.0
 20
0.0
 30
0.0
210
0.0
220
0.0
230
1.0
  2
SOLID
 70
     1
 71
     0
 91
        1
 92
        7
 72
     0
 73
     1
 93
        4
 10
172.8473456946914
 20
-70.19113538227077
 10
171.3233426466853
 20
-70.19113538227077
 10
171.3233426466853
 20
-68.66713233426466
 10
172.8473456946914
 20
-68.66713233426466
 97
        1
330
2586
 75
     0
 76
     1
 47
0.412818
 98
        1
 10
34.90568961886538
 20
22.81183545379326
1001
ACAD
1010
0.0
1020
0.0
1030
0.0
  0
LWPOLYLINE
  5
2586
330
1F
100
AcDbEntity
  8
TOP-PASTE-MASK-LAYER
100
AcDbPolyline
 90
        4
 70
     1
 43
0.0
 10
172.847346
 20
-70.191135
 10
171.323343
 20
-70.191135
 10
171.323343
 20
-68.667132
 10
172.847346
 20
-68.667132
  0
HATCH
  5
2614
330
1F
100
AcDbEntity
  8
TOP-PASTE-MASK-LAYER
100
AcDbHatch
 10
0.0
 20
0.0
 30
0.0
210
0.0
220
0.0
230
1.0
  2
SOLID
 70
     1
 71
     0
 91
        1
 92
        7
 72
     1
 73
     1
 93
        2
 10
171.3233426466853
 20
-66.92900685801372
 42
1.0
 10
172.8473456946914
 20
-66.92900685801372
 42
1.0
 97
        1
330
0
 75
     0
 76
     1
 47
0.868144
 98
        1
 10
3.629517071192367
 20
33.92795499968543
1001
ACAD
1010
0.0
1020
0.0
1030
0.0
  0
LWPOLYLINE
  5
2615
330
1F
100
AcDbEntity
  8
TOP-PASTE-MASK-LAYER
100
AcDbPolyline
 90
        2
 70
     1
 43
0.0
 10
171.323343
 20
-66.929007
 42
1.0
 10
172.847346
 20
-66.929007
 42
1.0
  0
HATCH
  5
2644
330
1F
100
AcDbEntity
  8
TOP-PASTE-MASK-LAYER
100
AcDbHatch
 10
0.0
 20
0.0
 30
0.0
210
0.0
220
0.0
230
1.0
  2
SOLID
 70
     1
 71
     0
 91
        1
 92
        7
 72
     1
 73
     1
 93
        2
 10
171.3233426466853
 20
-64.42913385826773
 42
1.0
 10
172.8473456946914
 20
-64.42913385826773
 42
1.0
 97
        1
330
0
 75
     0
 76
     1
 47
0.868144
 98
        1
 10
3.629517071192367
 20
33.92795499968543
1001
ACAD
1010
0.0
1020
0.0
1030
0.0
  0
LWPOLYLINE
  5
2645
330
1F
100
AcDbEntity
  8
TOP-PASTE-MASK-LAYER
100
AcDbPolyline
 90
        2
 70
     1
 43
0.0
 10
171.323343
 20
-64.429134
 42
1.0
 10
172.847346
 20
-64.429134
 42
1.0
  0
HATCH
  5
2772
330
1F
100
AcDbEntity
  8
TOP-PASTE-MASK-LAYER
100
AcDbHatch
 10
0.0
 20
0.0
 30
0.0
210
0.0
220
0.0
230
1.0
  2
SOLID
 70
     1
 71
     0
 91
        1
 92
        7
 72
     0
 73
     1
 93
        4
 10
137.1982727965456
 20
-100.4192024384049
 10
137.1982727965456
 20
-102.0192024384049
 10
135.5982727965456
 20
-102.0192024384049
 10
135.5982727965456
 20
-100.4192024384049
 97
        1
330
2771
 75
     0
 76
     1
 47
0.412818
 98
        1
 10
34.90568961886538
 20
22.81183545379326
1001
ACAD
1010
0.0
1020
0.0
1030
0.0
  0
LWPOLYLINE
  5
2771
330
1F
100
AcDbEntity
  8
TOP-PASTE-MASK-LAYER
100
AcDbPolyline
 90
        4
 70
     1
 43
0.0
 10
137.198273
 20
-100.419202
 10
137.198273
 20
-102.019202
 10
135.598273
 20
-102.019202
 10
135.598273
 20
-100.419202
  0
HATCH
  5
2799
330
1F
100
AcDbEntity
  8
TOP-PASTE-MASK-LAYER
100
AcDbHatch
 10
0.0
 20
0.0
 30
0.0
210
0.0
220
0.0
230
1.0
  2
SOLID
 70
     1
 71
     0
 91
        1
 92
        7
 72
     1
 73
     1
 93
        2
 10
135.5982727965456
 20
-98.67919735839473
 42
1.0
 10
137.1982727965456
 20
-98.67919735839473
 42
1.0
 97
        1
330
0
 75
     0
 76
     1
 47
0.868144
 98
        1
 10
3.629517071192367
 20
33.92795499968543
1001
ACAD
1010
0.0
1020
0.0
1030
0.0
  0
LWPOLYLINE
  5
2800
330
1F
100
AcDbEntity
  8
TOP-PASTE-MASK-LAYER
100
AcDbPolyline
 90
        4
 70
     0
 43
0.0
 10
135.598273
 20
-98.679197
 42
1.0
 10
137.198273
 20
-98.679197
 10
137.198273
 20
-98.679197
 42
1.0
 10
135.598273
 20
-98.679197
  0
HATCH
  5
2829
330
1F
100
AcDbEntity
  8
TOP-PASTE-MASK-LAYER
100
AcDbHatch
 10
0.0
 20
0.0
 30
0.0
210
0.0
220
0.0
230
1.0
  2
SOLID
 70
     1
 71
     0
 91
        1
 92
        7
 72
     1
 73
     1
 93
        2
 10
135.5982727965456
 20
-96.13919227838457
 42
1.0
 10
137.1982727965456
 20
-96.13919227838457
 42
1.0
 97
        1
330
0
 75
     0
 76
     1
 47
0.868144
 98
        1
 10
3.629517071192367
 20
33.92795499968543
1001
ACAD
1010
0.0
1020
0.0
1030
0.0
  0
LWPOLYLINE
  5
2830
330
1F
100
AcDbEntity
  8
TOP-PASTE-MASK-LAYER
100
AcDbPolyline
 90
        4
 70
     0
 43
0.0
 10
135.598273
 20
-96.139192
 42
1.0
 10
137.198273
 20
-96.139192
 10
137.198273
 20
-96.139192
 42
1.0
 10
135.598273
 20
-96.139192
  0
HATCH
  5
2859
330
1F
100
AcDbEntity
  8
TOP-PASTE-MASK-LAYER
100
AcDbHatch
 10
0.0
 20
0.0
 30
0.0
210
0.0
220
0.0
230
1.0
  2
SOLID
 70
     1
 71
     0
 91
        1
 92
        7
 72
     1
 73
     1
 93
        2
 10
135.5982727965456
 20
-93.59918719837441
 42
1.0
 10
137.1982727965456
 20
-93.59918719837441
 42
1.0
 97
        1
330
0
 75
     0
 76
     1
 47
0.868144
 98
        1
 10
3.629517071192367
 20
33.92795499968543
1001
ACAD
1010
0.0
1020
0.0
1030
0.0
  0
LWPOLYLINE
  5
2860
330
1F
100
AcDbEntity
  8
TOP-PASTE-MASK-LAYER
100
AcDbPolyline
 90
        4
 70
     0
 43
0.0
 10
135.598273
 20
-93.599187
 42
1.0
 10
137.198273
 20
-93.599187
 10
137.198273
 20
-93.599187
 42
1.0
 10
135.598273
 20
-93.599187
  0
HATCH
  5
2889
330
1F
100
AcDbEntity
  8
TOP-PASTE-MASK-LAYER
100
AcDbHatch
 10
0.0
 20
0.0
 30
0.0
210
0.0
220
0.0
230
1.0
  2
SOLID
 70
     1
 71
     0
 91
        1
 92
        7
 72
     1
 73
     1
 93
        2
 10
135.5982727965456
 20
-91.05918211836425
 42
1.0
 10
137.1982727965456
 20
-91.05918211836425
 42
1.0
 97
        1
330
0
 75
     0
 76
     1
 47
0.868144
 98
        1
 10
3.629517071192367
 20
33.92795499968543
1001
ACAD
1010
0.0
1020
0.0
1030
0.0
  0
LWPOLYLINE
  5
2890
330
1F
100
AcDbEntity
  8
TOP-PASTE-MASK-LAYER
100
AcDbPolyline
 90
        4
 70
     0
 43
0.0
 10
135.598273
 20
-91.059182
 42
1.0
 10
137.198273
 20
-91.059182
 10
137.198273
 20
-91.059182
 42
1.0
 10
135.598273
 20
-91.059182
  0
HATCH
  5
2919
330
1F
100
AcDbEntity
  8
TOP-PASTE-MASK-LAYER
100
AcDbHatch
 10
0.0
 20
0.0
 30
0.0
210
0.0
220
0.0
230
1.0
  2
SOLID
 70
     1
 71
     0
 91
        1
 92
        7
 72
     1
 73
     1
 93
        2
 10
135.5982727965456
 20
-88.51917703835409
 42
1.0
 10
137.1982727965456
 20
-88.51917703835409
 42
1.0
 97
        1
330
0
 75
     0
 76
     1
 47
0.868144
 98
        1
 10
3.629517071192367
 20
33.92795499968543
1001
ACAD
1010
0.0
1020
0.0
1030
0.0
  0
LWPOLYLINE
  5
2920
330
1F
100
AcDbEntity
  8
TOP-PASTE-MASK-LAYER
100
AcDbPolyline
 90
        4
 70
     0
 43
0.0
 10
135.598273
 20
-88.519177
 42
1.0
 10
137.198273
 20
-88.519177
 10
137.198273
 20
-88.519177
 42
1.0
 10
135.598273
 20
-88.519177
  0
HATCH
  5
2949
330
1F
100
AcDbEntity
  8
TOP-PASTE-MASK-LAYER
100
AcDbHatch
 10
0.0
 20
0.0
 30
0.0
210
0.0
220
0.0
230
1.0
  2
SOLID
 70
     1
 71
     0
 91
        1
 92
        7
 72
     1
 73
     1
 93
        2
 10
115.2782321564643
 20
-88.51917703835409
 42
1.0
 10
116.8782321564643
 20
-88.51917703835409
 42
1.0
 97
        1
330
0
 75
     0
 76
     1
 47
0.868144
 98
        1
 10
3.629517071192367
 20
33.92795499968543
1001
ACAD
1010
0.0
1020
0.0
1030
0.0
  0
LWPOLYLINE
  5
2950
330
1F
100
AcDbEntity
  8
TOP-PASTE-MASK-LAYER
100
AcDbPolyline
 90
        2
 70
     1
 43
0.0
 10
115.278232
 20
-88.519177
 42
1.0
 10
116.878232
 20
-88.519177
 42
1.0
  0
HATCH
  5
2979
330
1F
100
AcDbEntity
  8
TOP-PASTE-MASK-LAYER
100
AcDbHatch
 10
0.0
 20
0.0
 30
0.0
210
0.0
220
0.0
230
1.0
  2
SOLID
 70
     1
 71
     0
 91
        1
 92
        7
 72
     1
 73
     1
 93
        2
 10
115.2782321564643
 20
-91.05918211836425
 42
1.0
 10
116.8782321564643
 20
-91.05918211836425
 42
1.0
 97
        1
330
0
 75
     0
 76
     1
 47
0.868144
 98
        1
 10
3.629517071192367
 20
33.92795499968543
1001
ACAD
1010
0.0
1020
0.0
1030
0.0
  0
LWPOLYLINE
  5
2980
330
1F
100
AcDbEntity
  8
TOP-PASTE-MASK-LAYER
100
AcDbPolyline
 90
        2
 70
     1
 43
0.0
 10
115.278232
 20
-91.059182
 42
1.0
 10
116.878232
 20
-91.059182
 42
1.0
  0
HATCH
  5
3009
330
1F
100
AcDbEntity
  8
TOP-PASTE-MASK-LAYER
100
AcDbHatch
 10
0.0
 20
0.0
 30
0.0
210
0.0
220
0.0
230
1.0
  2
SOLID
 70
     1
 71
     0
 91
        1
 92
        7
 72
     1
 73
     1
 93
        2
 10
115.2782321564643
 20
-93.59918719837441
 42
1.0
 10
116.8782321564643
 20
-93.59918719837441
 42
1.0
 97
        1
330
0
 75
     0
 76
     1
 47
0.868144
 98
        1
 10
3.629517071192367
 20
33.92795499968543
1001
ACAD
1010
0.0
1020
0.0
1030
0.0
  0
LWPOLYLINE
  5
3010
330
1F
100
AcDbEntity
  8
TOP-PASTE-MASK-LAYER
100
AcDbPolyline
 90
        2
 70
     1
 43
0.0
 10
115.278232
 20
-93.599187
 42
1.0
 10
116.878232
 20
-93.599187
 42
1.0
  0
HATCH
  5
3039
330
1F
100
AcDbEntity
  8
TOP-PASTE-MASK-LAYER
100
AcDbHatch
 10
0.0
 20
0.0
 30
0.0
210
0.0
220
0.0
230
1.0
  2
SOLID
 70
     1
 71
     0
 91
        1
 92
        7
 72
     1
 73
     1
 93
        2
 10
115.2782321564643
 20
-96.13919227838457
 42
1.0
 10
116.8782321564643
 20
-96.13919227838457
 42
1.0
 97
        1
330
0
 75
     0
 76
     1
 47
0.868144
 98
        1
 10
3.629517071192367
 20
33.92795499968543
1001
ACAD
1010
0.0
1020
0.0
1030
0.0
  0
LWPOLYLINE
  5
3040
330
1F
100
AcDbEntity
  8
TOP-PASTE-MASK-LAYER
100
AcDbPolyline
 90
        2
 70
     1
 43
0.0
 10
115.278232
 20
-96.139192
 42
1.0
 10
116.878232
 20
-96.139192
 42
1.0
  0
HATCH
  5
3069
330
1F
100
AcDbEntity
  8
TOP-PASTE-MASK-LAYER
100
AcDbHatch
 10
0.0
 20
0.0
 30
0.0
210
0.0
220
0.0
230
1.0
  2
SOLID
 70
     1
 71
     0
 91
        1
 92
        7
 72
     1
 73
     1
 93
        2
 10
115.2782321564643
 20
-98.67919735839473
 42
1.0
 10
116.8782321564643
 20
-98.67919735839473
 42
1.0
 97
        1
330
0
 75
     0
 76
     1
 47
0.868144
 98
        1
 10
3.629517071192367
 20
33.92795499968543
1001
ACAD
1010
0.0
1020
0.0
1030
0.0
  0
LWPOLYLINE
  5
3070
330
1F
100
AcDbEntity
  8
TOP-PASTE-MASK-LAYER
100
AcDbPolyline
 90
        2
 70
     1
 43
0.0
 10
115.278232
 20
-98.679197
 42
1.0
 10
116.878232
 20
-98.679197
 42
1.0
  0
HATCH
  5
3099
330
1F
100
AcDbEntity
  8
TOP-PASTE-MASK-LAYER
100
AcDbHatch
 10
0.0
 20
0.0
 30
0.0
210
0.0
220
0.0
230
1.0
  2
SOLID
 70
     1
 71
     0
 91
        1
 92
        7
 72
     1
 73
     1
 93
        2
 10
115.2782321564643
 20
-101.2192024384049
 42
1.0
 10
116.8782321564643
 20
-101.2192024384049
 42
1.0
 97
        1
330
0
 75
     0
 76
     1
 47
0.868144
 98
        1
 10
3.629517071192367
 20
33.92795499968543
1001
ACAD
1010
0.0
1020
0.0
1030
0.0
  0
LWPOLYLINE
  5
3100
330
1F
100
AcDbEntity
  8
TOP-PASTE-MASK-LAYER
100
AcDbPolyline
 90
        2
 70
     1
 43
0.0
 10
115.278232
 20
-101.219202
 42
1.0
 10
116.878232
 20
-101.219202
 42
1.0
  0
HATCH
  5
3129
330
1F
100
AcDbEntity
  8
TOP-PASTE-MASK-LAYER
100
AcDbHatch
 10
0.0
 20
0.0
 30
0.0
210
0.0
220
0.0
230
1.0
  2
SOLID
 70
     1
 71
     0
 91
        1
 92
        7
 72
     1
 73
     1
 93
        2
 10
11.06609093218187
 20
-103.251206502413
 42
1.0
 10
12.86609093218187
 20
-103.251206502413
 42
1.0
 97
        1
330
0
 75
     0
 76
     1
 47
0.868144
 98
        1
 10
3.629517071192367
 20
33.92795499968543
1001
ACAD
1010
0.0
1020
0.0
1030
0.0
  0
LWPOLYLINE
  5
3130
330
1F
100
AcDbEntity
  8
TOP-PASTE-MASK-LAYER
100
AcDbPolyline
 90
        2
 70
     1
 43
0.0
 10
11.066091
 20
-103.251207
 42
1.0
 10
12.866091
 20
-103.251207
 42
1.0
  0
HATCH
  5
3159
330
1F
100
AcDbEntity
  8
TOP-PASTE-MASK-LAYER
100
AcDbHatch
 10
0.0
 20
0.0
 30
0.0
210
0.0
220
0.0
230
1.0
  2
SOLID
 70
     1
 71
     0
 91
        1
 92
        7
 72
     1
 73
     1
 93
        2
 10
14.56596393192786
 20
-103.251206502413
 42
1.0
 10
16.36596393192787
 20
-103.251206502413
 42
1.0
 97
        1
330
0
 75
     0
 76
     1
 47
0.868144
 98
        1
 10
3.629517071192367
 20
33.92795499968543
1001
ACAD
1010
0.0
1020
0.0
1030
0.0
  0
LWPOLYLINE
  5
3160
330
1F
100
AcDbEntity
  8
TOP-PASTE-MASK-LAYER
100
AcDbPolyline
 90
        2
 70
     1
 43
0.0
 10
14.565964
 20
-103.251207
 42
1.0
 10
16.365964
 20
-103.251207
 42
1.0
  0
HATCH
  5
3249
330
1F
100
AcDbEntity
  8
TOP-PASTE-MASK-LAYER
100
AcDbHatch
 10
0.0
 20
0.0
 30
0.0
210
0.0
220
0.0
230
1.0
  2
SOLID
 70
     1
 71
     0
 91
        1
 92
        7
 72
     1
 73
     1
 93
        2
 10
10.22103124206249
 20
-83.43916687833376
 42
1.0
 10
12.22103124206249
 20
-83.43916687833376
 42
1.0
 97
        1
330
0
 75
     0
 76
     1
 47
0.868144
 98
        1
 10
3.629517071192367
 20
33.92795499968543
1001
ACAD
1010
0.0
1020
0.0
1030
0.0
  0
LWPOLYLINE
  5
3250
330
1F
100
AcDbEntity
  8
TOP-PASTE-MASK-LAYER
100
AcDbPolyline
 90
        4
 70
     0
 43
0.0
 10
10.221031
 20
-83.439167
 42
1.0
 10
12.221031
 20
-83.439167
 10
12.221031
 20
-83.439167
 42
1.0
 10
10.221031
 20
-83.439167
  0
HATCH
  5
3279
330
1F
100
AcDbEntity
  8
TOP-PASTE-MASK-LAYER
100
AcDbHatch
 10
0.0
 20
0.0
 30
0.0
210
0.0
220
0.0
230
1.0
  2
SOLID
 70
     1
 71
     0
 91
        1
 92
        7
 72
     1
 73
     1
 93
        2
 10
31.72115824231648
 20
-83.43916687833376
 42
1.0
 10
33.72115824231648
 20
-83.43916687833376
 42
1.0
 97
        1
330
0
 75
     0
 76
     1
 47
0.868144
 98
        1
 10
3.629517071192367
 20
33.92795499968543
1001
ACAD
1010
0.0
1020
0.0
1030
0.0
  0
LWPOLYLINE
  5
3280
330
1F
100
AcDbEntity
  8
TOP-PASTE-MASK-LAYER
100
AcDbPolyline
 90
        2
 70
     1
 43
0.0
 10
31.721158
 20
-83.439167
 42
1.0
 10
33.721158
 20
-83.439167
 42
1.0
  0
HATCH
  5
3309
330
1F
100
AcDbEntity
  8
TOP-PASTE-MASK-LAYER
100
AcDbHatch
 10
0.0
 20
0.0
 30
0.0
210
0.0
220
0.0
230
1.0
  2
SOLID
 70
     1
 71
     0
 91
        1
 92
        7
 72
     1
 73
     1
 93
        2
 10
152.9973075946152
 20
-59.81711963423928
 42
1.0
 10
154.5973075946152
 20
-59.81711963423928
 42
1.0
 97
        1
330
0
 75
     0
 76
     1
 47
0.868144
 98
        1
 10
3.629517071192367
 20
33.92795499968543
1001
ACAD
1010
0.0
1020
0.0
1030
0.0
  0
LWPOLYLINE
  5
3310
330
1F
100
AcDbEntity
  8
TOP-PASTE-MASK-LAYER
100
AcDbPolyline
 90
        4
 70
     0
 43
0.0
 10
152.997308
 20
-59.81712
 42
1.0
 10
154.597308
 20
-59.81712
 10
154.597308
 20
-59.81712
 42
1.0
 10
152.997308
 20
-59.81712
  0
HATCH
  5
3339
330
1F
100
AcDbEntity
  8
TOP-PASTE-MASK-LAYER
100
AcDbHatch
 10
0.0
 20
0.0
 30
0.0
210
0.0
220
0.0
230
1.0
  2
SOLID
 70
     1
 71
     0
 91
        1
 92
        7
 72
     1
 73
     1
 93
        2
 10
150.457302514605
 20
-59.81711963423928
 42
1.0
 10
152.0573025146051
 20
-59.81711963423928
 42
1.0
 97
        1
330
0
 75
     0
 76
     1
 47
0.868144
 98
        1
 10
3.629517071192367
 20
33.92795499968543
1001
ACAD
1010
0.0
1020
0.0
1030
0.0
  0
LWPOLYLINE
  5
3340
330
1F
100
AcDbEntity
  8
TOP-PASTE-MASK-LAYER
100
AcDbPolyline
 90
        4
 70
     0
 43
0.0
 10
150.457303
 20
-59.81712
 42
1.0
 10
152.057303
 20
-59.81712
 10
152.057303
 20
-59.81712
 42
1.0
 10
150.457303
 20
-59.81712
  0
HATCH
  5
3363
330
1F
100
AcDbEntity
  8
TOP-PASTE-MASK-LAYER
100
AcDbHatch
 10
0.0
 20
0.0
 30
0.0
210
0.0
220
0.0
230
1.0
  2
SOLID
 70
     1
 71
     0
 91
        1
 92
        7
 72
     0
 73
     1
 93
        4
 10
147.9298958597917
 20
-60.61711963423927
 10
147.9298958597917
 20
-59.01711963423928
 10
149.5046990093981
 20
-59.01711963423928
 10
149.5046990093981
 20
-60.61711963423927
 97
        1
330
3362
 75
     0
 76
     1
 47
0.412818
 98
        1
 10
34.90568961886538
 20
22.81183545379326
1001
ACAD
1010
0.0
1020
0.0
1030
0.0
  0
LWPOLYLINE
  5
3362
330
1F
100
AcDbEntity
  8
TOP-PASTE-MASK-LAYER
100
AcDbPolyline
 90
        4
 70
     1
 43
0.0
 10
147.929896
 20
-60.61712
 10
147.929896
 20
-59.01712
 10
149.504699
 20
-59.01712
 10
149.504699
 20
-60.61712
  0
HATCH
  5
3390
330
1F
100
AcDbEntity
  8
TOP-PASTE-MASK-LAYER
100
AcDbHatch
 10
0.0
 20
0.0
 30
0.0
210
0.0
220
0.0
230
1.0
  2
SOLID
 70
     1
 71
     0
 91
        1
 92
        7
 72
     1
 73
     1
 93
        2
 10
11.68315976631953
 20
-94.48818897637797
 42
1.0
 10
14.08315976631954
 20
-94.48818897637797
 42
1.0
 97
        1
330
0
 75
     0
 76
     1
 47
0.868144
 98
        1
 10
3.629517071192367
 20
33.92795499968543
1001
ACAD
1010
0.0
1020
0.0
1030
0.0
  0
LWPOLYLINE
  5
3391
330
1F
100
AcDbEntity
  8
TOP-PASTE-MASK-LAYER
100
AcDbPolyline
 90
        2
 70
     1
 43
0.0
 10
11.68316
 20
-94.488189
 42
1.0
 10
14.08316
 20
-94.488189
 42
1.0
  0
HATCH
  5
3414
330
1F
100
AcDbEntity
  8
TOP-PASTE-MASK-LAYER
100
AcDbHatch
 10
0.0
 20
0.0
 30
0.0
210
0.0
220
0.0
230
1.0
  2
SOLID
 70
     1
 71
     0
 91
        1
 92
        7
 72
     0
 73
     1
 93
        4
 10
21.08290576581153
 20
-93.38818897637798
 10
21.08290576581153
 20
-95.58818897637796
 10
18.68290576581153
 20
-95.58818897637796
 10
18.68290576581153
 20
-93.38818897637798
 97
        1
330
3413
 75
     0
 76
     1
 47
0.412818
 98
        1
 10
34.90568961886538
 20
22.81183545379326
1001
ACAD
1010
0.0
1020
0.0
1030
0.0
  0
LWPOLYLINE
  5
3413
330
1F
100
AcDbEntity
  8
TOP-PASTE-MASK-LAYER
100
AcDbPolyline
 90
        4
 70
     1
 43
0.0
 10
21.082906
 20
-93.388189
 10
21.082906
 20
-95.588189
 10
18.682906
 20
-95.588189
 10
18.682906
 20
-93.388189
  0
HATCH
  5
3441
330
1F
100
AcDbEntity
  8
TOP-PASTE-MASK-LAYER
100
AcDbHatch
 10
0.0
 20
0.0
 30
0.0
210
0.0
220
0.0
230
1.0
  2
SOLID
 70
     1
 71
     0
 91
        1
 92
        7
 72
     1
 73
     1
 93
        2
 10
15.18303276606553
 20
-94.48818897637797
 42
1.0
 10
17.58303276606553
 20
-94.48818897637797
 42
1.0
 97
        1
330
0
 75
     0
 76
     1
 47
0.868144
 98
        1
 10
3.629517071192367
 20
33.92795499968543
1001
ACAD
1010
0.0
1020
0.0
1030
0.0
  0
LWPOLYLINE
  5
3442
330
1F
100
AcDbEntity
  8
TOP-PASTE-MASK-LAYER
100
AcDbPolyline
 90
        2
 70
     1
 43
0.0
 10
15.183033
 20
-94.488189
 42
1.0
 10
17.583033
 20
-94.488189
 42
1.0
  0
HATCH
  5
3495
330
1F
100
AcDbEntity
  8
TOP-PASTE-MASK-LAYER
100
AcDbHatch
 10
0.0
 20
0.0
 30
0.0
210
0.0
220
0.0
230
1.0
  2
SOLID
 70
     1
 71
     0
 91
        1
 92
        7
 72
     1
 73
     1
 93
        2
 10
16.78803403606807
 20
-66.29413258826519
 42
1.0
 10
19.78803911607823
 20
-66.29413258826519
 42
1.0
 97
        1
330
0
 75
     0
 76
     1
 47
0.868144
 98
        1
 10
3.629517071192367
 20
33.92795499968543
1001
ACAD
1010
0.0
1020
0.0
1030
0.0
  0
LWPOLYLINE
  5
3496
330
1F
100
AcDbEntity
  8
TOP-PASTE-MASK-LAYER
100
AcDbPolyline
 90
        2
 70
     1
 43
0.0
 10
16.788034
 20
-66.294133
 42
1.0
 10
19.788039
 20
-66.294133
 42
1.0
  0
HATCH
  5
3525
330
1F
100
AcDbEntity
  8
TOP-PASTE-MASK-LAYER
100
AcDbHatch
 10
0.0
 20
0.0
 30
0.0
210
0.0
220
0.0
230
1.0
  2
SOLID
 70
     1
 71
     0
 91
        1
 92
        7
 72
     1
 73
     1
 93
        2
 10
29.48805943611887
 20
-66.29413258826519
 42
1.0
 10
32.48806451612904
 20
-66.29413258826519
 42
1.0
 97
        1
330
0
 75
     0
 76
     1
 47
0.868144
 98
        1
 10
3.629517071192367
 20
33.92795499968543
1001
ACAD
1010
0.0
1020
0.0
1030
0.0
  0
LWPOLYLINE
  5
3526
330
1F
100
AcDbEntity
  8
TOP-PASTE-MASK-LAYER
100
AcDbPolyline
 90
        2
 70
     1
 43
0.0
 10
29.488059
 20
-66.294133
 42
1.0
 10
32.488065
 20
-66.294133
 42
1.0
  0
HATCH
  5
3555
330
1F
100
AcDbEntity
  8
TOP-PASTE-MASK-LAYER
100
AcDbHatch
 10
0.0
 20
0.0
 30
0.0
210
0.0
220
0.0
230
1.0
  2
SOLID
 70
     1
 71
     0
 91
        1
 92
        7
 72
     1
 73
     1
 93
        2
 10
37.10807467614936
 20
-66.29413258826519
 42
1.0
 10
40.10807975615951
 20
-66.29413258826519
 42
1.0
 97
        1
330
0
 75
     0
 76
     1
 47
0.868144
 98
        1
 10
3.629517071192367
 20
33.92795499968543
1001
ACAD
1010
0.0
1020
0.0
1030
0.0
  0
LWPOLYLINE
  5
3556
330
1F
100
AcDbEntity
  8
TOP-PASTE-MASK-LAYER
100
AcDbPolyline
 90
        4
 70
     0
 43
0.0
 10
37.108075
 20
-66.294133
 42
1.0
 10
40.10808
 20
-66.294133
 10
40.10808
 20
-66.294133
 42
1.0
 10
37.108075
 20
-66.294133
  0
HATCH
  5
3585
330
1F
100
AcDbEntity
  8
TOP-PASTE-MASK-LAYER
100
AcDbHatch
 10
0.0
 20
0.0
 30
0.0
210
0.0
220
0.0
230
1.0
  2
SOLID
 70
     1
 71
     0
 91
        1
 92
        7
 72
     1
 73
     1
 93
        2
 10
37.10807467614936
 20
-35.81407162814326
 42
1.0
 10
40.10807975615951
 20
-35.81407162814326
 42
1.0
 97
        1
330
0
 75
     0
 76
     1
 47
0.868144
 98
        1
 10
3.629517071192367
 20
33.92795499968543
1001
ACAD
1010
0.0
1020
0.0
1030
0.0
  0
LWPOLYLINE
  5
3586
330
1F
100
AcDbEntity
  8
TOP-PASTE-MASK-LAYER
100
AcDbPolyline
 90
        4
 70
     0
 43
0.0
 10
37.108075
 20
-35.814072
 42
1.0
 10
40.10808
 20
-35.814072
 10
40.10808
 20
-35.814072
 42
1.0
 10
37.108075
 20
-35.814072
  0
HATCH
  5
3615
330
1F
100
AcDbEntity
  8
TOP-PASTE-MASK-LAYER
100
AcDbHatch
 10
0.0
 20
0.0
 30
0.0
210
0.0
220
0.0
230
1.0
  2
SOLID
 70
     1
 71
     0
 91
        1
 92
        7
 72
     1
 73
     1
 93
        2
 10
29.78155956311913
 20
-35.81407162814326
 42
1.0
 10
32.19456438912878
 20
-35.81407162814326
 42
1.0
 97
        1
330
0
 75
     0
 76
     1
 47
0.868144
 98
        1
 10
3.629517071192367
 20
33.92795499968543
1001
ACAD
1010
0.0
1020
0.0
1030
0.0
  0
LWPOLYLINE
  5
3616
330
1F
100
AcDbEntity
  8
TOP-PASTE-MASK-LAYER
100
AcDbPolyline
 90
        2
 70
     1
 43
0.0
 10
29.78156
 20
-35.814072
 42
1.0
 10
32.194564
 20
-35.814072
 42
1.0
  0
HATCH
  5
3645
330
1F
100
AcDbEntity
  8
TOP-PASTE-MASK-LAYER
100
AcDbHatch
 10
0.0
 20
0.0
 30
0.0
210
0.0
220
0.0
230
1.0
  2
SOLID
 70
     1
 71
     0
 91
        1
 92
        7
 72
     1
 73
     1
 93
        2
 10
16.78803403606807
 20
-35.81407162814326
 42
1.0
 10
19.78803911607823
 20
-35.81407162814326
 42
1.0
 97
        1
330
0
 75
     0
 76
     1
 47
0.868144
 98
        1
 10
3.629517071192367
 20
33.92795499968543
1001
ACAD
1010
0.0
1020
0.0
1030
0.0
  0
LWPOLYLINE
  5
3646
330
1F
100
AcDbEntity
  8
TOP-PASTE-MASK-LAYER
100
AcDbPolyline
 90
        2
 70
     1
 43
0.0
 10
16.788034
 20
-35.814072
 42
1.0
 10
19.788039
 20
-35.814072
 42
1.0
  0
HATCH
  5
3675
330
1F
100
AcDbEntity
  8
TOP-PASTE-MASK-LAYER
100
AcDbHatch
 10
0.0
 20
0.0
 30
0.0
210
0.0
220
0.0
230
1.0
  2
SOLID
 70
     1
 71
     0
 91
        1
 92
        7
 72
     1
 73
     1
 93
        2
 10
27.29805435610872
 20
-35.81407162814326
 42
1.0
 10
29.59805943611888
 20
-35.81407162814326
 42
1.0
 97
        1
330
0
 75
     0
 76
     1
 47
0.868144
 98
        1
 10
3.629517071192367
 20
33.92795499968543
1001
ACAD
1010
0.0
1020
0.0
1030
0.0
  0
LWPOLYLINE
  5
3676
330
1F
100
AcDbEntity
  8
TOP-PASTE-MASK-LAYER
100
AcDbPolyline
 90
        4
 70
     0
 43
0.0
 10
27.298054
 20
-35.814072
 42
1.0
 10
29.598059
 20
-35.814072
 10
29.598059
 20
-35.814072
 42
1.0
 10
27.298054
 20
-35.814072
  0
HATCH
  5
3781
330
1F
100
AcDbEntity
  8
TOP-PASTE-MASK-LAYER
100
AcDbHatch
 10
0.0
 20
0.0
 30
0.0
210
0.0
220
0.0
230
1.0
  2
SOLID
 70
     1
 71
     0
 91
        1
 92
        7
 72
     0
 73
     1
 93
        4
 10
58.68496316992635
 20
-104.0278892557785
 10
58.68496316992635
 20
-102.2278892557785
 10
59.48496316992635
 20
-102.2278892557785
 10
59.48496316992635
 20
-104.0278892557785
 97
        1
330
3780
 75
     0
 76
     1
 47
0.412818
 98
        1
 10
34.90568961886538
 20
22.81183545379326
1001
ACAD
1010
0.0
1020
0.0
1030
0.0
  0
LWPOLYLINE
  5
3780
330
1F
100
AcDbEntity
  8
TOP-PASTE-MASK-LAYER
100
AcDbPolyline
 90
        4
 70
     1
 43
0.0
 10
58.684963
 20
-104.027889
 10
58.684963
 20
-102.227889
 10
59.484963
 20
-102.227889
 10
59.484963
 20
-104.027889
  0
HATCH
  5
3787
330
1F
100
AcDbEntity
  8
TOP-PASTE-MASK-LAYER
100
AcDbHatch
 10
0.0
 20
0.0
 30
0.0
210
0.0
220
0.0
230
1.0
  2
SOLID
 70
     1
 71
     0
 91
        1
 92
        7
 72
     0
 73
     1
 93
        4
 10
59.93515367030734
 20
-104.0278892557785
 10
59.93515367030734
 20
-102.2278892557785
 10
60.73515367030735
 20
-102.2278892557785
 10
60.73515367030735
 20
-104.0278892557785
 97
        1
330
3786
 75
     0
 76
     1
 47
0.412818
 98
        1
 10
34.90568961886538
 20
22.81183545379326
1001
ACAD
1010
0.0
1020
0.0
1030
0.0
  0
LWPOLYLINE
  5
3786
330
1F
100
AcDbEntity
  8
TOP-PASTE-MASK-LAYER
100
AcDbPolyline
 90
        4
 70
     1
 43
0.0
 10
59.935154
 20
-104.027889
 10
59.935154
 20
-102.227889
 10
60.735154
 20
-102.227889
 10
60.735154
 20
-104.027889
  0
HATCH
  5
3793
330
1F
100
AcDbEntity
  8
TOP-PASTE-MASK-LAYER
100
AcDbHatch
 10
0.0
 20
0.0
 30
0.0
210
0.0
220
0.0
230
1.0
  2
SOLID
 70
     1
 71
     0
 91
        1
 92
        7
 72
     0
 73
     1
 93
        4
 10
61.18509017018035
 20
-104.0278892557785
 10
61.18509017018035
 20
-102.2278892557785
 10
61.98509017018035
 20
-102.2278892557785
 10
61.98509017018035
 20
-104.0278892557785
 97
        1
330
3792
 75
     0
 76
     1
 47
0.412818
 98
        1
 10
34.90568961886538
 20
22.81183545379326
1001
ACAD
1010
0.0
1020
0.0
1030
0.0
  0
LWPOLYLINE
  5
3792
330
1F
100
AcDbEntity
  8
TOP-PASTE-MASK-LAYER
100
AcDbPolyline
 90
        4
 70
     1
 43
0.0
 10
61.18509
 20
-104.027889
 10
61.18509
 20
-102.227889
 10
61.98509
 20
-102.227889
 10
61.98509
 20
-104.027889
  0
HATCH
  5
3799
330
1F
100
AcDbEntity
  8
TOP-PASTE-MASK-LAYER
100
AcDbHatch
 10
0.0
 20
0.0
 30
0.0
210
0.0
220
0.0
230
1.0
  2
SOLID
 70
     1
 71
     0
 91
        1
 92
        7
 72
     0
 73
     1
 93
        4
 10
62.43502667005334
 20
-104.0278892557785
 10
62.43502667005334
 20
-102.2278892557785
 10
63.23502667005335
 20
-102.2278892557785
 10
63.23502667005335
 20
-104.0278892557785
 97
        1
330
3798
 75
     0
 76
     1
 47
0.412818
 98
        1
 10
34.90568961886538
 20
22.81183545379326
1001
ACAD
1010
0.0
1020
0.0
1030
0.0
  0
LWPOLYLINE
  5
3798
330
1F
100
AcDbEntity
  8
TOP-PASTE-MASK-LAYER
100
AcDbPolyline
 90
        4
 70
     1
 43
0.0
 10
62.435027
 20
-104.027889
 10
62.435027
 20
-102.227889
 10
63.235027
 20
-102.227889
 10
63.235027
 20
-104.027889
  0
HATCH
  5
3805
330
1F
100
AcDbEntity
  8
TOP-PASTE-MASK-LAYER
100
AcDbHatch
 10
0.0
 20
0.0
 30
0.0
210
0.0
220
0.0
230
1.0
  2
SOLID
 70
     1
 71
     0
 91
        1
 92
        7
 72
     0
 73
     1
 93
        4
 10
55.63505207010414
 20
-107.2105283210567
 10
55.63505207010414
 20
-104.1105283210567
 10
57.43505207010414
 20
-104.1105283210567
 10
57.43505207010414
 20
-107.2105283210567
 97
        1
330
3804
 75
     0
 76
     1
 47
0.412818
 98
        1
 10
34.90568961886538
 20
22.81183545379326
1001
ACAD
1010
0.0
1020
0.0
1030
0.0
  0
LWPOLYLINE
  5
3804
330
1F
100
AcDbEntity
  8
TOP-PASTE-MASK-LAYER
100
AcDbPolyline
 90
        4
 70
     1
 43
0.0
 10
55.635052
 20
-107.210528
 10
55.635052
 20
-104.110528
 10
57.435052
 20
-104.110528
 10
57.435052
 20
-107.210528
  0
HATCH
  5
3811
330
1F
100
AcDbEntity
  8
TOP-PASTE-MASK-LAYER
100
AcDbHatch
 10
0.0
 20
0.0
 30
0.0
210
0.0
220
0.0
230
1.0
  2
SOLID
 70
     1
 71
     0
 91
        1
 92
        7
 72
     0
 73
     1
 93
        4
 10
64.48519177038355
 20
-107.2105283210567
 10
64.48519177038355
 20
-104.1105283210567
 10
66.28519177038353
 20
-104.1105283210567
 10
66.28519177038353
 20
-107.2105283210567
 97
        1
330
3810
 75
     0
 76
     1
 47
0.412818
 98
        1
 10
34.90568961886538
 20
22.81183545379326
1001
ACAD
1010
0.0
1020
0.0
1030
0.0
  0
LWPOLYLINE
  5
3810
330
1F
100
AcDbEntity
  8
TOP-PASTE-MASK-LAYER
100
AcDbPolyline
 90
        4
 70
     1
 43
0.0
 10
64.485192
 20
-107.210528
 10
64.485192
 20
-104.110528
 10
66.285192
 20
-104.110528
 10
66.285192
 20
-107.210528
  0
LWPOLYLINE
  5
1051
330
1F
100
AcDbEntity
  8
TOP-ASSEMBLY-LAYER
100
AcDbPolyline
 90
        4
 70
     1
 43
0.254001
 10
41.783084
 20
-68.961138
 10
15.875032
 20
-68.961138
 10
15.875032
 20
-33.401067
 10
41.783084
 20
-33.401067
  0
LWPOLYLINE
  5
4401
330
1F
100
AcDbEntity
  8
TOP-ASSEMBLY-LAYER
100
AcDbPolyline
 90
        4
 70
     1
 43
0.254001
 10
41.783084
 20
-68.961138
 10
15.875032
 20
-68.961138
 10
15.875032
 20
-33.401067
 10
41.783084
 20
-33.401067
  0
LWPOLYLINE
  5
1044
330
1F
100
AcDbEntity
  8
BOARD-OUTLINE-LAYER
100
AcDbPolyline
 90
        8
 70
     1
 43
0.254001
 10
1.48345
 20
-103.016758
 10
1.48345
 20
-2.016558
 42
-0.414
 10
4.983458
 20
1.48345
 10
178.983806
 20
1.48345
 42
-0.414
 10
182.483813
 20
-2.016558
 10
182.483813
 20
-103.016758
 42
-0.414
 10
178.983806
 20
-106.516766
 10
4.983458
 20
-106.516766
 42
-0.414
  0
HATCH
  5
1053
330
1F
100
AcDbEntity
  8
MULTI-LAYER
100
AcDbHatch
 10
0.0
 20
0.0
 30
0.0
210
0.0
220
0.0
230
1.0
  2
SOLID
 70
     1
 71
     0
 91
        1
 92
        7
 72
     1
 73
     1
 93
        2
 10
2.00000508001016
 20
-3.50000762001524
 42
1.0
 10
5.00001016002032
 20
-3.50000762001524
 42
1.0
 97
        1
330
0
 75
     0
 76
     1
 47
0.868144
 98
        1
 10
3.629517071192367
 20
33.92795499968543
1001
ACAD
1010
0.0
1020
0.0
1030
0.0
  0
LWPOLYLINE
  5
1054
330
1F
100
AcDbEntity
  8
MULTI-LAYER
100
AcDbPolyline
 90
        2
 70
     1
 43
0.645163
 10
2.000005
 20
-3.500008
 42
1.0
 10
5.00001
 20
-3.500008
 42
1.0
  0
HATCH
  5
1056
330
1F
100
AcDbEntity
  8
MULTI-LAYER
100
AcDbHatch
 10
0.0
 20
0.0
 30
0.0
210
0.0
220
0.0
230
1.0
  2
SOLID
 70
     1
 71
     0
 91
        1
 92
        7
 72
     1
 73
     1
 93
        2
 10
172.5003454406909
 20
-104.5002082804166
 42
1.0
 10
175.5003505207011
 20
-104.5002082804166
 42
1.0
 97
        1
330
0
 75
     0
 76
     1
 47
0.868144
 98
        1
 10
3.629517071192367
 20
33.92795499968543
1001
ACAD
1010
0.0
1020
0.0
1030
0.0
  0
LWPOLYLINE
  5
1057
330
1F
100
AcDbEntity
  8
MULTI-LAYER
100
AcDbPolyline
 90
        2
 70
     1
 43
0.645163
 10
172.500345
 20
-104.500208
 42
1.0
 10
175.500351
 20
-104.500208
 42
1.0
  0
HATCH
  5
1059
330
1F
100
AcDbEntity
  8
MULTI-LAYER
100
AcDbHatch
 10
0.0
 20
0.0
 30
0.0
210
0.0
220
0.0
230
1.0
  2
SOLID
 70
     1
 71
     0
 91
        1
 92
        7
 72
     1
 73
     1
 93
        2
 10
2.00000508001016
 20
-104.5002082804166
 42
1.0
 10
5.00001016002032
 20
-104.5002082804166
 42
1.0
 97
        1
330
0
 75
     0
 76
     1
 47
0.868144
 98
        1
 10
3.629517071192367
 20
33.92795499968543
1001
ACAD
1010
0.0
1020
0.0
1030
0.0
  0
LWPOLYLINE
  5
1060
330
1F
100
AcDbEntity
  8
MULTI-LAYER
100
AcDbPolyline
 90
        2
 70
     1
 43
0.645163
 10
2.000005
 20
-104.500208
 42
1.0
 10
5.00001
 20
-104.500208
 42
1.0
  0
HATCH
  5
1062
330
1F
100
AcDbEntity
  8
MULTI-LAYER
100
AcDbHatch
 10
0.0
 20
0.0
 30
0.0
210
0.0
220
0.0
230
1.0
  2
SOLID
 70
     1
 71
     0
 91
        1
 92
        7
 72
     1
 73
     1
 93
        2
 10
172.5003454406909
 20
-3.50000762001524
 42
1.0
 10
175.5003505207011
 20
-3.50000762001524
 42
1.0
 97
        1
330
0
 75
     0
 76
     1
 47
0.868144
 98
        1
 10
3.629517071192367
 20
33.92795499968543
1001
ACAD
1010
0.0
1020
0.0
1030
0.0
  0
LWPOLYLINE
  5
1063
330
1F
100
AcDbEntity
  8
MULTI-LAYER
100
AcDbPolyline
 90
        2
 70
     1
 43
0.645163
 10
172.500345
 20
-3.500008
 42
1.0
 10
175.500351
 20
-3.500008
 42
1.0
  0
HATCH
  5
1065
330
1F
100
AcDbEntity
  8
MULTI-LAYER
100
AcDbHatch
 10
0.0
 20
0.0
 30
0.0
210
0.0
220
0.0
230
1.0
  2
ANSI37
 70
     0
 71
     0
 91
        1
 92
        7
 72
     1
 73
     1
 93
        2
 10
0.5000025400050796
 20
-3.50000762001524
 42
1.0
 10
6.500012700025401
 20
-3.50000762001524
 42
1.0
 97
        1
330
0
 75
     0
 76
     1
 52
0.0
 41
1.0
 77
     0
 78
     2
 53
45.0
 43
0.0
 44
0.0
 45
-2.245064030267287
 46
2.245064030267288
 79
     0
 53
135.0
 43
0.0
 44
0.0
 45
-2.245064030267287
 46
-2.245064030267288
 79
     0
 47
0.868144
 98
        1
 10
3.629517071192367
 20
33.92795499968543
1001
ACAD
1010
0.0
1020
0.0
1030
0.0
  0
LWPOLYLINE
  5
1066
102
{ACAD_REACTORS
330
4911
102
}
330
1F
100
AcDbEntity
  8
MULTI-LAYER
100
AcDbPolyline
 90
        2
 70
     1
 43
0.129033
 10
0.500003
 20
-3.500008
 42
1.0
 10
6.500013
 20
-3.500008
 42
1.0
  0
HATCH
  5
1068
330
1F
100
AcDbEntity
  8
MULTI-LAYER
100
AcDbHatch
 10
0.0
 20
0.0
 30
0.0
210
0.0
220
0.0
230
1.0
  2
ANSI37
 70
     0
 71
     0
 91
        1
 92
        7
 72
     1
 73
     1
 93
        2
 10
0.5000025400050796
 20
-104.5002082804166
 42
1.0
 10
6.500012700025401
 20
-104.5002082804166
 42
1.0
 97
        1
330
0
 75
     0
 76
     1
 52
0.0
 41
1.0
 77
     0
 78
     2
 53
45.0
 43
0.0
 44
0.0
 45
-2.245064030267287
 46
2.245064030267288
 79
     0
 53
135.0
 43
0.0
 44
0.0
 45
-2.245064030267287
 46
-2.245064030267288
 79
     0
 47
0.868144
 98
        1
 10
3.629517071192367
 20
33.92795499968543
1001
ACAD
1010
0.0
1020
0.0
1030
0.0
  0
LWPOLYLINE
  5
1069
330
1F
100
AcDbEntity
  8
MULTI-LAYER
100
AcDbPolyline
 90
        2
 70
     1
 43
0.129033
 10
0.500003
 20
-104.500208
 42
1.0
 10
6.500013
 20
-104.500208
 42
1.0
  0
HATCH
  5
1071
330
1F
100
AcDbEntity
  8
MULTI-LAYER
100
AcDbHatch
 10
0.0
 20
0.0
 30
0.0
210
0.0
220
0.0
230
1.0
  2
ANSI37
 70
     0
 71
     0
 91
        1
 92
        7
 72
     1
 73
     1
 93
        2
 10
171.0003429006858
 20
-104.5002082804166
 42
1.0
 10
177.0003530607061
 20
-104.5002082804166
 42
1.0
 97
        1
330
0
 75
     0
 76
     1
 52
0.0
 41
1.0
 77
     0
 78
     2
 53
45.0
 43
0.0
 44
0.0
 45
-2.245064030267287
 46
2.245064030267288
 79
     0
 53
135.0
 43
0.0
 44
0.0
 45
-2.245064030267287
 46
-2.245064030267288
 79
     0
 47
0.868144
 98
        1
 10
3.629517071192367
 20
33.92795499968543
1001
ACAD
1010
0.0
1020
0.0
1030
0.0
  0
LWPOLYLINE
  5
1072
330
1F
100
AcDbEntity
  8
MULTI-LAYER
100
AcDbPolyline
 90
        4
 70
     0
 43
0.129033
 10
171.000343
 20
-104.500208
 42
1.0
 10
177.000353
 20
-104.500208
 10
177.000353
 20
-104.500208
 42
1.0
 10
171.000343
 20
-104.500208
  0
HATCH
  5
1074
330
1F
100
AcDbEntity
  8
MULTI-LAYER
100
AcDbHatch
 10
0.0
 20
0.0
 30
0.0
210
0.0
220
0.0
230
1.0
  2
ANSI37
 70
     0
 71
     0
 91
        1
 92
        7
 72
     1
 73
     1
 93
        2
 10
171.0003429006858
 20
-3.50000762001524
 42
1.0
 10
177.0003530607061
 20
-3.50000762001524
 42
1.0
 97
        1
330
0
 75
     0
 76
     1
 52
0.0
 41
1.0
 77
     0
 78
     2
 53
45.0
 43
0.0
 44
0.0
 45
-2.245064030267287
 46
2.245064030267288
 79
     0
 53
135.0
 43
0.0
 44
0.0
 45
-2.245064030267287
 46
-2.245064030267288
 79
     0
 47
0.868144
 98
        1
 10
3.629517071192367
 20
33.92795499968543
1001
ACAD
1010
0.0
1020
0.0
1030
0.0
  0
LWPOLYLINE
  5
1075
102
{ACAD_REACTORS
330
4911
102
}
330
1F
100
AcDbEntity
  8
MULTI-LAYER
100
AcDbPolyline
 90
        4
 70
     0
 43
0.129033
 10
171.000343
 20
-3.500008
 42
1.0
 10
177.000353
 20
-3.500008
 10
177.000353
 20
-3.500008
 42
1.0
 10
171.000343
 20
-3.500008
  0
HATCH
  5
1082
330
1F
100
AcDbEntity
  8
MULTI-LAYER
100
AcDbHatch
 10
0.0
 20
0.0
 30
0.0
210
0.0
220
0.0
230
1.0
  2
SOLID
 70
     1
 71
     0
 91
        1
 92
        7
 72
     1
 73
     1
 93
        2
 10
73.16413512827027
 20
-83.22910845821693
 42
1.0
 10
74.66416052832106
 20
-83.22910845821693
 42
1.0
 97
        1
330
0
 75
     0
 76
     1
 47
0.868144
 98
        1
 10
3.629517071192367
 20
33.92795499968543
1001
ACAD
1010
0.0
1020
0.0
1030
0.0
  0
LWPOLYLINE
  5
1083
330
1F
100
AcDbEntity
  8
MULTI-LAYER
100
AcDbPolyline
 90
        2
 70
     1
 43
0.645163
 10
73.164135
 20
-83.229108
 42
1.0
 10
74.664161
 20
-83.229108
 42
1.0
  0
HATCH
  5
1085
330
1F
100
AcDbEntity
  8
MULTI-LAYER
100
AcDbHatch
 10
0.0
 20
0.0
 30
0.0
210
0.0
220
0.0
230
1.0
  2
SOLID
 70
     1
 71
     0
 91
        1
 92
        7
 72
     1
 73
     1
 93
        2
 10
73.16413512827027
 20
-75.72923545847092
 42
1.0
 10
74.66416052832106
 20
-75.72923545847092
 42
1.0
 97
        1
330
0
 75
     0
 76
     1
 47
0.868144
 98
        1
 10
3.629517071192367
 20
33.92795499968543
1001
ACAD
1010
0.0
1020
0.0
1030
0.0
  0
LWPOLYLINE
  5
1086
330
1F
100
AcDbEntity
  8
MULTI-LAYER
100
AcDbPolyline
 90
        2
 70
     1
 43
0.645163
 10
73.164135
 20
-75.729235
 42
1.0
 10
74.664161
 20
-75.729235
 42
1.0
  0
HATCH
  5
2461
330
1F
100
AcDbEntity
  8
MULTI-LAYER
100
AcDbHatch
 10
0.0
 20
0.0
 30
0.0
210
0.0
220
0.0
230
1.0
  2
SOLID
 70
     1
 71
     0
 91
        1
 92
        7
 72
     1
 73
     1
 93
        2
 10
169.8382397764796
 20
-47.68498856997715
 42
1.0
 10
171.5382397764796
 20
-47.68498856997715
 42
1.0
 97
        1
330
0
 75
     0
 76
     1
 47
0.868144
 98
        1
 10
3.629517071192367
 20
33.92795499968543
1001
ACAD
1010
0.0
1020
0.0
1030
0.0
  0
LWPOLYLINE
  5
2462
330
1F
100
AcDbEntity
  8
MULTI-LAYER
100
AcDbPolyline
 90
        2
 70
     1
 43
0.0
 10
169.83824
 20
-47.684989
 42
1.0
 10
171.53824
 20
-47.684989
 42
1.0
  0
HATCH
  5
2464
330
1F
100
AcDbEntity
  8
MULTI-LAYER
100
AcDbHatch
 10
0.0
 20
0.0
 30
0.0
210
0.0
220
0.0
230
1.0
  2
SOLID
 70
     1
 71
     0
 91
        1
 92
        7
 72
     1
 73
     1
 93
        2
 10
169.8382397764796
 20
-47.68498856997715
 42
1.0
 10
171.5382397764796
 20
-47.68498856997715
 42
1.0
 97
        1
330
0
 75
     0
 76
     1
 47
0.868144
 98
        1
 10
3.629517071192367
 20
33.92795499968543
1001
ACAD
1010
0.0
1020
0.0
1030
0.0
  0
LWPOLYLINE
  5
2465
330
1F
100
AcDbEntity
  8
MULTI-LAYER
100
AcDbPolyline
 90
        2
 70
     1
 43
0.0
 10
169.83824
 20
-47.684989
 42
1.0
 10
171.53824
 20
-47.684989
 42
1.0
  0
HATCH
  5
2467
330
1F
100
AcDbEntity
  8
MULTI-LAYER
100
AcDbHatch
 10
0.0
 20
0.0
 30
0.0
210
0.0
220
0.0
230
1.0
  2
SOLID
 70
     1
 71
     0
 91
        1
 92
        7
 72
     1
 73
     1
 93
        2
 10
169.8382397764796
 20
-47.68498856997715
 42
1.0
 10
171.5382397764796
 20
-47.68498856997715
 42
1.0
 97
        1
330
0
 75
     0
 76
     1
 47
0.868144
 98
        1
 10
3.629517071192367
 20
33.92795499968543
1001
ACAD
1010
0.0
1020
0.0
1030
0.0
  0
LWPOLYLINE
  5
2468
330
1F
100
AcDbEntity
  8
MULTI-LAYER
100
AcDbPolyline
 90
        2
 70
     1
 43
0.0
 10
169.83824
 20
-47.684989
 42
1.0
 10
171.53824
 20
-47.684989
 42
1.0
  0
HATCH
  5
2491
330
1F
100
AcDbEntity
  8
MULTI-LAYER
100
AcDbHatch
 10
0.0
 20
0.0
 30
0.0
210
0.0
220
0.0
230
1.0
  2
SOLID
 70
     1
 71
     0
 91
        1
 92
        7
 72
     1
 73
     1
 93
        2
 10
169.8382397764796
 20
-50.18511557023115
 42
1.0
 10
171.5382397764796
 20
-50.18511557023115
 42
1.0
 97
        1
330
0
 75
     0
 76
     1
 47
0.868144
 98
        1
 10
3.629517071192367
 20
33.92795499968543
1001
ACAD
1010
0.0
1020
0.0
1030
0.0
  0
LWPOLYLINE
  5
2492
330
1F
100
AcDbEntity
  8
MULTI-LAYER
100
AcDbPolyline
 90
        2
 70
     1
 43
0.0
 10
169.83824
 20
-50.185116
 42
1.0
 10
171.53824
 20
-50.185116
 42
1.0
  0
HATCH
  5
2494
330
1F
100
AcDbEntity
  8
MULTI-LAYER
100
AcDbHatch
 10
0.0
 20
0.0
 30
0.0
210
0.0
220
0.0
230
1.0
  2
SOLID
 70
     1
 71
     0
 91
        1
 92
        7
 72
     1
 73
     1
 93
        2
 10
169.8382397764796
 20
-50.18511557023115
 42
1.0
 10
171.5382397764796
 20
-50.18511557023115
 42
1.0
 97
        1
330
0
 75
     0
 76
     1
 47
0.868144
 98
        1
 10
3.629517071192367
 20
33.92795499968543
1001
ACAD
1010
0.0
1020
0.0
1030
0.0
  0
LWPOLYLINE
  5
2495
330
1F
100
AcDbEntity
  8
MULTI-LAYER
100
AcDbPolyline
 90
        2
 70
     1
 43
0.0
 10
169.83824
 20
-50.185116
 42
1.0
 10
171.53824
 20
-50.185116
 42
1.0
  0
HATCH
  5
2497
330
1F
100
AcDbEntity
  8
MULTI-LAYER
100
AcDbHatch
 10
0.0
 20
0.0
 30
0.0
210
0.0
220
0.0
230
1.0
  2
SOLID
 70
     1
 71
     0
 91
        1
 92
        7
 72
     1
 73
     1
 93
        2
 10
169.8382397764796
 20
-50.18511557023115
 42
1.0
 10
171.5382397764796
 20
-50.18511557023115
 42
1.0
 97
        1
330
0
 75
     0
 76
     1
 47
0.868144
 98
        1
 10
3.629517071192367
 20
33.92795499968543
1001
ACAD
1010
0.0
1020
0.0
1030
0.0
  0
LWPOLYLINE
  5
2498
330
1F
100
AcDbEntity
  8
MULTI-LAYER
100
AcDbPolyline
 90
        2
 70
     1
 43
0.0
 10
169.83824
 20
-50.185116
 42
1.0
 10
171.53824
 20
-50.185116
 42
1.0
  0
HATCH
  5
2521
330
1F
100
AcDbEntity
  8
MULTI-LAYER
100
AcDbHatch
 10
0.0
 20
0.0
 30
0.0
210
0.0
220
0.0
230
1.0
  2
SOLID
 70
     1
 71
     0
 91
        1
 92
        7
 72
     1
 73
     1
 93
        2
 10
169.8382397764796
 20
-52.68498856997714
 42
1.0
 10
171.5382397764796
 20
-52.68498856997714
 42
1.0
 97
        1
330
0
 75
     0
 76
     1
 47
0.868144
 98
        1
 10
3.629517071192367
 20
33.92795499968543
1001
ACAD
1010
0.0
1020
0.0
1030
0.0
  0
LWPOLYLINE
  5
2522
330
1F
100
AcDbEntity
  8
MULTI-LAYER
100
AcDbPolyline
 90
        2
 70
     1
 43
0.0
 10
169.83824
 20
-52.684989
 42
1.0
 10
171.53824
 20
-52.684989
 42
1.0
  0
HATCH
  5
2524
330
1F
100
AcDbEntity
  8
MULTI-LAYER
100
AcDbHatch
 10
0.0
 20
0.0
 30
0.0
210
0.0
220
0.0
230
1.0
  2
SOLID
 70
     1
 71
     0
 91
        1
 92
        7
 72
     1
 73
     1
 93
        2
 10
169.8382397764796
 20
-52.68498856997714
 42
1.0
 10
171.5382397764796
 20
-52.68498856997714
 42
1.0
 97
        1
330
0
 75
     0
 76
     1
 47
0.868144
 98
        1
 10
3.629517071192367
 20
33.92795499968543
1001
ACAD
1010
0.0
1020
0.0
1030
0.0
  0
LWPOLYLINE
  5
2525
330
1F
100
AcDbEntity
  8
MULTI-LAYER
100
AcDbPolyline
 90
        2
 70
     1
 43
0.0
 10
169.83824
 20
-52.684989
 42
1.0
 10
171.53824
 20
-52.684989
 42
1.0
  0
HATCH
  5
2527
330
1F
100
AcDbEntity
  8
MULTI-LAYER
100
AcDbHatch
 10
0.0
 20
0.0
 30
0.0
210
0.0
220
0.0
230
1.0
  2
SOLID
 70
     1
 71
     0
 91
        1
 92
        7
 72
     1
 73
     1
 93
        2
 10
169.8382397764796
 20
-52.68498856997714
 42
1.0
 10
171.5382397764796
 20
-52.68498856997714
 42
1.0
 97
        1
330
0
 75
     0
 76
     1
 47
0.868144
 98
        1
 10
3.629517071192367
 20
33.92795499968543
1001
ACAD
1010
0.0
1020
0.0
1030
0.0
  0
LWPOLYLINE
  5
2528
330
1F
100
AcDbEntity
  8
MULTI-LAYER
100
AcDbPolyline
 90
        2
 70
     1
 43
0.0
 10
169.83824
 20
-52.684989
 42
1.0
 10
171.53824
 20
-52.684989
 42
1.0
  0
HATCH
  5
2551
330
1F
100
AcDbEntity
  8
MULTI-LAYER
100
AcDbHatch
 10
0.0
 20
0.0
 30
0.0
210
0.0
220
0.0
230
1.0
  2
SOLID
 70
     1
 71
     0
 91
        1
 92
        7
 72
     1
 73
     1
 93
        2
 10
169.8382397764796
 20
-55.18511557023115
 42
1.0
 10
171.5382397764796
 20
-55.18511557023115
 42
1.0
 97
        1
330
0
 75
     0
 76
     1
 47
0.868144
 98
        1
 10
3.629517071192367
 20
33.92795499968543
1001
ACAD
1010
0.0
1020
0.0
1030
0.0
  0
LWPOLYLINE
  5
2552
330
1F
100
AcDbEntity
  8
MULTI-LAYER
100
AcDbPolyline
 90
        2
 70
     1
 43
0.0
 10
169.83824
 20
-55.185116
 42
1.0
 10
171.53824
 20
-55.185116
 42
1.0
  0
HATCH
  5
2554
330
1F
100
AcDbEntity
  8
MULTI-LAYER
100
AcDbHatch
 10
0.0
 20
0.0
 30
0.0
210
0.0
220
0.0
230
1.0
  2
SOLID
 70
     1
 71
     0
 91
        1
 92
        7
 72
     1
 73
     1
 93
        2
 10
169.8382397764796
 20
-55.18511557023115
 42
1.0
 10
171.5382397764796
 20
-55.18511557023115
 42
1.0
 97
        1
330
0
 75
     0
 76
     1
 47
0.868144
 98
        1
 10
3.629517071192367
 20
33.92795499968543
1001
ACAD
1010
0.0
1020
0.0
1030
0.0
  0
LWPOLYLINE
  5
2555
330
1F
100
AcDbEntity
  8
MULTI-LAYER
100
AcDbPolyline
 90
        2
 70
     1
 43
0.0
 10
169.83824
 20
-55.185116
 42
1.0
 10
171.53824
 20
-55.185116
 42
1.0
  0
HATCH
  5
2557
330
1F
100
AcDbEntity
  8
MULTI-LAYER
100
AcDbHatch
 10
0.0
 20
0.0
 30
0.0
210
0.0
220
0.0
230
1.0
  2
SOLID
 70
     1
 71
     0
 91
        1
 92
        7
 72
     1
 73
     1
 93
        2
 10
169.8382397764796
 20
-55.18511557023115
 42
1.0
 10
171.5382397764796
 20
-55.18511557023115
 42
1.0
 97
        1
330
0
 75
     0
 76
     1
 47
0.868144
 98
        1
 10
3.629517071192367
 20
33.92795499968543
1001
ACAD
1010
0.0
1020
0.0
1030
0.0
  0
LWPOLYLINE
  5
2558
330
1F
100
AcDbEntity
  8
MULTI-LAYER
100
AcDbPolyline
 90
        2
 70
     1
 43
0.0
 10
169.83824
 20
-55.185116
 42
1.0
 10
171.53824
 20
-55.185116
 42
1.0
  0
HATCH
  5
2579
330
1F
100
AcDbEntity
  8
MULTI-LAYER
100
AcDbHatch
 10
0.0
 20
0.0
 30
0.0
210
0.0
220
0.0
230
1.0
  2
SOLID
 70
     1
 71
     0
 91
        1
 92
        7
 72
     0
 73
     1
 93
        4
 10
172.8473456946914
 20
-70.19113538227077
 10
171.3233426466853
 20
-70.19113538227077
 10
171.3233426466853
 20
-68.66713233426466
 10
172.8473456946914
 20
-68.66713233426466
 97
        1
330
2578
 75
     0
 76
     1
 47
0.412818
 98
        1
 10
34.90568961886538
 20
22.81183545379326
1001
ACAD
1010
0.0
1020
0.0
1030
0.0
  0
LWPOLYLINE
  5
2578
330
1F
100
AcDbEntity
  8
MULTI-LAYER
100
AcDbPolyline
 90
        4
 70
     1
 43
0.0
 10
172.847346
 20
-70.191135
 10
171.323343
 20
-70.191135
 10
171.323343
 20
-68.667132
 10
172.847346
 20
-68.667132
  0
HATCH
  5
2581
330
1F
100
AcDbEntity
  8
MULTI-LAYER
100
AcDbHatch
 10
0.0
 20
0.0
 30
0.0
210
0.0
220
0.0
230
1.0
  2
SOLID
 70
     1
 71
     0
 91
        1
 92
        7
 72
     0
 73
     1
 93
        4
 10
172.8473456946914
 20
-70.19113538227077
 10
171.3233426466853
 20
-70.19113538227077
 10
171.3233426466853
 20
-68.66713233426466
 10
172.8473456946914
 20
-68.66713233426466
 97
        1
330
2580
 75
     0
 76
     1
 47
0.412818
 98
        1
 10
34.90568961886538
 20
22.81183545379326
1001
ACAD
1010
0.0
1020
0.0
1030
0.0
  0
LWPOLYLINE
  5
2580
330
1F
100
AcDbEntity
  8
MULTI-LAYER
100
AcDbPolyline
 90
        4
 70
     1
 43
0.0
 10
172.847346
 20
-70.191135
 10
171.323343
 20
-70.191135
 10
171.323343
 20
-68.667132
 10
172.847346
 20
-68.667132
  0
HATCH
  5
2583
330
1F
100
AcDbEntity
  8
MULTI-LAYER
100
AcDbHatch
 10
0.0
 20
0.0
 30
0.0
210
0.0
220
0.0
230
1.0
  2
SOLID
 70
     1
 71
     0
 91
        1
 92
        7
 72
     0
 73
     1
 93
        4
 10
172.8473456946914
 20
-70.19113538227077
 10
171.3233426466853
 20
-70.19113538227077
 10
171.3233426466853
 20
-68.66713233426466
 10
172.8473456946914
 20
-68.66713233426466
 97
        1
330
2582
 75
     0
 76
     1
 47
0.412818
 98
        1
 10
34.90568961886538
 20
22.81183545379326
1001
ACAD
1010
0.0
1020
0.0
1030
0.0
  0
LWPOLYLINE
  5
2582
330
1F
100
AcDbEntity
  8
MULTI-LAYER
100
AcDbPolyline
 90
        4
 70
     1
 43
0.0
 10
172.847346
 20
-70.191135
 10
171.323343
 20
-70.191135
 10
171.323343
 20
-68.667132
 10
172.847346
 20
-68.667132
  0
HATCH
  5
2602
330
1F
100
AcDbEntity
  8
MULTI-LAYER
100
AcDbHatch
 10
0.0
 20
0.0
 30
0.0
210
0.0
220
0.0
230
1.0
  2
SOLID
 70
     1
 71
     0
 91
        1
 92
        7
 72
     1
 73
     1
 93
        2
 10
171.3233426466853
 20
-66.92900685801372
 42
1.0
 10
172.8473456946914
 20
-66.92900685801372
 42
1.0
 97
        1
330
0
 75
     0
 76
     1
 47
0.868144
 98
        1
 10
3.629517071192367
 20
33.92795499968543
1001
ACAD
1010
0.0
1020
0.0
1030
0.0
  0
LWPOLYLINE
  5
2603
330
1F
100
AcDbEntity
  8
MULTI-LAYER
100
AcDbPolyline
 90
        2
 70
     1
 43
0.0
 10
171.323343
 20
-66.929007
 42
1.0
 10
172.847346
 20
-66.929007
 42
1.0
  0
HATCH
  5
2605
330
1F
100
AcDbEntity
  8
MULTI-LAYER
100
AcDbHatch
 10
0.0
 20
0.0
 30
0.0
210
0.0
220
0.0
230
1.0
  2
SOLID
 70
     1
 71
     0
 91
        1
 92
        7
 72
     1
 73
     1
 93
        2
 10
171.3233426466853
 20
-66.92900685801372
 42
1.0
 10
172.8473456946914
 20
-66.92900685801372
 42
1.0
 97
        1
330
0
 75
     0
 76
     1
 47
0.868144
 98
        1
 10
3.629517071192367
 20
33.92795499968543
1001
ACAD
1010
0.0
1020
0.0
1030
0.0
  0
LWPOLYLINE
  5
2606
330
1F
100
AcDbEntity
  8
MULTI-LAYER
100
AcDbPolyline
 90
        2
 70
     1
 43
0.0
 10
171.323343
 20
-66.929007
 42
1.0
 10
172.847346
 20
-66.929007
 42
1.0
  0
HATCH
  5
2608
330
1F
100
AcDbEntity
  8
MULTI-LAYER
100
AcDbHatch
 10
0.0
 20
0.0
 30
0.0
210
0.0
220
0.0
230
1.0
  2
SOLID
 70
     1
 71
     0
 91
        1
 92
        7
 72
     1
 73
     1
 93
        2
 10
171.3233426466853
 20
-66.92900685801372
 42
1.0
 10
172.8473456946914
 20
-66.92900685801372
 42
1.0
 97
        1
330
0
 75
     0
 76
     1
 47
0.868144
 98
        1
 10
3.629517071192367
 20
33.92795499968543
1001
ACAD
1010
0.0
1020
0.0
1030
0.0
  0
LWPOLYLINE
  5
2609
330
1F
100
AcDbEntity
  8
MULTI-LAYER
100
AcDbPolyline
 90
        2
 70
     1
 43
0.0
 10
171.323343
 20
-66.929007
 42
1.0
 10
172.847346
 20
-66.929007
 42
1.0
  0
HATCH
  5
2632
330
1F
100
AcDbEntity
  8
MULTI-LAYER
100
AcDbHatch
 10
0.0
 20
0.0
 30
0.0
210
0.0
220
0.0
230
1.0
  2
SOLID
 70
     1
 71
     0
 91
        1
 92
        7
 72
     1
 73
     1
 93
        2
 10
171.3233426466853
 20
-64.42913385826773
 42
1.0
 10
172.8473456946914
 20
-64.42913385826773
 42
1.0
 97
        1
330
0
 75
     0
 76
     1
 47
0.868144
 98
        1
 10
3.629517071192367
 20
33.92795499968543
1001
ACAD
1010
0.0
1020
0.0
1030
0.0
  0
LWPOLYLINE
  5
2633
330
1F
100
AcDbEntity
  8
MULTI-LAYER
100
AcDbPolyline
 90
        2
 70
     1
 43
0.0
 10
171.323343
 20
-64.429134
 42
1.0
 10
172.847346
 20
-64.429134
 42
1.0
  0
HATCH
  5
2635
330
1F
100
AcDbEntity
  8
MULTI-LAYER
100
AcDbHatch
 10
0.0
 20
0.0
 30
0.0
210
0.0
220
0.0
230
1.0
  2
SOLID
 70
     1
 71
     0
 91
        1
 92
        7
 72
     1
 73
     1
 93
        2
 10
171.3233426466853
 20
-64.42913385826773
 42
1.0
 10
172.8473456946914
 20
-64.42913385826773
 42
1.0
 97
        1
330
0
 75
     0
 76
     1
 47
0.868144
 98
        1
 10
3.629517071192367
 20
33.92795499968543
1001
ACAD
1010
0.0
1020
0.0
1030
0.0
  0
LWPOLYLINE
  5
2636
330
1F
100
AcDbEntity
  8
MULTI-LAYER
100
AcDbPolyline
 90
        2
 70
     1
 43
0.0
 10
171.323343
 20
-64.429134
 42
1.0
 10
172.847346
 20
-64.429134
 42
1.0
  0
HATCH
  5
2638
330
1F
100
AcDbEntity
  8
MULTI-LAYER
100
AcDbHatch
 10
0.0
 20
0.0
 30
0.0
210
0.0
220
0.0
230
1.0
  2
SOLID
 70
     1
 71
     0
 91
        1
 92
        7
 72
     1
 73
     1
 93
        2
 10
171.3233426466853
 20
-64.42913385826773
 42
1.0
 10
172.8473456946914
 20
-64.42913385826773
 42
1.0
 97
        1
330
0
 75
     0
 76
     1
 47
0.868144
 98
        1
 10
3.629517071192367
 20
33.92795499968543
1001
ACAD
1010
0.0
1020
0.0
1030
0.0
  0
LWPOLYLINE
  5
2639
330
1F
100
AcDbEntity
  8
MULTI-LAYER
100
AcDbPolyline
 90
        2
 70
     1
 43
0.0
 10
171.323343
 20
-64.429134
 42
1.0
 10
172.847346
 20
-64.429134
 42
1.0
  0
HATCH
  5
2764
330
1F
100
AcDbEntity
  8
MULTI-LAYER
100
AcDbHatch
 10
0.0
 20
0.0
 30
0.0
210
0.0
220
0.0
230
1.0
  2
SOLID
 70
     1
 71
     0
 91
        1
 92
        7
 72
     0
 73
     1
 93
        4
 10
137.1982727965456
 20
-100.4192024384049
 10
137.1982727965456
 20
-102.0192024384049
 10
135.5982727965456
 20
-102.0192024384049
 10
135.5982727965456
 20
-100.4192024384049
 97
        1
330
2763
 75
     0
 76
     1
 47
0.412818
 98
        1
 10
34.90568961886538
 20
22.81183545379326
1001
ACAD
1010
0.0
1020
0.0
1030
0.0
  0
LWPOLYLINE
  5
2763
330
1F
100
AcDbEntity
  8
MULTI-LAYER
100
AcDbPolyline
 90
        4
 70
     1
 43
0.0
 10
137.198273
 20
-100.419202
 10
137.198273
 20
-102.019202
 10
135.598273
 20
-102.019202
 10
135.598273
 20
-100.419202
  0
HATCH
  5
2766
330
1F
100
AcDbEntity
  8
MULTI-LAYER
100
AcDbHatch
 10
0.0
 20
0.0
 30
0.0
210
0.0
220
0.0
230
1.0
  2
SOLID
 70
     1
 71
     0
 91
        1
 92
        7
 72
     0
 73
     1
 93
        4
 10
137.1982727965456
 20
-100.4192024384049
 10
137.1982727965456
 20
-102.0192024384049
 10
135.5982727965456
 20
-102.0192024384049
 10
135.5982727965456
 20
-100.4192024384049
 97
        1
330
2765
 75
     0
 76
     1
 47
0.412818
 98
        1
 10
34.90568961886538
 20
22.81183545379326
1001
ACAD
1010
0.0
1020
0.0
1030
0.0
  0
LWPOLYLINE
  5
2765
330
1F
100
AcDbEntity
  8
MULTI-LAYER
100
AcDbPolyline
 90
        4
 70
     1
 43
0.0
 10
137.198273
 20
-100.419202
 10
137.198273
 20
-102.019202
 10
135.598273
 20
-102.019202
 10
135.598273
 20
-100.419202
  0
HATCH
  5
2768
330
1F
100
AcDbEntity
  8
MULTI-LAYER
100
AcDbHatch
 10
0.0
 20
0.0
 30
0.0
210
0.0
220
0.0
230
1.0
  2
SOLID
 70
     1
 71
     0
 91
        1
 92
        7
 72
     0
 73
     1
 93
        4
 10
137.1982727965456
 20
-100.4192024384049
 10
137.1982727965456
 20
-102.0192024384049
 10
135.5982727965456
 20
-102.0192024384049
 10
135.5982727965456
 20
-100.4192024384049
 97
        1
330
2767
 75
     0
 76
     1
 47
0.412818
 98
        1
 10
34.90568961886538
 20
22.81183545379326
1001
ACAD
1010
0.0
1020
0.0
1030
0.0
  0
LWPOLYLINE
  5
2767
330
1F
100
AcDbEntity
  8
MULTI-LAYER
100
AcDbPolyline
 90
        4
 70
     1
 43
0.0
 10
137.198273
 20
-100.419202
 10
137.198273
 20
-102.019202
 10
135.598273
 20
-102.019202
 10
135.598273
 20
-100.419202
  0
HATCH
  5
2787
330
1F
100
AcDbEntity
  8
MULTI-LAYER
100
AcDbHatch
 10
0.0
 20
0.0
 30
0.0
210
0.0
220
0.0
230
1.0
  2
SOLID
 70
     1
 71
     0
 91
        1
 92
        7
 72
     1
 73
     1
 93
        2
 10
135.5982727965456
 20
-98.67919735839473
 42
1.0
 10
137.1982727965456
 20
-98.67919735839473
 42
1.0
 97
        1
330
0
 75
     0
 76
     1
 47
0.868144
 98
        1
 10
3.629517071192367
 20
33.92795499968543
1001
ACAD
1010
0.0
1020
0.0
1030
0.0
  0
LWPOLYLINE
  5
2788
330
1F
100
AcDbEntity
  8
MULTI-LAYER
100
AcDbPolyline
 90
        4
 70
     0
 43
0.0
 10
135.598273
 20
-98.679197
 42
1.0
 10
137.198273
 20
-98.679197
 10
137.198273
 20
-98.679197
 42
1.0
 10
135.598273
 20
-98.679197
  0
HATCH
  5
2790
330
1F
100
AcDbEntity
  8
MULTI-LAYER
100
AcDbHatch
 10
0.0
 20
0.0
 30
0.0
210
0.0
220
0.0
230
1.0
  2
SOLID
 70
     1
 71
     0
 91
        1
 92
        7
 72
     1
 73
     1
 93
        2
 10
135.5982727965456
 20
-98.67919735839473
 42
1.0
 10
137.1982727965456
 20
-98.67919735839473
 42
1.0
 97
        1
330
0
 75
     0
 76
     1
 47
0.868144
 98
        1
 10
3.629517071192367
 20
33.92795499968543
1001
ACAD
1010
0.0
1020
0.0
1030
0.0
  0
LWPOLYLINE
  5
2791
330
1F
100
AcDbEntity
  8
MULTI-LAYER
100
AcDbPolyline
 90
        4
 70
     0
 43
0.0
 10
135.598273
 20
-98.679197
 42
1.0
 10
137.198273
 20
-98.679197
 10
137.198273
 20
-98.679197
 42
1.0
 10
135.598273
 20
-98.679197
  0
HATCH
  5
2793
330
1F
100
AcDbEntity
  8
MULTI-LAYER
100
AcDbHatch
 10
0.0
 20
0.0
 30
0.0
210
0.0
220
0.0
230
1.0
  2
SOLID
 70
     1
 71
     0
 91
        1
 92
        7
 72
     1
 73
     1
 93
        2
 10
135.5982727965456
 20
-98.67919735839473
 42
1.0
 10
137.1982727965456
 20
-98.67919735839473
 42
1.0
 97
        1
330
0
 75
     0
 76
     1
 47
0.868144
 98
        1
 10
3.629517071192367
 20
33.92795499968543
1001
ACAD
1010
0.0
1020
0.0
1030
0.0
  0
LWPOLYLINE
  5
2794
330
1F
100
AcDbEntity
  8
MULTI-LAYER
100
AcDbPolyline
 90
        4
 70
     0
 43
0.0
 10
135.598273
 20
-98.679197
 42
1.0
 10
137.198273
 20
-98.679197
 10
137.198273
 20
-98.679197
 42
1.0
 10
135.598273
 20
-98.679197
  0
HATCH
  5
2817
330
1F
100
AcDbEntity
  8
MULTI-LAYER
100
AcDbHatch
 10
0.0
 20
0.0
 30
0.0
210
0.0
220
0.0
230
1.0
  2
SOLID
 70
     1
 71
     0
 91
        1
 92
        7
 72
     1
 73
     1
 93
        2
 10
135.5982727965456
 20
-96.13919227838457
 42
1.0
 10
137.1982727965456
 20
-96.13919227838457
 42
1.0
 97
        1
330
0
 75
     0
 76
     1
 47
0.868144
 98
        1
 10
3.629517071192367
 20
33.92795499968543
1001
ACAD
1010
0.0
1020
0.0
1030
0.0
  0
LWPOLYLINE
  5
2818
330
1F
100
AcDbEntity
  8
MULTI-LAYER
100
AcDbPolyline
 90
        4
 70
     0
 43
0.0
 10
135.598273
 20
-96.139192
 42
1.0
 10
137.198273
 20
-96.139192
 10
137.198273
 20
-96.139192
 42
1.0
 10
135.598273
 20
-96.139192
  0
HATCH
  5
2820
330
1F
100
AcDbEntity
  8
MULTI-LAYER
100
AcDbHatch
 10
0.0
 20
0.0
 30
0.0
210
0.0
220
0.0
230
1.0
  2
SOLID
 70
     1
 71
     0
 91
        1
 92
        7
 72
     1
 73
     1
 93
        2
 10
135.5982727965456
 20
-96.13919227838457
 42
1.0
 10
137.1982727965456
 20
-96.13919227838457
 42
1.0
 97
        1
330
0
 75
     0
 76
     1
 47
0.868144
 98
        1
 10
3.629517071192367
 20
33.92795499968543
1001
ACAD
1010
0.0
1020
0.0
1030
0.0
  0
LWPOLYLINE
  5
2821
330
1F
100
AcDbEntity
  8
MULTI-LAYER
100
AcDbPolyline
 90
        4
 70
     0
 43
0.0
 10
135.598273
 20
-96.139192
 42
1.0
 10
137.198273
 20
-96.139192
 10
137.198273
 20
-96.139192
 42
1.0
 10
135.598273
 20
-96.139192
  0
HATCH
  5
2823
330
1F
100
AcDbEntity
  8
MULTI-LAYER
100
AcDbHatch
 10
0.0
 20
0.0
 30
0.0
210
0.0
220
0.0
230
1.0
  2
SOLID
 70
     1
 71
     0
 91
        1
 92
        7
 72
     1
 73
     1
 93
        2
 10
135.5982727965456
 20
-96.13919227838457
 42
1.0
 10
137.1982727965456
 20
-96.13919227838457
 42
1.0
 97
        1
330
0
 75
     0
 76
     1
 47
0.868144
 98
        1
 10
3.629517071192367
 20
33.92795499968543
1001
ACAD
1010
0.0
1020
0.0
1030
0.0
  0
LWPOLYLINE
  5
2824
330
1F
100
AcDbEntity
  8
MULTI-LAYER
100
AcDbPolyline
 90
        4
 70
     0
 43
0.0
 10
135.598273
 20
-96.139192
 42
1.0
 10
137.198273
 20
-96.139192
 10
137.198273
 20
-96.139192
 42
1.0
 10
135.598273
 20
-96.139192
  0
HATCH
  5
2847
330
1F
100
AcDbEntity
  8
MULTI-LAYER
100
AcDbHatch
 10
0.0
 20
0.0
 30
0.0
210
0.0
220
0.0
230
1.0
  2
SOLID
 70
     1
 71
     0
 91
        1
 92
        7
 72
     1
 73
     1
 93
        2
 10
135.5982727965456
 20
-93.59918719837441
 42
1.0
 10
137.1982727965456
 20
-93.59918719837441
 42
1.0
 97
        1
330
0
 75
     0
 76
     1
 47
0.868144
 98
        1
 10
3.629517071192367
 20
33.92795499968543
1001
ACAD
1010
0.0
1020
0.0
1030
0.0
  0
LWPOLYLINE
  5
2848
330
1F
100
AcDbEntity
  8
MULTI-LAYER
100
AcDbPolyline
 90
        4
 70
     0
 43
0.0
 10
135.598273
 20
-93.599187
 42
1.0
 10
137.198273
 20
-93.599187
 10
137.198273
 20
-93.599187
 42
1.0
 10
135.598273
 20
-93.599187
  0
HATCH
  5
2850
330
1F
100
AcDbEntity
  8
MULTI-LAYER
100
AcDbHatch
 10
0.0
 20
0.0
 30
0.0
210
0.0
220
0.0
230
1.0
  2
SOLID
 70
     1
 71
     0
 91
        1
 92
        7
 72
     1
 73
     1
 93
        2
 10
135.5982727965456
 20
-93.59918719837441
 42
1.0
 10
137.1982727965456
 20
-93.59918719837441
 42
1.0
 97
        1
330
0
 75
     0
 76
     1
 47
0.868144
 98
        1
 10
3.629517071192367
 20
33.92795499968543
1001
ACAD
1010
0.0
1020
0.0
1030
0.0
  0
LWPOLYLINE
  5
2851
330
1F
100
AcDbEntity
  8
MULTI-LAYER
100
AcDbPolyline
 90
        4
 70
     0
 43
0.0
 10
135.598273
 20
-93.599187
 42
1.0
 10
137.198273
 20
-93.599187
 10
137.198273
 20
-93.599187
 42
1.0
 10
135.598273
 20
-93.599187
  0
HATCH
  5
2853
330
1F
100
AcDbEntity
  8
MULTI-LAYER
100
AcDbHatch
 10
0.0
 20
0.0
 30
0.0
210
0.0
220
0.0
230
1.0
  2
SOLID
 70
     1
 71
     0
 91
        1
 92
        7
 72
     1
 73
     1
 93
        2
 10
135.5982727965456
 20
-93.59918719837441
 42
1.0
 10
137.1982727965456
 20
-93.59918719837441
 42
1.0
 97
        1
330
0
 75
     0
 76
     1
 47
0.868144
 98
        1
 10
3.629517071192367
 20
33.92795499968543
1001
ACAD
1010
0.0
1020
0.0
1030
0.0
  0
LWPOLYLINE
  5
2854
330
1F
100
AcDbEntity
  8
MULTI-LAYER
100
AcDbPolyline
 90
        4
 70
     0
 43
0.0
 10
135.598273
 20
-93.599187
 42
1.0
 10
137.198273
 20
-93.599187
 10
137.198273
 20
-93.599187
 42
1.0
 10
135.598273
 20
-93.599187
  0
HATCH
  5
2877
330
1F
100
AcDbEntity
  8
MULTI-LAYER
100
AcDbHatch
 10
0.0
 20
0.0
 30
0.0
210
0.0
220
0.0
230
1.0
  2
SOLID
 70
     1
 71
     0
 91
        1
 92
        7
 72
     1
 73
     1
 93
        2
 10
135.5982727965456
 20
-91.05918211836425
 42
1.0
 10
137.1982727965456
 20
-91.05918211836425
 42
1.0
 97
        1
330
0
 75
     0
 76
     1
 47
0.868144
 98
        1
 10
3.629517071192367
 20
33.92795499968543
1001
ACAD
1010
0.0
1020
0.0
1030
0.0
  0
LWPOLYLINE
  5
2878
330
1F
100
AcDbEntity
  8
MULTI-LAYER
100
AcDbPolyline
 90
        4
 70
     0
 43
0.0
 10
135.598273
 20
-91.059182
 42
1.0
 10
137.198273
 20
-91.059182
 10
137.198273
 20
-91.059182
 42
1.0
 10
135.598273
 20
-91.059182
  0
HATCH
  5
2880
330
1F
100
AcDbEntity
  8
MULTI-LAYER
100
AcDbHatch
 10
0.0
 20
0.0
 30
0.0
210
0.0
220
0.0
230
1.0
  2
SOLID
 70
     1
 71
     0
 91
        1
 92
        7
 72
     1
 73
     1
 93
        2
 10
135.5982727965456
 20
-91.05918211836425
 42
1.0
 10
137.1982727965456
 20
-91.05918211836425
 42
1.0
 97
        1
330
0
 75
     0
 76
     1
 47
0.868144
 98
        1
 10
3.629517071192367
 20
33.92795499968543
1001
ACAD
1010
0.0
1020
0.0
1030
0.0
  0
LWPOLYLINE
  5
2881
330
1F
100
AcDbEntity
  8
MULTI-LAYER
100
AcDbPolyline
 90
        4
 70
     0
 43
0.0
 10
135.598273
 20
-91.059182
 42
1.0
 10
137.198273
 20
-91.059182
 10
137.198273
 20
-91.059182
 42
1.0
 10
135.598273
 20
-91.059182
  0
HATCH
  5
2883
330
1F
100
AcDbEntity
  8
MULTI-LAYER
100
AcDbHatch
 10
0.0
 20
0.0
 30
0.0
210
0.0
220
0.0
230
1.0
  2
SOLID
 70
     1
 71
     0
 91
        1
 92
        7
 72
     1
 73
     1
 93
        2
 10
135.5982727965456
 20
-91.05918211836425
 42
1.0
 10
137.1982727965456
 20
-91.05918211836425
 42
1.0
 97
        1
330
0
 75
     0
 76
     1
 47
0.868144
 98
        1
 10
3.629517071192367
 20
33.92795499968543
1001
ACAD
1010
0.0
1020
0.0
1030
0.0
  0
LWPOLYLINE
  5
2884
330
1F
100
AcDbEntity
  8
MULTI-LAYER
100
AcDbPolyline
 90
        4
 70
     0
 43
0.0
 10
135.598273
 20
-91.059182
 42
1.0
 10
137.198273
 20
-91.059182
 10
137.198273
 20
-91.059182
 42
1.0
 10
135.598273
 20
-91.059182
  0
HATCH
  5
2907
330
1F
100
AcDbEntity
  8
MULTI-LAYER
100
AcDbHatch
 10
0.0
 20
0.0
 30
0.0
210
0.0
220
0.0
230
1.0
  2
SOLID
 70
     1
 71
     0
 91
        1
 92
        7
 72
     1
 73
     1
 93
        2
 10
135.5982727965456
 20
-88.51917703835409
 42
1.0
 10
137.1982727965456
 20
-88.51917703835409
 42
1.0
 97
        1
330
0
 75
     0
 76
     1
 47
0.868144
 98
        1
 10
3.629517071192367
 20
33.92795499968543
1001
ACAD
1010
0.0
1020
0.0
1030
0.0
  0
LWPOLYLINE
  5
2908
330
1F
100
AcDbEntity
  8
MULTI-LAYER
100
AcDbPolyline
 90
        4
 70
     0
 43
0.0
 10
135.598273
 20
-88.519177
 42
1.0
 10
137.198273
 20
-88.519177
 10
137.198273
 20
-88.519177
 42
1.0
 10
135.598273
 20
-88.519177
  0
HATCH
  5
2910
330
1F
100
AcDbEntity
  8
MULTI-LAYER
100
AcDbHatch
 10
0.0
 20
0.0
 30
0.0
210
0.0
220
0.0
230
1.0
  2
SOLID
 70
     1
 71
     0
 91
        1
 92
        7
 72
     1
 73
     1
 93
        2
 10
135.5982727965456
 20
-88.51917703835409
 42
1.0
 10
137.1982727965456
 20
-88.51917703835409
 42
1.0
 97
        1
330
0
 75
     0
 76
     1
 47
0.868144
 98
        1
 10
3.629517071192367
 20
33.92795499968543
1001
ACAD
1010
0.0
1020
0.0
1030
0.0
  0
LWPOLYLINE
  5
2911
330
1F
100
AcDbEntity
  8
MULTI-LAYER
100
AcDbPolyline
 90
        4
 70
     0
 43
0.0
 10
135.598273
 20
-88.519177
 42
1.0
 10
137.198273
 20
-88.519177
 10
137.198273
 20
-88.519177
 42
1.0
 10
135.598273
 20
-88.519177
  0
HATCH
  5
2913
330
1F
100
AcDbEntity
  8
MULTI-LAYER
100
AcDbHatch
 10
0.0
 20
0.0
 30
0.0
210
0.0
220
0.0
230
1.0
  2
SOLID
 70
     1
 71
     0
 91
        1
 92
        7
 72
     1
 73
     1
 93
        2
 10
135.5982727965456
 20
-88.51917703835409
 42
1.0
 10
137.1982727965456
 20
-88.51917703835409
 42
1.0
 97
        1
330
0
 75
     0
 76
     1
 47
0.868144
 98
        1
 10
3.629517071192367
 20
33.92795499968543
1001
ACAD
1010
0.0
1020
0.0
1030
0.0
  0
LWPOLYLINE
  5
2914
330
1F
100
AcDbEntity
  8
MULTI-LAYER
100
AcDbPolyline
 90
        4
 70
     0
 43
0.0
 10
135.598273
 20
-88.519177
 42
1.0
 10
137.198273
 20
-88.519177
 10
137.198273
 20
-88.519177
 42
1.0
 10
135.598273
 20
-88.519177
  0
HATCH
  5
2937
330
1F
100
AcDbEntity
  8
MULTI-LAYER
100
AcDbHatch
 10
0.0
 20
0.0
 30
0.0
210
0.0
220
0.0
230
1.0
  2
SOLID
 70
     1
 71
     0
 91
        1
 92
        7
 72
     1
 73
     1
 93
        2
 10
115.2782321564643
 20
-88.51917703835409
 42
1.0
 10
116.8782321564643
 20
-88.51917703835409
 42
1.0
 97
        1
330
0
 75
     0
 76
     1
 47
0.868144
 98
        1
 10
3.629517071192367
 20
33.92795499968543
1001
ACAD
1010
0.0
1020
0.0
1030
0.0
  0
LWPOLYLINE
  5
2938
330
1F
100
AcDbEntity
  8
MULTI-LAYER
100
AcDbPolyline
 90
        2
 70
     1
 43
0.0
 10
115.278232
 20
-88.519177
 42
1.0
 10
116.878232
 20
-88.519177
 42
1.0
  0
HATCH
  5
2940
330
1F
100
AcDbEntity
  8
MULTI-LAYER
100
AcDbHatch
 10
0.0
 20
0.0
 30
0.0
210
0.0
220
0.0
230
1.0
  2
SOLID
 70
     1
 71
     0
 91
        1
 92
        7
 72
     1
 73
     1
 93
        2
 10
115.2782321564643
 20
-88.51917703835409
 42
1.0
 10
116.8782321564643
 20
-88.51917703835409
 42
1.0
 97
        1
330
0
 75
     0
 76
     1
 47
0.868144
 98
        1
 10
3.629517071192367
 20
33.92795499968543
1001
ACAD
1010
0.0
1020
0.0
1030
0.0
  0
LWPOLYLINE
  5
2941
330
1F
100
AcDbEntity
  8
MULTI-LAYER
100
AcDbPolyline
 90
        2
 70
     1
 43
0.0
 10
115.278232
 20
-88.519177
 42
1.0
 10
116.878232
 20
-88.519177
 42
1.0
  0
HATCH
  5
2943
330
1F
100
AcDbEntity
  8
MULTI-LAYER
100
AcDbHatch
 10
0.0
 20
0.0
 30
0.0
210
0.0
220
0.0
230
1.0
  2
SOLID
 70
     1
 71
     0
 91
        1
 92
        7
 72
     1
 73
     1
 93
        2
 10
115.2782321564643
 20
-88.51917703835409
 42
1.0
 10
116.8782321564643
 20
-88.51917703835409
 42
1.0
 97
        1
330
0
 75
     0
 76
     1
 47
0.868144
 98
        1
 10
3.629517071192367
 20
33.92795499968543
1001
ACAD
1010
0.0
1020
0.0
1030
0.0
  0
LWPOLYLINE
  5
2944
330
1F
100
AcDbEntity
  8
MULTI-LAYER
100
AcDbPolyline
 90
        2
 70
     1
 43
0.0
 10
115.278232
 20
-88.519177
 42
1.0
 10
116.878232
 20
-88.519177
 42
1.0
  0
HATCH
  5
2967
330
1F
100
AcDbEntity
  8
MULTI-LAYER
100
AcDbHatch
 10
0.0
 20
0.0
 30
0.0
210
0.0
220
0.0
230
1.0
  2
SOLID
 70
     1
 71
     0
 91
        1
 92
        7
 72
     1
 73
     1
 93
        2
 10
115.2782321564643
 20
-91.05918211836425
 42
1.0
 10
116.8782321564643
 20
-91.05918211836425
 42
1.0
 97
        1
330
0
 75
     0
 76
     1
 47
0.868144
 98
        1
 10
3.629517071192367
 20
33.92795499968543
1001
ACAD
1010
0.0
1020
0.0
1030
0.0
  0
LWPOLYLINE
  5
2968
330
1F
100
AcDbEntity
  8
MULTI-LAYER
100
AcDbPolyline
 90
        2
 70
     1
 43
0.0
 10
115.278232
 20
-91.059182
 42
1.0
 10
116.878232
 20
-91.059182
 42
1.0
  0
HATCH
  5
2970
330
1F
100
AcDbEntity
  8
MULTI-LAYER
100
AcDbHatch
 10
0.0
 20
0.0
 30
0.0
210
0.0
220
0.0
230
1.0
  2
SOLID
 70
     1
 71
     0
 91
        1
 92
        7
 72
     1
 73
     1
 93
        2
 10
115.2782321564643
 20
-91.05918211836425
 42
1.0
 10
116.8782321564643
 20
-91.05918211836425
 42
1.0
 97
        1
330
0
 75
     0
 76
     1
 47
0.868144
 98
        1
 10
3.629517071192367
 20
33.92795499968543
1001
ACAD
1010
0.0
1020
0.0
1030
0.0
  0
LWPOLYLINE
  5
2971
330
1F
100
AcDbEntity
  8
MULTI-LAYER
100
AcDbPolyline
 90
        2
 70
     1
 43
0.0
 10
115.278232
 20
-91.059182
 42
1.0
 10
116.878232
 20
-91.059182
 42
1.0
  0
HATCH
  5
2973
330
1F
100
AcDbEntity
  8
MULTI-LAYER
100
AcDbHatch
 10
0.0
 20
0.0
 30
0.0
210
0.0
220
0.0
230
1.0
  2
SOLID
 70
     1
 71
     0
 91
        1
 92
        7
 72
     1
 73
     1
 93
        2
 10
115.2782321564643
 20
-91.05918211836425
 42
1.0
 10
116.8782321564643
 20
-91.05918211836425
 42
1.0
 97
        1
330
0
 75
     0
 76
     1
 47
0.868144
 98
        1
 10
3.629517071192367
 20
33.92795499968543
1001
ACAD
1010
0.0
1020
0.0
1030
0.0
  0
LWPOLYLINE
  5
2974
330
1F
100
AcDbEntity
  8
MULTI-LAYER
100
AcDbPolyline
 90
        2
 70
     1
 43
0.0
 10
115.278232
 20
-91.059182
 42
1.0
 10
116.878232
 20
-91.059182
 42
1.0
  0
HATCH
  5
2997
330
1F
100
AcDbEntity
  8
MULTI-LAYER
100
AcDbHatch
 10
0.0
 20
0.0
 30
0.0
210
0.0
220
0.0
230
1.0
  2
SOLID
 70
     1
 71
     0
 91
        1
 92
        7
 72
     1
 73
     1
 93
        2
 10
115.2782321564643
 20
-93.59918719837441
 42
1.0
 10
116.8782321564643
 20
-93.59918719837441
 42
1.0
 97
        1
330
0
 75
     0
 76
     1
 47
0.868144
 98
        1
 10
3.629517071192367
 20
33.92795499968543
1001
ACAD
1010
0.0
1020
0.0
1030
0.0
  0
LWPOLYLINE
  5
2998
330
1F
100
AcDbEntity
  8
MULTI-LAYER
100
AcDbPolyline
 90
        2
 70
     1
 43
0.0
 10
115.278232
 20
-93.599187
 42
1.0
 10
116.878232
 20
-93.599187
 42
1.0
  0
HATCH
  5
3000
330
1F
100
AcDbEntity
  8
MULTI-LAYER
100
AcDbHatch
 10
0.0
 20
0.0
 30
0.0
210
0.0
220
0.0
230
1.0
  2
SOLID
 70
     1
 71
     0
 91
        1
 92
        7
 72
     1
 73
     1
 93
        2
 10
115.2782321564643
 20
-93.59918719837441
 42
1.0
 10
116.8782321564643
 20
-93.59918719837441
 42
1.0
 97
        1
330
0
 75
     0
 76
     1
 47
0.868144
 98
        1
 10
3.629517071192367
 20
33.92795499968543
1001
ACAD
1010
0.0
1020
0.0
1030
0.0
  0
LWPOLYLINE
  5
3001
330
1F
100
AcDbEntity
  8
MULTI-LAYER
100
AcDbPolyline
 90
        2
 70
     1
 43
0.0
 10
115.278232
 20
-93.599187
 42
1.0
 10
116.878232
 20
-93.599187
 42
1.0
  0
HATCH
  5
3003
330
1F
100
AcDbEntity
  8
MULTI-LAYER
100
AcDbHatch
 10
0.0
 20
0.0
 30
0.0
210
0.0
220
0.0
230
1.0
  2
SOLID
 70
     1
 71
     0
 91
        1
 92
        7
 72
     1
 73
     1
 93
        2
 10
115.2782321564643
 20
-93.59918719837441
 42
1.0
 10
116.8782321564643
 20
-93.59918719837441
 42
1.0
 97
        1
330
0
 75
     0
 76
     1
 47
0.868144
 98
        1
 10
3.629517071192367
 20
33.92795499968543
1001
ACAD
1010
0.0
1020
0.0
1030
0.0
  0
LWPOLYLINE
  5
3004
330
1F
100
AcDbEntity
  8
MULTI-LAYER
100
AcDbPolyline
 90
        2
 70
     1
 43
0.0
 10
115.278232
 20
-93.599187
 42
1.0
 10
116.878232
 20
-93.599187
 42
1.0
  0
HATCH
  5
3027
330
1F
100
AcDbEntity
  8
MULTI-LAYER
100
AcDbHatch
 10
0.0
 20
0.0
 30
0.0
210
0.0
220
0.0
230
1.0
  2
SOLID
 70
     1
 71
     0
 91
        1
 92
        7
 72
     1
 73
     1
 93
        2
 10
115.2782321564643
 20
-96.13919227838457
 42
1.0
 10
116.8782321564643
 20
-96.13919227838457
 42
1.0
 97
        1
330
0
 75
     0
 76
     1
 47
0.868144
 98
        1
 10
3.629517071192367
 20
33.92795499968543
1001
ACAD
1010
0.0
1020
0.0
1030
0.0
  0
LWPOLYLINE
  5
3028
330
1F
100
AcDbEntity
  8
MULTI-LAYER
100
AcDbPolyline
 90
        2
 70
     1
 43
0.0
 10
115.278232
 20
-96.139192
 42
1.0
 10
116.878232
 20
-96.139192
 42
1.0
  0
HATCH
  5
3030
330
1F
100
AcDbEntity
  8
MULTI-LAYER
100
AcDbHatch
 10
0.0
 20
0.0
 30
0.0
210
0.0
220
0.0
230
1.0
  2
SOLID
 70
     1
 71
     0
 91
        1
 92
        7
 72
     1
 73
     1
 93
        2
 10
115.2782321564643
 20
-96.13919227838457
 42
1.0
 10
116.8782321564643
 20
-96.13919227838457
 42
1.0
 97
        1
330
0
 75
     0
 76
     1
 47
0.868144
 98
        1
 10
3.629517071192367
 20
33.92795499968543
1001
ACAD
1010
0.0
1020
0.0
1030
0.0
  0
LWPOLYLINE
  5
3031
330
1F
100
AcDbEntity
  8
MULTI-LAYER
100
AcDbPolyline
 90
        2
 70
     1
 43
0.0
 10
115.278232
 20
-96.139192
 42
1.0
 10
116.878232
 20
-96.139192
 42
1.0
  0
HATCH
  5
3033
330
1F
100
AcDbEntity
  8
MULTI-LAYER
100
AcDbHatch
 10
0.0
 20
0.0
 30
0.0
210
0.0
220
0.0
230
1.0
  2
SOLID
 70
     1
 71
     0
 91
        1
 92
        7
 72
     1
 73
     1
 93
        2
 10
115.2782321564643
 20
-96.13919227838457
 42
1.0
 10
116.8782321564643
 20
-96.13919227838457
 42
1.0
 97
        1
330
0
 75
     0
 76
     1
 47
0.868144
 98
        1
 10
3.629517071192367
 20
33.92795499968543
1001
ACAD
1010
0.0
1020
0.0
1030
0.0
  0
LWPOLYLINE
  5
3034
330
1F
100
AcDbEntity
  8
MULTI-LAYER
100
AcDbPolyline
 90
        2
 70
     1
 43
0.0
 10
115.278232
 20
-96.139192
 42
1.0
 10
116.878232
 20
-96.139192
 42
1.0
  0
HATCH
  5
3057
330
1F
100
AcDbEntity
  8
MULTI-LAYER
100
AcDbHatch
 10
0.0
 20
0.0
 30
0.0
210
0.0
220
0.0
230
1.0
  2
SOLID
 70
     1
 71
     0
 91
        1
 92
        7
 72
     1
 73
     1
 93
        2
 10
115.2782321564643
 20
-98.67919735839473
 42
1.0
 10
116.8782321564643
 20
-98.67919735839473
 42
1.0
 97
        1
330
0
 75
     0
 76
     1
 47
0.868144
 98
        1
 10
3.629517071192367
 20
33.92795499968543
1001
ACAD
1010
0.0
1020
0.0
1030
0.0
  0
LWPOLYLINE
  5
3058
330
1F
100
AcDbEntity
  8
MULTI-LAYER
100
AcDbPolyline
 90
        2
 70
     1
 43
0.0
 10
115.278232
 20
-98.679197
 42
1.0
 10
116.878232
 20
-98.679197
 42
1.0
  0
HATCH
  5
3060
330
1F
100
AcDbEntity
  8
MULTI-LAYER
100
AcDbHatch
 10
0.0
 20
0.0
 30
0.0
210
0.0
220
0.0
230
1.0
  2
SOLID
 70
     1
 71
     0
 91
        1
 92
        7
 72
     1
 73
     1
 93
        2
 10
115.2782321564643
 20
-98.67919735839473
 42
1.0
 10
116.8782321564643
 20
-98.67919735839473
 42
1.0
 97
        1
330
0
 75
     0
 76
     1
 47
0.868144
 98
        1
 10
3.629517071192367
 20
33.92795499968543
1001
ACAD
1010
0.0
1020
0.0
1030
0.0
  0
LWPOLYLINE
  5
3061
330
1F
100
AcDbEntity
  8
MULTI-LAYER
100
AcDbPolyline
 90
        2
 70
     1
 43
0.0
 10
115.278232
 20
-98.679197
 42
1.0
 10
116.878232
 20
-98.679197
 42
1.0
  0
HATCH
  5
3063
330
1F
100
AcDbEntity
  8
MULTI-LAYER
100
AcDbHatch
 10
0.0
 20
0.0
 30
0.0
210
0.0
220
0.0
230
1.0
  2
SOLID
 70
     1
 71
     0
 91
        1
 92
        7
 72
     1
 73
     1
 93
        2
 10
115.2782321564643
 20
-98.67919735839473
 42
1.0
 10
116.8782321564643
 20
-98.67919735839473
 42
1.0
 97
        1
330
0
 75
     0
 76
     1
 47
0.868144
 98
        1
 10
3.629517071192367
 20
33.92795499968543
1001
ACAD
1010
0.0
1020
0.0
1030
0.0
  0
LWPOLYLINE
  5
3064
330
1F
100
AcDbEntity
  8
MULTI-LAYER
100
AcDbPolyline
 90
        2
 70
     1
 43
0.0
 10
115.278232
 20
-98.679197
 42
1.0
 10
116.878232
 20
-98.679197
 42
1.0
  0
HATCH
  5
3087
330
1F
100
AcDbEntity
  8
MULTI-LAYER
100
AcDbHatch
 10
0.0
 20
0.0
 30
0.0
210
0.0
220
0.0
230
1.0
  2
SOLID
 70
     1
 71
     0
 91
        1
 92
        7
 72
     1
 73
     1
 93
        2
 10
115.2782321564643
 20
-101.2192024384049
 42
1.0
 10
116.8782321564643
 20
-101.2192024384049
 42
1.0
 97
        1
330
0
 75
     0
 76
     1
 47
0.868144
 98
        1
 10
3.629517071192367
 20
33.92795499968543
1001
ACAD
1010
0.0
1020
0.0
1030
0.0
  0
LWPOLYLINE
  5
3088
330
1F
100
AcDbEntity
  8
MULTI-LAYER
100
AcDbPolyline
 90
        2
 70
     1
 43
0.0
 10
115.278232
 20
-101.219202
 42
1.0
 10
116.878232
 20
-101.219202
 42
1.0
  0
HATCH
  5
3090
330
1F
100
AcDbEntity
  8
MULTI-LAYER
100
AcDbHatch
 10
0.0
 20
0.0
 30
0.0
210
0.0
220
0.0
230
1.0
  2
SOLID
 70
     1
 71
     0
 91
        1
 92
        7
 72
     1
 73
     1
 93
        2
 10
115.2782321564643
 20
-101.2192024384049
 42
1.0
 10
116.8782321564643
 20
-101.2192024384049
 42
1.0
 97
        1
330
0
 75
     0
 76
     1
 47
0.868144
 98
        1
 10
3.629517071192367
 20
33.92795499968543
1001
ACAD
1010
0.0
1020
0.0
1030
0.0
  0
LWPOLYLINE
  5
3091
330
1F
100
AcDbEntity
  8
MULTI-LAYER
100
AcDbPolyline
 90
        2
 70
     1
 43
0.0
 10
115.278232
 20
-101.219202
 42
1.0
 10
116.878232
 20
-101.219202
 42
1.0
  0
HATCH
  5
3093
330
1F
100
AcDbEntity
  8
MULTI-LAYER
100
AcDbHatch
 10
0.0
 20
0.0
 30
0.0
210
0.0
220
0.0
230
1.0
  2
SOLID
 70
     1
 71
     0
 91
        1
 92
        7
 72
     1
 73
     1
 93
        2
 10
115.2782321564643
 20
-101.2192024384049
 42
1.0
 10
116.8782321564643
 20
-101.2192024384049
 42
1.0
 97
        1
330
0
 75
     0
 76
     1
 47
0.868144
 98
        1
 10
3.629517071192367
 20
33.92795499968543
1001
ACAD
1010
0.0
1020
0.0
1030
0.0
  0
LWPOLYLINE
  5
3094
330
1F
100
AcDbEntity
  8
MULTI-LAYER
100
AcDbPolyline
 90
        2
 70
     1
 43
0.0
 10
115.278232
 20
-101.219202
 42
1.0
 10
116.878232
 20
-101.219202
 42
1.0
  0
HATCH
  5
3117
330
1F
100
AcDbEntity
  8
MULTI-LAYER
100
AcDbHatch
 10
0.0
 20
0.0
 30
0.0
210
0.0
220
0.0
230
1.0
  2
SOLID
 70
     1
 71
     0
 91
        1
 92
        7
 72
     1
 73
     1
 93
        2
 10
11.06609093218187
 20
-103.251206502413
 42
1.0
 10
12.86609093218187
 20
-103.251206502413
 42
1.0
 97
        1
330
0
 75
     0
 76
     1
 47
0.868144
 98
        1
 10
3.629517071192367
 20
33.92795499968543
1001
ACAD
1010
0.0
1020
0.0
1030
0.0
  0
LWPOLYLINE
  5
3118
330
1F
100
AcDbEntity
  8
MULTI-LAYER
100
AcDbPolyline
 90
        2
 70
     1
 43
0.0
 10
11.066091
 20
-103.251207
 42
1.0
 10
12.866091
 20
-103.251207
 42
1.0
  0
HATCH
  5
3120
330
1F
100
AcDbEntity
  8
MULTI-LAYER
100
AcDbHatch
 10
0.0
 20
0.0
 30
0.0
210
0.0
220
0.0
230
1.0
  2
SOLID
 70
     1
 71
     0
 91
        1
 92
        7
 72
     1
 73
     1
 93
        2
 10
11.06609093218187
 20
-103.251206502413
 42
1.0
 10
12.86609093218187
 20
-103.251206502413
 42
1.0
 97
        1
330
0
 75
     0
 76
     1
 47
0.868144
 98
        1
 10
3.629517071192367
 20
33.92795499968543
1001
ACAD
1010
0.0
1020
0.0
1030
0.0
  0
LWPOLYLINE
  5
3121
330
1F
100
AcDbEntity
  8
MULTI-LAYER
100
AcDbPolyline
 90
        2
 70
     1
 43
0.0
 10
11.066091
 20
-103.251207
 42
1.0
 10
12.866091
 20
-103.251207
 42
1.0
  0
HATCH
  5
3123
330
1F
100
AcDbEntity
  8
MULTI-LAYER
100
AcDbHatch
 10
0.0
 20
0.0
 30
0.0
210
0.0
220
0.0
230
1.0
  2
SOLID
 70
     1
 71
     0
 91
        1
 92
        7
 72
     1
 73
     1
 93
        2
 10
11.06609093218187
 20
-103.251206502413
 42
1.0
 10
12.86609093218187
 20
-103.251206502413
 42
1.0
 97
        1
330
0
 75
     0
 76
     1
 47
0.868144
 98
        1
 10
3.629517071192367
 20
33.92795499968543
1001
ACAD
1010
0.0
1020
0.0
1030
0.0
  0
LWPOLYLINE
  5
3124
330
1F
100
AcDbEntity
  8
MULTI-LAYER
100
AcDbPolyline
 90
        2
 70
     1
 43
0.0
 10
11.066091
 20
-103.251207
 42
1.0
 10
12.866091
 20
-103.251207
 42
1.0
  0
HATCH
  5
3147
330
1F
100
AcDbEntity
  8
MULTI-LAYER
100
AcDbHatch
 10
0.0
 20
0.0
 30
0.0
210
0.0
220
0.0
230
1.0
  2
SOLID
 70
     1
 71
     0
 91
        1
 92
        7
 72
     1
 73
     1
 93
        2
 10
14.56596393192786
 20
-103.251206502413
 42
1.0
 10
16.36596393192787
 20
-103.251206502413
 42
1.0
 97
        1
330
0
 75
     0
 76
     1
 47
0.868144
 98
        1
 10
3.629517071192367
 20
33.92795499968543
1001
ACAD
1010
0.0
1020
0.0
1030
0.0
  0
LWPOLYLINE
  5
3148
330
1F
100
AcDbEntity
  8
MULTI-LAYER
100
AcDbPolyline
 90
        2
 70
     1
 43
0.0
 10
14.565964
 20
-103.251207
 42
1.0
 10
16.365964
 20
-103.251207
 42
1.0
  0
HATCH
  5
3150
330
1F
100
AcDbEntity
  8
MULTI-LAYER
100
AcDbHatch
 10
0.0
 20
0.0
 30
0.0
210
0.0
220
0.0
230
1.0
  2
SOLID
 70
     1
 71
     0
 91
        1
 92
        7
 72
     1
 73
     1
 93
        2
 10
14.56596393192786
 20
-103.251206502413
 42
1.0
 10
16.36596393192787
 20
-103.251206502413
 42
1.0
 97
        1
330
0
 75
     0
 76
     1
 47
0.868144
 98
        1
 10
3.629517071192367
 20
33.92795499968543
1001
ACAD
1010
0.0
1020
0.0
1030
0.0
  0
LWPOLYLINE
  5
3151
330
1F
100
AcDbEntity
  8
MULTI-LAYER
100
AcDbPolyline
 90
        2
 70
     1
 43
0.0
 10
14.565964
 20
-103.251207
 42
1.0
 10
16.365964
 20
-103.251207
 42
1.0
  0
HATCH
  5
3153
330
1F
100
AcDbEntity
  8
MULTI-LAYER
100
AcDbHatch
 10
0.0
 20
0.0
 30
0.0
210
0.0
220
0.0
230
1.0
  2
SOLID
 70
     1
 71
     0
 91
        1
 92
        7
 72
     1
 73
     1
 93
        2
 10
14.56596393192786
 20
-103.251206502413
 42
1.0
 10
16.36596393192787
 20
-103.251206502413
 42
1.0
 97
        1
330
0
 75
     0
 76
     1
 47
0.868144
 98
        1
 10
3.629517071192367
 20
33.92795499968543
1001
ACAD
1010
0.0
1020
0.0
1030
0.0
  0
LWPOLYLINE
  5
3154
330
1F
100
AcDbEntity
  8
MULTI-LAYER
100
AcDbPolyline
 90
        2
 70
     1
 43
0.0
 10
14.565964
 20
-103.251207
 42
1.0
 10
16.365964
 20
-103.251207
 42
1.0
  0
HATCH
  5
3237
330
1F
100
AcDbEntity
  8
MULTI-LAYER
100
AcDbHatch
 10
0.0
 20
0.0
 30
0.0
210
0.0
220
0.0
230
1.0
  2
SOLID
 70
     1
 71
     0
 91
        1
 92
        7
 72
     1
 73
     1
 93
        2
 10
10.22103124206249
 20
-83.43916687833376
 42
1.0
 10
12.22103124206249
 20
-83.43916687833376
 42
1.0
 97
        1
330
0
 75
     0
 76
     1
 47
0.868144
 98
        1
 10
3.629517071192367
 20
33.92795499968543
1001
ACAD
1010
0.0
1020
0.0
1030
0.0
  0
LWPOLYLINE
  5
3238
330
1F
100
AcDbEntity
  8
MULTI-LAYER
100
AcDbPolyline
 90
        4
 70
     0
 43
0.0
 10
10.221031
 20
-83.439167
 42
1.0
 10
12.221031
 20
-83.439167
 10
12.221031
 20
-83.439167
 42
1.0
 10
10.221031
 20
-83.439167
  0
HATCH
  5
3240
330
1F
100
AcDbEntity
  8
MULTI-LAYER
100
AcDbHatch
 10
0.0
 20
0.0
 30
0.0
210
0.0
220
0.0
230
1.0
  2
SOLID
 70
     1
 71
     0
 91
        1
 92
        7
 72
     1
 73
     1
 93
        2
 10
10.22103124206249
 20
-83.43916687833376
 42
1.0
 10
12.22103124206249
 20
-83.43916687833376
 42
1.0
 97
        1
330
0
 75
     0
 76
     1
 47
0.868144
 98
        1
 10
3.629517071192367
 20
33.92795499968543
1001
ACAD
1010
0.0
1020
0.0
1030
0.0
  0
LWPOLYLINE
  5
3241
330
1F
100
AcDbEntity
  8
MULTI-LAYER
100
AcDbPolyline
 90
        4
 70
     0
 43
0.0
 10
10.221031
 20
-83.439167
 42
1.0
 10
12.221031
 20
-83.439167
 10
12.221031
 20
-83.439167
 42
1.0
 10
10.221031
 20
-83.439167
  0
HATCH
  5
3243
330
1F
100
AcDbEntity
  8
MULTI-LAYER
100
AcDbHatch
 10
0.0
 20
0.0
 30
0.0
210
0.0
220
0.0
230
1.0
  2
SOLID
 70
     1
 71
     0
 91
        1
 92
        7
 72
     1
 73
     1
 93
        2
 10
10.22103124206249
 20
-83.43916687833376
 42
1.0
 10
12.22103124206249
 20
-83.43916687833376
 42
1.0
 97
        1
330
0
 75
     0
 76
     1
 47
0.868144
 98
        1
 10
3.629517071192367
 20
33.92795499968543
1001
ACAD
1010
0.0
1020
0.0
1030
0.0
  0
LWPOLYLINE
  5
3244
330
1F
100
AcDbEntity
  8
MULTI-LAYER
100
AcDbPolyline
 90
        4
 70
     0
 43
0.0
 10
10.221031
 20
-83.439167
 42
1.0
 10
12.221031
 20
-83.439167
 10
12.221031
 20
-83.439167
 42
1.0
 10
10.221031
 20
-83.439167
  0
HATCH
  5
3267
330
1F
100
AcDbEntity
  8
MULTI-LAYER
100
AcDbHatch
 10
0.0
 20
0.0
 30
0.0
210
0.0
220
0.0
230
1.0
  2
SOLID
 70
     1
 71
     0
 91
        1
 92
        7
 72
     1
 73
     1
 93
        2
 10
31.72115824231648
 20
-83.43916687833376
 42
1.0
 10
33.72115824231648
 20
-83.43916687833376
 42
1.0
 97
        1
330
0
 75
     0
 76
     1
 47
0.868144
 98
        1
 10
3.629517071192367
 20
33.92795499968543
1001
ACAD
1010
0.0
1020
0.0
1030
0.0
  0
LWPOLYLINE
  5
3268
330
1F
100
AcDbEntity
  8
MULTI-LAYER
100
AcDbPolyline
 90
        2
 70
     1
 43
0.0
 10
31.721158
 20
-83.439167
 42
1.0
 10
33.721158
 20
-83.439167
 42
1.0
  0
HATCH
  5
3270
330
1F
100
AcDbEntity
  8
MULTI-LAYER
100
AcDbHatch
 10
0.0
 20
0.0
 30
0.0
210
0.0
220
0.0
230
1.0
  2
SOLID
 70
     1
 71
     0
 91
        1
 92
        7
 72
     1
 73
     1
 93
        2
 10
31.72115824231648
 20
-83.43916687833376
 42
1.0
 10
33.72115824231648
 20
-83.43916687833376
 42
1.0
 97
        1
330
0
 75
     0
 76
     1
 47
0.868144
 98
        1
 10
3.629517071192367
 20
33.92795499968543
1001
ACAD
1010
0.0
1020
0.0
1030
0.0
  0
LWPOLYLINE
  5
3271
330
1F
100
AcDbEntity
  8
MULTI-LAYER
100
AcDbPolyline
 90
        2
 70
     1
 43
0.0
 10
31.721158
 20
-83.439167
 42
1.0
 10
33.721158
 20
-83.439167
 42
1.0
  0
HATCH
  5
3273
330
1F
100
AcDbEntity
  8
MULTI-LAYER
100
AcDbHatch
 10
0.0
 20
0.0
 30
0.0
210
0.0
220
0.0
230
1.0
  2
SOLID
 70
     1
 71
     0
 91
        1
 92
        7
 72
     1
 73
     1
 93
        2
 10
31.72115824231648
 20
-83.43916687833376
 42
1.0
 10
33.72115824231648
 20
-83.43916687833376
 42
1.0
 97
        1
330
0
 75
     0
 76
     1
 47
0.868144
 98
        1
 10
3.629517071192367
 20
33.92795499968543
1001
ACAD
1010
0.0
1020
0.0
1030
0.0
  0
LWPOLYLINE
  5
3274
330
1F
100
AcDbEntity
  8
MULTI-LAYER
100
AcDbPolyline
 90
        2
 70
     1
 43
0.0
 10
31.721158
 20
-83.439167
 42
1.0
 10
33.721158
 20
-83.439167
 42
1.0
  0
HATCH
  5
3297
330
1F
100
AcDbEntity
  8
MULTI-LAYER
100
AcDbHatch
 10
0.0
 20
0.0
 30
0.0
210
0.0
220
0.0
230
1.0
  2
SOLID
 70
     1
 71
     0
 91
        1
 92
        7
 72
     1
 73
     1
 93
        2
 10
152.9973075946152
 20
-59.81711963423928
 42
1.0
 10
154.5973075946152
 20
-59.81711963423928
 42
1.0
 97
        1
330
0
 75
     0
 76
     1
 47
0.868144
 98
        1
 10
3.629517071192367
 20
33.92795499968543
1001
ACAD
1010
0.0
1020
0.0
1030
0.0
  0
LWPOLYLINE
  5
3298
330
1F
100
AcDbEntity
  8
MULTI-LAYER
100
AcDbPolyline
 90
        4
 70
     0
 43
0.0
 10
152.997308
 20
-59.81712
 42
1.0
 10
154.597308
 20
-59.81712
 10
154.597308
 20
-59.81712
 42
1.0
 10
152.997308
 20
-59.81712
  0
HATCH
  5
3300
330
1F
100
AcDbEntity
  8
MULTI-LAYER
100
AcDbHatch
 10
0.0
 20
0.0
 30
0.0
210
0.0
220
0.0
230
1.0
  2
SOLID
 70
     1
 71
     0
 91
        1
 92
        7
 72
     1
 73
     1
 93
        2
 10
152.9973075946152
 20
-59.81711963423928
 42
1.0
 10
154.5973075946152
 20
-59.81711963423928
 42
1.0
 97
        1
330
0
 75
     0
 76
     1
 47
0.868144
 98
        1
 10
3.629517071192367
 20
33.92795499968543
1001
ACAD
1010
0.0
1020
0.0
1030
0.0
  0
LWPOLYLINE
  5
3301
330
1F
100
AcDbEntity
  8
MULTI-LAYER
100
AcDbPolyline
 90
        4
 70
     0
 43
0.0
 10
152.997308
 20
-59.81712
 42
1.0
 10
154.597308
 20
-59.81712
 10
154.597308
 20
-59.81712
 42
1.0
 10
152.997308
 20
-59.81712
  0
HATCH
  5
3303
330
1F
100
AcDbEntity
  8
MULTI-LAYER
100
AcDbHatch
 10
0.0
 20
0.0
 30
0.0
210
0.0
220
0.0
230
1.0
  2
SOLID
 70
     1
 71
     0
 91
        1
 92
        7
 72
     1
 73
     1
 93
        2
 10
152.9973075946152
 20
-59.81711963423928
 42
1.0
 10
154.5973075946152
 20
-59.81711963423928
 42
1.0
 97
        1
330
0
 75
     0
 76
     1
 47
0.868144
 98
        1
 10
3.629517071192367
 20
33.92795499968543
1001
ACAD
1010
0.0
1020
0.0
1030
0.0
  0
LWPOLYLINE
  5
3304
330
1F
100
AcDbEntity
  8
MULTI-LAYER
100
AcDbPolyline
 90
        4
 70
     0
 43
0.0
 10
152.997308
 20
-59.81712
 42
1.0
 10
154.597308
 20
-59.81712
 10
154.597308
 20
-59.81712
 42
1.0
 10
152.997308
 20
-59.81712
  0
HATCH
  5
3327
330
1F
100
AcDbEntity
  8
MULTI-LAYER
100
AcDbHatch
 10
0.0
 20
0.0
 30
0.0
210
0.0
220
0.0
230
1.0
  2
SOLID
 70
     1
 71
     0
 91
        1
 92
        7
 72
     1
 73
     1
 93
        2
 10
150.457302514605
 20
-59.81711963423928
 42
1.0
 10
152.0573025146051
 20
-59.81711963423928
 42
1.0
 97
        1
330
0
 75
     0
 76
     1
 47
0.868144
 98
        1
 10
3.629517071192367
 20
33.92795499968543
1001
ACAD
1010
0.0
1020
0.0
1030
0.0
  0
LWPOLYLINE
  5
3328
330
1F
100
AcDbEntity
  8
MULTI-LAYER
100
AcDbPolyline
 90
        4
 70
     0
 43
0.0
 10
150.457303
 20
-59.81712
 42
1.0
 10
152.057303
 20
-59.81712
 10
152.057303
 20
-59.81712
 42
1.0
 10
150.457303
 20
-59.81712
  0
HATCH
  5
3330
330
1F
100
AcDbEntity
  8
MULTI-LAYER
100
AcDbHatch
 10
0.0
 20
0.0
 30
0.0
210
0.0
220
0.0
230
1.0
  2
SOLID
 70
     1
 71
     0
 91
        1
 92
        7
 72
     1
 73
     1
 93
        2
 10
150.457302514605
 20
-59.81711963423928
 42
1.0
 10
152.0573025146051
 20
-59.81711963423928
 42
1.0
 97
        1
330
0
 75
     0
 76
     1
 47
0.868144
 98
        1
 10
3.629517071192367
 20
33.92795499968543
1001
ACAD
1010
0.0
1020
0.0
1030
0.0
  0
LWPOLYLINE
  5
3331
330
1F
100
AcDbEntity
  8
MULTI-LAYER
100
AcDbPolyline
 90
        4
 70
     0
 43
0.0
 10
150.457303
 20
-59.81712
 42
1.0
 10
152.057303
 20
-59.81712
 10
152.057303
 20
-59.81712
 42
1.0
 10
150.457303
 20
-59.81712
  0
HATCH
  5
3333
330
1F
100
AcDbEntity
  8
MULTI-LAYER
100
AcDbHatch
 10
0.0
 20
0.0
 30
0.0
210
0.0
220
0.0
230
1.0
  2
SOLID
 70
     1
 71
     0
 91
        1
 92
        7
 72
     1
 73
     1
 93
        2
 10
150.457302514605
 20
-59.81711963423928
 42
1.0
 10
152.0573025146051
 20
-59.81711963423928
 42
1.0
 97
        1
330
0
 75
     0
 76
     1
 47
0.868144
 98
        1
 10
3.629517071192367
 20
33.92795499968543
1001
ACAD
1010
0.0
1020
0.0
1030
0.0
  0
LWPOLYLINE
  5
3334
330
1F
100
AcDbEntity
  8
MULTI-LAYER
100
AcDbPolyline
 90
        4
 70
     0
 43
0.0
 10
150.457303
 20
-59.81712
 42
1.0
 10
152.057303
 20
-59.81712
 10
152.057303
 20
-59.81712
 42
1.0
 10
150.457303
 20
-59.81712
  0
HATCH
  5
3355
330
1F
100
AcDbEntity
  8
MULTI-LAYER
100
AcDbHatch
 10
0.0
 20
0.0
 30
0.0
210
0.0
220
0.0
230
1.0
  2
SOLID
 70
     1
 71
     0
 91
        1
 92
        7
 72
     0
 73
     1
 93
        4
 10
147.9298958597917
 20
-60.61711963423927
 10
147.9298958597917
 20
-59.01711963423928
 10
149.5046990093981
 20
-59.01711963423928
 10
149.5046990093981
 20
-60.61711963423927
 97
        1
330
3354
 75
     0
 76
     1
 47
0.412818
 98
        1
 10
34.90568961886538
 20
22.81183545379326
1001
ACAD
1010
0.0
1020
0.0
1030
0.0
  0
LWPOLYLINE
  5
3354
330
1F
100
AcDbEntity
  8
MULTI-LAYER
100
AcDbPolyline
 90
        4
 70
     1
 43
0.0
 10
147.929896
 20
-60.61712
 10
147.929896
 20
-59.01712
 10
149.504699
 20
-59.01712
 10
149.504699
 20
-60.61712
  0
HATCH
  5
3357
330
1F
100
AcDbEntity
  8
MULTI-LAYER
100
AcDbHatch
 10
0.0
 20
0.0
 30
0.0
210
0.0
220
0.0
230
1.0
  2
SOLID
 70
     1
 71
     0
 91
        1
 92
        7
 72
     0
 73
     1
 93
        4
 10
147.9298958597917
 20
-60.61711963423927
 10
147.9298958597917
 20
-59.01711963423928
 10
149.5046990093981
 20
-59.01711963423928
 10
149.5046990093981
 20
-60.61711963423927
 97
        1
330
3356
 75
     0
 76
     1
 47
0.412818
 98
        1
 10
34.90568961886538
 20
22.81183545379326
1001
ACAD
1010
0.0
1020
0.0
1030
0.0
  0
LWPOLYLINE
  5
3356
330
1F
100
AcDbEntity
  8
MULTI-LAYER
100
AcDbPolyline
 90
        4
 70
     1
 43
0.0
 10
147.929896
 20
-60.61712
 10
147.929896
 20
-59.01712
 10
149.504699
 20
-59.01712
 10
149.504699
 20
-60.61712
  0
HATCH
  5
3359
330
1F
100
AcDbEntity
  8
MULTI-LAYER
100
AcDbHatch
 10
0.0
 20
0.0
 30
0.0
210
0.0
220
0.0
230
1.0
  2
SOLID
 70
     1
 71
     0
 91
        1
 92
        7
 72
     0
 73
     1
 93
        4
 10
147.9298958597917
 20
-60.61711963423927
 10
147.9298958597917
 20
-59.01711963423928
 10
149.5046990093981
 20
-59.01711963423928
 10
149.5046990093981
 20
-60.61711963423927
 97
        1
330
3358
 75
     0
 76
     1
 47
0.412818
 98
        1
 10
34.90568961886538
 20
22.81183545379326
1001
ACAD
1010
0.0
1020
0.0
1030
0.0
  0
LWPOLYLINE
  5
3358
330
1F
100
AcDbEntity
  8
MULTI-LAYER
100
AcDbPolyline
 90
        4
 70
     1
 43
0.0
 10
147.929896
 20
-60.61712
 10
147.929896
 20
-59.01712
 10
149.504699
 20
-59.01712
 10
149.504699
 20
-60.61712
  0
HATCH
  5
3378
330
1F
100
AcDbEntity
  8
MULTI-LAYER
100
AcDbHatch
 10
0.0
 20
0.0
 30
0.0
210
0.0
220
0.0
230
1.0
  2
SOLID
 70
     1
 71
     0
 91
        1
 92
        7
 72
     1
 73
     1
 93
        2
 10
11.68315976631953
 20
-94.48818897637797
 42
1.0
 10
14.08315976631954
 20
-94.48818897637797
 42
1.0
 97
        1
330
0
 75
     0
 76
     1
 47
0.868144
 98
        1
 10
3.629517071192367
 20
33.92795499968543
1001
ACAD
1010
0.0
1020
0.0
1030
0.0
  0
LWPOLYLINE
  5
3379
330
1F
100
AcDbEntity
  8
MULTI-LAYER
100
AcDbPolyline
 90
        2
 70
     1
 43
0.0
 10
11.68316
 20
-94.488189
 42
1.0
 10
14.08316
 20
-94.488189
 42
1.0
  0
HATCH
  5
3381
330
1F
100
AcDbEntity
  8
MULTI-LAYER
100
AcDbHatch
 10
0.0
 20
0.0
 30
0.0
210
0.0
220
0.0
230
1.0
  2
SOLID
 70
     1
 71
     0
 91
        1
 92
        7
 72
     1
 73
     1
 93
        2
 10
11.68315976631953
 20
-94.48818897637797
 42
1.0
 10
14.08315976631954
 20
-94.48818897637797
 42
1.0
 97
        1
330
0
 75
     0
 76
     1
 47
0.868144
 98
        1
 10
3.629517071192367
 20
33.92795499968543
1001
ACAD
1010
0.0
1020
0.0
1030
0.0
  0
LWPOLYLINE
  5
3382
330
1F
100
AcDbEntity
  8
MULTI-LAYER
100
AcDbPolyline
 90
        2
 70
     1
 43
0.0
 10
11.68316
 20
-94.488189
 42
1.0
 10
14.08316
 20
-94.488189
 42
1.0
  0
HATCH
  5
3384
330
1F
100
AcDbEntity
  8
MULTI-LAYER
100
AcDbHatch
 10
0.0
 20
0.0
 30
0.0
210
0.0
220
0.0
230
1.0
  2
SOLID
 70
     1
 71
     0
 91
        1
 92
        7
 72
     1
 73
     1
 93
        2
 10
11.68315976631953
 20
-94.48818897637797
 42
1.0
 10
14.08315976631954
 20
-94.48818897637797
 42
1.0
 97
        1
330
0
 75
     0
 76
     1
 47
0.868144
 98
        1
 10
3.629517071192367
 20
33.92795499968543
1001
ACAD
1010
0.0
1020
0.0
1030
0.0
  0
LWPOLYLINE
  5
3385
330
1F
100
AcDbEntity
  8
MULTI-LAYER
100
AcDbPolyline
 90
        2
 70
     1
 43
0.0
 10
11.68316
 20
-94.488189
 42
1.0
 10
14.08316
 20
-94.488189
 42
1.0
  0
HATCH
  5
3406
330
1F
100
AcDbEntity
  8
MULTI-LAYER
100
AcDbHatch
 10
0.0
 20
0.0
 30
0.0
210
0.0
220
0.0
230
1.0
  2
SOLID
 70
     1
 71
     0
 91
        1
 92
        7
 72
     0
 73
     1
 93
        4
 10
21.08290576581153
 20
-93.38818897637798
 10
21.08290576581153
 20
-95.58818897637796
 10
18.68290576581153
 20
-95.58818897637796
 10
18.68290576581153
 20
-93.38818897637798
 97
        1
330
3405
 75
     0
 76
     1
 47
0.412818
 98
        1
 10
34.90568961886538
 20
22.81183545379326
1001
ACAD
1010
0.0
1020
0.0
1030
0.0
  0
LWPOLYLINE
  5
3405
330
1F
100
AcDbEntity
  8
MULTI-LAYER
100
AcDbPolyline
 90
        4
 70
     1
 43
0.0
 10
21.082906
 20
-93.388189
 10
21.082906
 20
-95.588189
 10
18.682906
 20
-95.588189
 10
18.682906
 20
-93.388189
  0
HATCH
  5
3408
330
1F
100
AcDbEntity
  8
MULTI-LAYER
100
AcDbHatch
 10
0.0
 20
0.0
 30
0.0
210
0.0
220
0.0
230
1.0
  2
SOLID
 70
     1
 71
     0
 91
        1
 92
        7
 72
     0
 73
     1
 93
        4
 10
21.08290576581153
 20
-93.38818897637798
 10
21.08290576581153
 20
-95.58818897637796
 10
18.68290576581153
 20
-95.58818897637796
 10
18.68290576581153
 20
-93.38818897637798
 97
        1
330
3407
 75
     0
 76
     1
 47
0.412818
 98
        1
 10
34.90568961886538
 20
22.81183545379326
1001
ACAD
1010
0.0
1020
0.0
1030
0.0
  0
LWPOLYLINE
  5
3407
330
1F
100
AcDbEntity
  8
MULTI-LAYER
100
AcDbPolyline
 90
        4
 70
     1
 43
0.0
 10
21.082906
 20
-93.388189
 10
21.082906
 20
-95.588189
 10
18.682906
 20
-95.588189
 10
18.682906
 20
-93.388189
  0
HATCH
  5
3410
330
1F
100
AcDbEntity
  8
MULTI-LAYER
100
AcDbHatch
 10
0.0
 20
0.0
 30
0.0
210
0.0
220
0.0
230
1.0
  2
SOLID
 70
     1
 71
     0
 91
        1
 92
        7
 72
     0
 73
     1
 93
        4
 10
21.08290576581153
 20
-93.38818897637798
 10
21.08290576581153
 20
-95.58818897637796
 10
18.68290576581153
 20
-95.58818897637796
 10
18.68290576581153
 20
-93.38818897637798
 97
        1
330
3409
 75
     0
 76
     1
 47
0.412818
 98
        1
 10
34.90568961886538
 20
22.81183545379326
1001
ACAD
1010
0.0
1020
0.0
1030
0.0
  0
LWPOLYLINE
  5
3409
330
1F
100
AcDbEntity
  8
MULTI-LAYER
100
AcDbPolyline
 90
        4
 70
     1
 43
0.0
 10
21.082906
 20
-93.388189
 10
21.082906
 20
-95.588189
 10
18.682906
 20
-95.588189
 10
18.682906
 20
-93.388189
  0
HATCH
  5
3429
330
1F
100
AcDbEntity
  8
MULTI-LAYER
100
AcDbHatch
 10
0.0
 20
0.0
 30
0.0
210
0.0
220
0.0
230
1.0
  2
SOLID
 70
     1
 71
     0
 91
        1
 92
        7
 72
     1
 73
     1
 93
        2
 10
15.18303276606553
 20
-94.48818897637797
 42
1.0
 10
17.58303276606553
 20
-94.48818897637797
 42
1.0
 97
        1
330
0
 75
     0
 76
     1
 47
0.868144
 98
        1
 10
3.629517071192367
 20
33.92795499968543
1001
ACAD
1010
0.0
1020
0.0
1030
0.0
  0
LWPOLYLINE
  5
3430
330
1F
100
AcDbEntity
  8
MULTI-LAYER
100
AcDbPolyline
 90
        2
 70
     1
 43
0.0
 10
15.183033
 20
-94.488189
 42
1.0
 10
17.583033
 20
-94.488189
 42
1.0
  0
HATCH
  5
3432
330
1F
100
AcDbEntity
  8
MULTI-LAYER
100
AcDbHatch
 10
0.0
 20
0.0
 30
0.0
210
0.0
220
0.0
230
1.0
  2
SOLID
 70
     1
 71
     0
 91
        1
 92
        7
 72
     1
 73
     1
 93
        2
 10
15.18303276606553
 20
-94.48818897637797
 42
1.0
 10
17.58303276606553
 20
-94.48818897637797
 42
1.0
 97
        1
330
0
 75
     0
 76
     1
 47
0.868144
 98
        1
 10
3.629517071192367
 20
33.92795499968543
1001
ACAD
1010
0.0
1020
0.0
1030
0.0
  0
LWPOLYLINE
  5
3433
330
1F
100
AcDbEntity
  8
MULTI-LAYER
100
AcDbPolyline
 90
        2
 70
     1
 43
0.0
 10
15.183033
 20
-94.488189
 42
1.0
 10
17.583033
 20
-94.488189
 42
1.0
  0
HATCH
  5
3435
330
1F
100
AcDbEntity
  8
MULTI-LAYER
100
AcDbHatch
 10
0.0
 20
0.0
 30
0.0
210
0.0
220
0.0
230
1.0
  2
SOLID
 70
     1
 71
     0
 91
        1
 92
        7
 72
     1
 73
     1
 93
        2
 10
15.18303276606553
 20
-94.48818897637797
 42
1.0
 10
17.58303276606553
 20
-94.48818897637797
 42
1.0
 97
        1
330
0
 75
     0
 76
     1
 47
0.868144
 98
        1
 10
3.629517071192367
 20
33.92795499968543
1001
ACAD
1010
0.0
1020
0.0
1030
0.0
  0
LWPOLYLINE
  5
3436
330
1F
100
AcDbEntity
  8
MULTI-LAYER
100
AcDbPolyline
 90
        2
 70
     1
 43
0.0
 10
15.183033
 20
-94.488189
 42
1.0
 10
17.583033
 20
-94.488189
 42
1.0
  0
HATCH
  5
3483
330
1F
100
AcDbEntity
  8
MULTI-LAYER
100
AcDbHatch
 10
0.0
 20
0.0
 30
0.0
210
0.0
220
0.0
230
1.0
  2
SOLID
 70
     1
 71
     0
 91
        1
 92
        7
 72
     1
 73
     1
 93
        2
 10
16.78803403606807
 20
-66.29413258826519
 42
1.0
 10
19.78803911607823
 20
-66.29413258826519
 42
1.0
 97
        1
330
0
 75
     0
 76
     1
 47
0.868144
 98
        1
 10
3.629517071192367
 20
33.92795499968543
1001
ACAD
1010
0.0
1020
0.0
1030
0.0
  0
LWPOLYLINE
  5
3484
330
1F
100
AcDbEntity
  8
MULTI-LAYER
100
AcDbPolyline
 90
        2
 70
     1
 43
0.0
 10
16.788034
 20
-66.294133
 42
1.0
 10
19.788039
 20
-66.294133
 42
1.0
  0
HATCH
  5
3486
330
1F
100
AcDbEntity
  8
MULTI-LAYER
100
AcDbHatch
 10
0.0
 20
0.0
 30
0.0
210
0.0
220
0.0
230
1.0
  2
SOLID
 70
     1
 71
     0
 91
        1
 92
        7
 72
     1
 73
     1
 93
        2
 10
16.78803403606807
 20
-66.29413258826519
 42
1.0
 10
19.78803911607823
 20
-66.29413258826519
 42
1.0
 97
        1
330
0
 75
     0
 76
     1
 47
0.868144
 98
        1
 10
3.629517071192367
 20
33.92795499968543
1001
ACAD
1010
0.0
1020
0.0
1030
0.0
  0
LWPOLYLINE
  5
3487
330
1F
100
AcDbEntity
  8
MULTI-LAYER
100
AcDbPolyline
 90
        2
 70
     1
 43
0.0
 10
16.788034
 20
-66.294133
 42
1.0
 10
19.788039
 20
-66.294133
 42
1.0
  0
HATCH
  5
3489
330
1F
100
AcDbEntity
  8
MULTI-LAYER
100
AcDbHatch
 10
0.0
 20
0.0
 30
0.0
210
0.0
220
0.0
230
1.0
  2
SOLID
 70
     1
 71
     0
 91
        1
 92
        7
 72
     1
 73
     1
 93
        2
 10
16.78803403606807
 20
-66.29413258826519
 42
1.0
 10
19.78803911607823
 20
-66.29413258826519
 42
1.0
 97
        1
330
0
 75
     0
 76
     1
 47
0.868144
 98
        1
 10
3.629517071192367
 20
33.92795499968543
1001
ACAD
1010
0.0
1020
0.0
1030
0.0
  0
LWPOLYLINE
  5
3490
330
1F
100
AcDbEntity
  8
MULTI-LAYER
100
AcDbPolyline
 90
        2
 70
     1
 43
0.0
 10
16.788034
 20
-66.294133
 42
1.0
 10
19.788039
 20
-66.294133
 42
1.0
  0
HATCH
  5
3513
330
1F
100
AcDbEntity
  8
MULTI-LAYER
100
AcDbHatch
 10
0.0
 20
0.0
 30
0.0
210
0.0
220
0.0
230
1.0
  2
SOLID
 70
     1
 71
     0
 91
        1
 92
        7
 72
     1
 73
     1
 93
        2
 10
29.48805943611887
 20
-66.29413258826519
 42
1.0
 10
32.48806451612904
 20
-66.29413258826519
 42
1.0
 97
        1
330
0
 75
     0
 76
     1
 47
0.868144
 98
        1
 10
3.629517071192367
 20
33.92795499968543
1001
ACAD
1010
0.0
1020
0.0
1030
0.0
  0
LWPOLYLINE
  5
3514
330
1F
100
AcDbEntity
  8
MULTI-LAYER
100
AcDbPolyline
 90
        2
 70
     1
 43
0.0
 10
29.488059
 20
-66.294133
 42
1.0
 10
32.488065
 20
-66.294133
 42
1.0
  0
HATCH
  5
3516
330
1F
100
AcDbEntity
  8
MULTI-LAYER
100
AcDbHatch
 10
0.0
 20
0.0
 30
0.0
210
0.0
220
0.0
230
1.0
  2
SOLID
 70
     1
 71
     0
 91
        1
 92
        7
 72
     1
 73
     1
 93
        2
 10
29.48805943611887
 20
-66.29413258826519
 42
1.0
 10
32.48806451612904
 20
-66.29413258826519
 42
1.0
 97
        1
330
0
 75
     0
 76
     1
 47
0.868144
 98
        1
 10
3.629517071192367
 20
33.92795499968543
1001
ACAD
1010
0.0
1020
0.0
1030
0.0
  0
LWPOLYLINE
  5
3517
330
1F
100
AcDbEntity
  8
MULTI-LAYER
100
AcDbPolyline
 90
        2
 70
     1
 43
0.0
 10
29.488059
 20
-66.294133
 42
1.0
 10
32.488065
 20
-66.294133
 42
1.0
  0
HATCH
  5
3519
330
1F
100
AcDbEntity
  8
MULTI-LAYER
100
AcDbHatch
 10
0.0
 20
0.0
 30
0.0
210
0.0
220
0.0
230
1.0
  2
SOLID
 70
     1
 71
     0
 91
        1
 92
        7
 72
     1
 73
     1
 93
        2
 10
29.48805943611887
 20
-66.29413258826519
 42
1.0
 10
32.48806451612904
 20
-66.29413258826519
 42
1.0
 97
        1
330
0
 75
     0
 76
     1
 47
0.868144
 98
        1
 10
3.629517071192367
 20
33.92795499968543
1001
ACAD
1010
0.0
1020
0.0
1030
0.0
  0
LWPOLYLINE
  5
3520
330
1F
100
AcDbEntity
  8
MULTI-LAYER
100
AcDbPolyline
 90
        2
 70
     1
 43
0.0
 10
29.488059
 20
-66.294133
 42
1.0
 10
32.488065
 20
-66.294133
 42
1.0
  0
HATCH
  5
3543
330
1F
100
AcDbEntity
  8
MULTI-LAYER
100
AcDbHatch
 10
0.0
 20
0.0
 30
0.0
210
0.0
220
0.0
230
1.0
  2
SOLID
 70
     1
 71
     0
 91
        1
 92
        7
 72
     1
 73
     1
 93
        2
 10
37.10807467614936
 20
-66.29413258826519
 42
1.0
 10
40.10807975615951
 20
-66.29413258826519
 42
1.0
 97
        1
330
0
 75
     0
 76
     1
 47
0.868144
 98
        1
 10
3.629517071192367
 20
33.92795499968543
1001
ACAD
1010
0.0
1020
0.0
1030
0.0
  0
LWPOLYLINE
  5
3544
330
1F
100
AcDbEntity
  8
MULTI-LAYER
100
AcDbPolyline
 90
        4
 70
     0
 43
0.0
 10
37.108075
 20
-66.294133
 42
1.0
 10
40.10808
 20
-66.294133
 10
40.10808
 20
-66.294133
 42
1.0
 10
37.108075
 20
-66.294133
  0
HATCH
  5
3546
330
1F
100
AcDbEntity
  8
MULTI-LAYER
100
AcDbHatch
 10
0.0
 20
0.0
 30
0.0
210
0.0
220
0.0
230
1.0
  2
SOLID
 70
     1
 71
     0
 91
        1
 92
        7
 72
     1
 73
     1
 93
        2
 10
37.10807467614936
 20
-66.29413258826519
 42
1.0
 10
40.10807975615951
 20
-66.29413258826519
 42
1.0
 97
        1
330
0
 75
     0
 76
     1
 47
0.868144
 98
        1
 10
3.629517071192367
 20
33.92795499968543
1001
ACAD
1010
0.0
1020
0.0
1030
0.0
  0
LWPOLYLINE
  5
3547
330
1F
100
AcDbEntity
  8
MULTI-LAYER
100
AcDbPolyline
 90
        4
 70
     0
 43
0.0
 10
37.108075
 20
-66.294133
 42
1.0
 10
40.10808
 20
-66.294133
 10
40.10808
 20
-66.294133
 42
1.0
 10
37.108075
 20
-66.294133
  0
HATCH
  5
3549
330
1F
100
AcDbEntity
  8
MULTI-LAYER
100
AcDbHatch
 10
0.0
 20
0.0
 30
0.0
210
0.0
220
0.0
230
1.0
  2
SOLID
 70
     1
 71
     0
 91
        1
 92
        7
 72
     1
 73
     1
 93
        2
 10
37.10807467614936
 20
-66.29413258826519
 42
1.0
 10
40.10807975615951
 20
-66.29413258826519
 42
1.0
 97
        1
330
0
 75
     0
 76
     1
 47
0.868144
 98
        1
 10
3.629517071192367
 20
33.92795499968543
1001
ACAD
1010
0.0
1020
0.0
1030
0.0
  0
LWPOLYLINE
  5
3550
330
1F
100
AcDbEntity
  8
MULTI-LAYER
100
AcDbPolyline
 90
        4
 70
     0
 43
0.0
 10
37.108075
 20
-66.294133
 42
1.0
 10
40.10808
 20
-66.294133
 10
40.10808
 20
-66.294133
 42
1.0
 10
37.108075
 20
-66.294133
  0
HATCH
  5
3573
330
1F
100
AcDbEntity
  8
MULTI-LAYER
100
AcDbHatch
 10
0.0
 20
0.0
 30
0.0
210
0.0
220
0.0
230
1.0
  2
SOLID
 70
     1
 71
     0
 91
        1
 92
        7
 72
     1
 73
     1
 93
        2
 10
37.10807467614936
 20
-35.81407162814326
 42
1.0
 10
40.10807975615951
 20
-35.81407162814326
 42
1.0
 97
        1
330
0
 75
     0
 76
     1
 47
0.868144
 98
        1
 10
3.629517071192367
 20
33.92795499968543
1001
ACAD
1010
0.0
1020
0.0
1030
0.0
  0
LWPOLYLINE
  5
3574
330
1F
100
AcDbEntity
  8
MULTI-LAYER
100
AcDbPolyline
 90
        4
 70
     0
 43
0.0
 10
37.108075
 20
-35.814072
 42
1.0
 10
40.10808
 20
-35.814072
 10
40.10808
 20
-35.814072
 42
1.0
 10
37.108075
 20
-35.814072
  0
HATCH
  5
3576
330
1F
100
AcDbEntity
  8
MULTI-LAYER
100
AcDbHatch
 10
0.0
 20
0.0
 30
0.0
210
0.0
220
0.0
230
1.0
  2
SOLID
 70
     1
 71
     0
 91
        1
 92
        7
 72
     1
 73
     1
 93
        2
 10
37.10807467614936
 20
-35.81407162814326
 42
1.0
 10
40.10807975615951
 20
-35.81407162814326
 42
1.0
 97
        1
330
0
 75
     0
 76
     1
 47
0.868144
 98
        1
 10
3.629517071192367
 20
33.92795499968543
1001
ACAD
1010
0.0
1020
0.0
1030
0.0
  0
LWPOLYLINE
  5
3577
330
1F
100
AcDbEntity
  8
MULTI-LAYER
100
AcDbPolyline
 90
        4
 70
     0
 43
0.0
 10
37.108075
 20
-35.814072
 42
1.0
 10
40.10808
 20
-35.814072
 10
40.10808
 20
-35.814072
 42
1.0
 10
37.108075
 20
-35.814072
  0
HATCH
  5
3579
330
1F
100
AcDbEntity
  8
MULTI-LAYER
100
AcDbHatch
 10
0.0
 20
0.0
 30
0.0
210
0.0
220
0.0
230
1.0
  2
SOLID
 70
     1
 71
     0
 91
        1
 92
        7
 72
     1
 73
     1
 93
        2
 10
37.10807467614936
 20
-35.81407162814326
 42
1.0
 10
40.10807975615951
 20
-35.81407162814326
 42
1.0
 97
        1
330
0
 75
     0
 76
     1
 47
0.868144
 98
        1
 10
3.629517071192367
 20
33.92795499968543
1001
ACAD
1010
0.0
1020
0.0
1030
0.0
  0
LWPOLYLINE
  5
3580
330
1F
100
AcDbEntity
  8
MULTI-LAYER
100
AcDbPolyline
 90
        4
 70
     0
 43
0.0
 10
37.108075
 20
-35.814072
 42
1.0
 10
40.10808
 20
-35.814072
 10
40.10808
 20
-35.814072
 42
1.0
 10
37.108075
 20
-35.814072
  0
HATCH
  5
3603
330
1F
100
AcDbEntity
  8
MULTI-LAYER
100
AcDbHatch
 10
0.0
 20
0.0
 30
0.0
210
0.0
220
0.0
230
1.0
  2
SOLID
 70
     1
 71
     0
 91
        1
 92
        7
 72
     1
 73
     1
 93
        2
 10
29.78155956311913
 20
-35.81407162814326
 42
1.0
 10
32.19456438912878
 20
-35.81407162814326
 42
1.0
 97
        1
330
0
 75
     0
 76
     1
 47
0.868144
 98
        1
 10
3.629517071192367
 20
33.92795499968543
1001
ACAD
1010
0.0
1020
0.0
1030
0.0
  0
LWPOLYLINE
  5
3604
330
1F
100
AcDbEntity
  8
MULTI-LAYER
100
AcDbPolyline
 90
        2
 70
     1
 43
0.0
 10
29.78156
 20
-35.814072
 42
1.0
 10
32.194564
 20
-35.814072
 42
1.0
  0
HATCH
  5
3606
330
1F
100
AcDbEntity
  8
MULTI-LAYER
100
AcDbHatch
 10
0.0
 20
0.0
 30
0.0
210
0.0
220
0.0
230
1.0
  2
SOLID
 70
     1
 71
     0
 91
        1
 92
        7
 72
     1
 73
     1
 93
        2
 10
29.78155956311913
 20
-35.81407162814326
 42
1.0
 10
32.19456438912878
 20
-35.81407162814326
 42
1.0
 97
        1
330
0
 75
     0
 76
     1
 47
0.868144
 98
        1
 10
3.629517071192367
 20
33.92795499968543
1001
ACAD
1010
0.0
1020
0.0
1030
0.0
  0
LWPOLYLINE
  5
3607
330
1F
100
AcDbEntity
  8
MULTI-LAYER
100
AcDbPolyline
 90
        2
 70
     1
 43
0.0
 10
29.78156
 20
-35.814072
 42
1.0
 10
32.194564
 20
-35.814072
 42
1.0
  0
HATCH
  5
3609
330
1F
100
AcDbEntity
  8
MULTI-LAYER
100
AcDbHatch
 10
0.0
 20
0.0
 30
0.0
210
0.0
220
0.0
230
1.0
  2
SOLID
 70
     1
 71
     0
 91
        1
 92
        7
 72
     1
 73
     1
 93
        2
 10
29.78155956311913
 20
-35.81407162814326
 42
1.0
 10
32.19456438912878
 20
-35.81407162814326
 42
1.0
 97
        1
330
0
 75
     0
 76
     1
 47
0.868144
 98
        1
 10
3.629517071192367
 20
33.92795499968543
1001
ACAD
1010
0.0
1020
0.0
1030
0.0
  0
LWPOLYLINE
  5
3610
330
1F
100
AcDbEntity
  8
MULTI-LAYER
100
AcDbPolyline
 90
        2
 70
     1
 43
0.0
 10
29.78156
 20
-35.814072
 42
1.0
 10
32.194564
 20
-35.814072
 42
1.0
  0
HATCH
  5
3633
330
1F
100
AcDbEntity
  8
MULTI-LAYER
100
AcDbHatch
 10
0.0
 20
0.0
 30
0.0
210
0.0
220
0.0
230
1.0
  2
SOLID
 70
     1
 71
     0
 91
        1
 92
        7
 72
     1
 73
     1
 93
        2
 10
16.78803403606807
 20
-35.81407162814326
 42
1.0
 10
19.78803911607823
 20
-35.81407162814326
 42
1.0
 97
        1
330
0
 75
     0
 76
     1
 47
0.868144
 98
        1
 10
3.629517071192367
 20
33.92795499968543
1001
ACAD
1010
0.0
1020
0.0
1030
0.0
  0
LWPOLYLINE
  5
3634
330
1F
100
AcDbEntity
  8
MULTI-LAYER
100
AcDbPolyline
 90
        2
 70
     1
 43
0.0
 10
16.788034
 20
-35.814072
 42
1.0
 10
19.788039
 20
-35.814072
 42
1.0
  0
HATCH
  5
3636
330
1F
100
AcDbEntity
  8
MULTI-LAYER
100
AcDbHatch
 10
0.0
 20
0.0
 30
0.0
210
0.0
220
0.0
230
1.0
  2
SOLID
 70
     1
 71
     0
 91
        1
 92
        7
 72
     1
 73
     1
 93
        2
 10
16.78803403606807
 20
-35.81407162814326
 42
1.0
 10
19.78803911607823
 20
-35.81407162814326
 42
1.0
 97
        1
330
0
 75
     0
 76
     1
 47
0.868144
 98
        1
 10
3.629517071192367
 20
33.92795499968543
1001
ACAD
1010
0.0
1020
0.0
1030
0.0
  0
LWPOLYLINE
  5
3637
330
1F
100
AcDbEntity
  8
MULTI-LAYER
100
AcDbPolyline
 90
        2
 70
     1
 43
0.0
 10
16.788034
 20
-35.814072
 42
1.0
 10
19.788039
 20
-35.814072
 42
1.0
  0
HATCH
  5
3639
330
1F
100
AcDbEntity
  8
MULTI-LAYER
100
AcDbHatch
 10
0.0
 20
0.0
 30
0.0
210
0.0
220
0.0
230
1.0
  2
SOLID
 70
     1
 71
     0
 91
        1
 92
        7
 72
     1
 73
     1
 93
        2
 10
16.78803403606807
 20
-35.81407162814326
 42
1.0
 10
19.78803911607823
 20
-35.81407162814326
 42
1.0
 97
        1
330
0
 75
     0
 76
     1
 47
0.868144
 98
        1
 10
3.629517071192367
 20
33.92795499968543
1001
ACAD
1010
0.0
1020
0.0
1030
0.0
  0
LWPOLYLINE
  5
3640
330
1F
100
AcDbEntity
  8
MULTI-LAYER
100
AcDbPolyline
 90
        2
 70
     1
 43
0.0
 10
16.788034
 20
-35.814072
 42
1.0
 10
19.788039
 20
-35.814072
 42
1.0
  0
HATCH
  5
3663
330
1F
100
AcDbEntity
  8
MULTI-LAYER
100
AcDbHatch
 10
0.0
 20
0.0
 30
0.0
210
0.0
220
0.0
230
1.0
  2
SOLID
 70
     1
 71
     0
 91
        1
 92
        7
 72
     1
 73
     1
 93
        2
 10
27.29805435610872
 20
-35.81407162814326
 42
1.0
 10
29.59805943611888
 20
-35.81407162814326
 42
1.0
 97
        1
330
0
 75
     0
 76
     1
 47
0.868144
 98
        1
 10
3.629517071192367
 20
33.92795499968543
1001
ACAD
1010
0.0
1020
0.0
1030
0.0
  0
LWPOLYLINE
  5
3664
330
1F
100
AcDbEntity
  8
MULTI-LAYER
100
AcDbPolyline
 90
        4
 70
     0
 43
0.0
 10
27.298054
 20
-35.814072
 42
1.0
 10
29.598059
 20
-35.814072
 10
29.598059
 20
-35.814072
 42
1.0
 10
27.298054
 20
-35.814072
  0
HATCH
  5
3666
330
1F
100
AcDbEntity
  8
MULTI-LAYER
100
AcDbHatch
 10
0.0
 20
0.0
 30
0.0
210
0.0
220
0.0
230
1.0
  2
SOLID
 70
     1
 71
     0
 91
        1
 92
        7
 72
     1
 73
     1
 93
        2
 10
27.29805435610872
 20
-35.81407162814326
 42
1.0
 10
29.59805943611888
 20
-35.81407162814326
 42
1.0
 97
        1
330
0
 75
     0
 76
     1
 47
0.868144
 98
        1
 10
3.629517071192367
 20
33.92795499968543
1001
ACAD
1010
0.0
1020
0.0
1030
0.0
  0
LWPOLYLINE
  5
3667
330
1F
100
AcDbEntity
  8
MULTI-LAYER
100
AcDbPolyline
 90
        4
 70
     0
 43
0.0
 10
27.298054
 20
-35.814072
 42
1.0
 10
29.598059
 20
-35.814072
 10
29.598059
 20
-35.814072
 42
1.0
 10
27.298054
 20
-35.814072
  0
HATCH
  5
3669
330
1F
100
AcDbEntity
  8
MULTI-LAYER
100
AcDbHatch
 10
0.0
 20
0.0
 30
0.0
210
0.0
220
0.0
230
1.0
  2
SOLID
 70
     1
 71
     0
 91
        1
 92
        7
 72
     1
 73
     1
 93
        2
 10
27.29805435610872
 20
-35.81407162814326
 42
1.0
 10
29.59805943611888
 20
-35.81407162814326
 42
1.0
 97
        1
330
0
 75
     0
 76
     1
 47
0.868144
 98
        1
 10
3.629517071192367
 20
33.92795499968543
1001
ACAD
1010
0.0
1020
0.0
1030
0.0
  0
LWPOLYLINE
  5
3670
330
1F
100
AcDbEntity
  8
MULTI-LAYER
100
AcDbPolyline
 90
        4
 70
     0
 43
0.0
 10
27.298054
 20
-35.814072
 42
1.0
 10
29.598059
 20
-35.814072
 10
29.598059
 20
-35.814072
 42
1.0
 10
27.298054
 20
-35.814072
  0
LWPOLYLINE
  5
3824
330
1F
100
AcDbEntity
  8
MULTI-LAYER
100
AcDbPolyline
 90
        2
 70
     1
 43
0.0
 10
171.069342
 20
-13.112073
 42
1.0
 10
172.339345
 20
-13.112073
 42
1.0
  0
LWPOLYLINE
  5
3856
330
1F
100
AcDbEntity
  8
MULTI-LAYER
100
AcDbPolyline
 90
        2
 70
     1
 43
0.0
 10
2.286005
 20
-62.738125
 42
1.0
 10
3.556007
 20
-62.738125
 42
1.0
  0
LWPOLYLINE
  5
3858
330
1F
100
AcDbEntity
  8
MULTI-LAYER
100
AcDbPolyline
 90
        2
 70
     1
 43
0.0
 10
1.778004
 20
-75.311151
 42
1.0
 10
3.048006
 20
-75.311151
 42
1.0
  0
LWPOLYLINE
  5
3860
330
1F
100
AcDbEntity
  8
MULTI-LAYER
100
AcDbPolyline
 90
        2
 70
     1
 43
0.0
 10
54.229108
 20
-105.791212
 42
1.0
 10
55.499111
 20
-105.791212
 42
1.0
  0
LWPOLYLINE
  5
3862
330
1F
100
AcDbEntity
  8
MULTI-LAYER
100
AcDbPolyline
 90
        2
 70
     1
 43
0.0
 10
66.675133
 20
-105.791212
 42
1.0
 10
67.945136
 20
-105.791212
 42
1.0
  0
LWPOLYLINE
  5
3864
330
1F
100
AcDbEntity
  8
MULTI-LAYER
100
AcDbPolyline
 90
        2
 70
     1
 43
0.0
 10
57.023114
 20
-102.362205
 42
1.0
 10
58.293117
 20
-102.362205
 42
1.0
  0
LWPOLYLINE
  5
3868
330
1F
100
AcDbEntity
  8
MULTI-LAYER
100
AcDbPolyline
 90
        2
 70
     1
 43
0.0
 10
73.406147
 20
-90.551181
 42
1.0
 10
74.676149
 20
-90.551181
 42
1.0
  0
LWPOLYLINE
  5
3870
330
1F
100
AcDbEntity
  8
MULTI-LAYER
100
AcDbPolyline
 90
        2
 70
     1
 43
0.0
 10
74.422149
 20
-105.791212
 42
1.0
 10
75.692151
 20
-105.791212
 42
1.0
  0
LWPOLYLINE
  5
3872
330
1F
100
AcDbEntity
  8
MULTI-LAYER
100
AcDbPolyline
 90
        2
 70
     1
 43
0.0
 10
86.868174
 20
-105.918212
 42
1.0
 10
88.138176
 20
-105.918212
 42
1.0
  0
LWPOLYLINE
  5
3874
330
1F
100
AcDbEntity
  8
MULTI-LAYER
100
AcDbPolyline
 90
        2
 70
     1
 43
0.0
 10
94.742189
 20
-105.791212
 42
1.0
 10
96.012192
 20
-105.791212
 42
1.0
  0
LWPOLYLINE
  5
3876
330
1F
100
AcDbEntity
  8
MULTI-LAYER
100
AcDbPolyline
 90
        2
 70
     1
 43
0.0
 10
107.315215
 20
-105.791212
 42
1.0
 10
108.585217
 20
-105.791212
 42
1.0
  0
LWPOLYLINE
  5
3888
330
1F
100
AcDbEntity
  8
MULTI-LAYER
100
AcDbPolyline
 90
        2
 70
     1
 43
0.0
 10
144.78029
 20
-56.525799
 42
1.0
 10
146.050292
 20
-56.525799
 42
1.0
  0
LWPOLYLINE
  5
3900
330
1F
100
AcDbEntity
  8
MULTI-LAYER
100
AcDbPolyline
 90
        2
 70
     1
 43
0.0
 10
4.95301
 20
-72.390145
 42
1.0
 10
6.223012
 20
-72.390145
 42
1.0
  0
LWPOLYLINE
  5
3902
330
1F
100
AcDbEntity
  8
MULTI-LAYER
100
AcDbPolyline
 90
        2
 70
     1
 43
0.0
 10
174.244348
 20
-38.354077
 42
1.0
 10
175.514351
 20
-38.354077
 42
1.0
  0
HATCH
  5
4106
330
1F
100
AcDbEntity
  8
MULTI-LAYER
100
AcDbHatch
 10
0.0
 20
0.0
 30
0.0
210
0.0
220
0.0
230
1.0
  2
SOLID
 70
     1
 71
     0
 91
        1
 92
        7
 72
     1
 73
     1
 93
        2
 10
73.16413512827027
 20
-83.22910845821693
 42
1.0
 10
74.66416052832106
 20
-83.22910845821693
 42
1.0
 97
        1
330
0
 75
     0
 76
     1
 47
0.868144
 98
        1
 10
3.629517071192367
 20
33.92795499968543
1001
ACAD
1010
0.0
1020
0.0
1030
0.0
  0
LWPOLYLINE
  5
4107
330
1F
100
AcDbEntity
  8
MULTI-LAYER
100
AcDbPolyline
 90
        2
 70
     1
 43
0.645163
 10
73.164135
 20
-83.229108
 42
1.0
 10
74.664161
 20
-83.229108
 42
1.0
  0
HATCH
  5
4109
330
1F
100
AcDbEntity
  8
MULTI-LAYER
100
AcDbHatch
 10
0.0
 20
0.0
 30
0.0
210
0.0
220
0.0
230
1.0
  2
SOLID
 70
     1
 71
     0
 91
        1
 92
        7
 72
     1
 73
     1
 93
        2
 10
73.16413512827027
 20
-75.72923545847092
 42
1.0
 10
74.66416052832106
 20
-75.72923545847092
 42
1.0
 97
        1
330
0
 75
     0
 76
     1
 47
0.868144
 98
        1
 10
3.629517071192367
 20
33.92795499968543
1001
ACAD
1010
0.0
1020
0.0
1030
0.0
  0
LWPOLYLINE
  5
4110
330
1F
100
AcDbEntity
  8
MULTI-LAYER
100
AcDbPolyline
 90
        2
 70
     1
 43
0.645163
 10
73.164135
 20
-75.729235
 42
1.0
 10
74.664161
 20
-75.729235
 42
1.0
  0
LWPOLYLINE
  5
1076
330
1F
100
AcDbEntity
  8
DOCUMENT-LAYER
100
AcDbPolyline
 90
        2
 70
     1
 43
0.3
 10
5.693294
 20
-67.072263
 42
1.0
 10
5.993523
 20
-67.072263
 42
1.0
  0
LWPOLYLINE
  5
1077
330
1F
100
AcDbEntity
  8
DOCUMENT-LAYER
100
AcDbPolyline
 90
        2
 70
     1
 43
0.3
 10
99.561214
 20
-102.233807
 42
1.0
 10
99.861443
 20
-102.233807
 42
1.0
  0
LWPOLYLINE
  5
1078
330
1F
100
AcDbEntity
  8
DOCUMENT-LAYER
100
AcDbPolyline
 90
        2
 70
     1
 43
0.3
 10
79.241173
 20
-102.233807
 42
1.0
 10
79.541402
 20
-102.233807
 42
1.0
  0
LWPOLYLINE
  5
1079
330
1F
100
AcDbEntity
  8
DOCUMENT-LAYER
100
AcDbPolyline
 90
        4
 70
     0
 43
0.5
 10
73.664211
 20
-83.210566
 42
1.0
 10
74.164084
 20
-83.210566
 10
74.164084
 20
-83.210566
 42
1.0
 10
73.664211
 20
-83.210566
  0
LWPOLYLINE
  5
1080
330
1F
100
AcDbEntity
  8
DOCUMENT-LAYER
100
AcDbPolyline
 90
        4
 70
     0
 43
0.5
 10
73.664211
 20
-75.717551
 42
1.0
 10
74.164084
 20
-75.717551
 10
74.164084
 20
-75.717551
 42
1.0
 10
73.664211
 20
-75.717551
  0
LWPOLYLINE
  5
1093
330
1F
100
AcDbEntity
  8
DOCUMENT-LAYER
100
AcDbPolyline
 90
        2
 70
     1
 43
0.3
 10
58.921133
 20
-102.233807
 42
1.0
 10
59.221361
 20
-102.233807
 42
1.0
  0
HATCH
  5
1229
330
1F
100
AcDbEntity
  8
DOCUMENT-LAYER
100
AcDbHatch
 10
0.0
 20
0.0
 30
0.0
210
0.0
220
0.0
230
1.0
  2
SOLID
 70
     1
 71
     0
 91
        1
 92
        7
 72
     0
 73
     1
 93
        4
 10
76.58115316230634
 20
-74.5491490982982
 10
76.58115316230634
 20
-77.4701549403099
 10
75.94615189230379
 20
-77.4701549403099
 10
75.94615189230379
 20
-74.5491490982982
 97
        1
330
1228
 75
     0
 76
     1
 47
0.412818
 98
        1
 10
34.90568961886538
 20
22.81183545379326
1001
ACAD
1010
0.0
1020
0.0
1030
0.0
  0
LWPOLYLINE
  5
1228
330
1F
100
AcDbEntity
  8
DOCUMENT-LAYER
100
AcDbPolyline
 90
        4
 70
     1
 43
0.00508
 10
76.581153
 20
-74.549149
 10
76.581153
 20
-77.470155
 10
75.946152
 20
-77.470155
 10
75.946152
 20
-74.549149
  0
HATCH
  5
1231
330
1F
100
AcDbEntity
  8
DOCUMENT-LAYER
100
AcDbHatch
 10
0.0
 20
0.0
 30
0.0
210
0.0
220
0.0
230
1.0
  2
SOLID
 70
     1
 71
     0
 91
        1
 92
        7
 72
     0
 73
     1
 93
        4
 10
74.78742697485396
 20
-75.73093726187453
 10
77.70843281686565
 20
-75.73093726187453
 10
77.70843281686565
 20
-76.36593853187706
 10
74.78742697485396
 20
-76.36593853187706
 97
        1
330
1230
 75
     0
 76
     1
 47
0.412818
 98
        1
 10
34.90568961886538
 20
22.81183545379326
1001
ACAD
1010
0.0
1020
0.0
1030
0.0
  0
LWPOLYLINE
  5
1230
330
1F
100
AcDbEntity
  8
DOCUMENT-LAYER
100
AcDbPolyline
 90
        4
 70
     1
 43
0.00508
 10
74.787427
 20
-75.730937
 10
77.708433
 20
-75.730937
 10
77.708433
 20
-76.365939
 10
74.787427
 20
-76.365939
  0
HATCH
  5
1233
330
1F
100
AcDbEntity
  8
DOCUMENT-LAYER
100
AcDbHatch
 10
0.0
 20
0.0
 30
0.0
210
0.0
220
0.0
230
1.0
  2
SOLID
 70
     1
 71
     0
 91
        1
 92
        7
 72
     0
 73
     1
 93
        4
 10
76.42992125984253
 20
-81.90060960121922
 10
76.42992125984253
 20
-84.8216154432309
 10
75.79491998984
 20
-84.8216154432309
 10
75.79491998984
 20
-81.90060960121922
 97
        1
330
1232
 75
     0
 76
     1
 47
0.412818
 98
        1
 10
34.90568961886538
 20
22.81183545379326
1001
ACAD
1010
0.0
1020
0.0
1030
0.0
  0
LWPOLYLINE
  5
1232
330
1F
100
AcDbEntity
  8
DOCUMENT-LAYER
100
AcDbPolyline
 90
        4
 70
     1
 43
0.00508
 10
76.429921
 20
-81.90061
 10
76.429921
 20
-84.821615
 10
75.79492
 20
-84.821615
 10
75.79492
 20
-81.90061
  0
HATCH
  5
1270
330
1F
100
AcDbEntity
  8
DOCUMENT-LAYER
100
AcDbHatch
 10
0.0
 20
0.0
 30
0.0
210
0.0
220
0.0
230
1.0
  2
SOLID
 70
     1
 71
     0
 91
        1
 92
        7
 72
     0
 73
     1
 93
       12
 10
168.3623317246635
 20
-45.18509017018035
 10
174.1123444246889
 20
-45.18509017018035
 10
174.1123444246889
 20
-57.68511557023115
 10
168.3623317246635
 20
-57.68511557023115
 10
168.3623317246635
 20
-54.56611633223267
 10
168.7623317246635
 20
-54.56611633223267
 10
168.7623317246635
 20
-57.23510287020574
 10
173.7123444246889
 20
-57.23510287020574
 10
173.7123444246889
 20
-45.63510287020575
 10
168.7623317246635
 20
-45.63510287020575
 10
168.7623317246635
 20
-48.30612141224283
 10
168.3623317246635
 20
-48.30612141224283
 97
        1
330
1269
 75
     0
 76
     1
 47
0.412818
 98
        1
 10
34.90568961886538
 20
22.81183545379326
1001
ACAD
1010
0.0
1020
0.0
1030
0.0
  0
LWPOLYLINE
  5
1269
330
1F
100
AcDbEntity
  8
DOCUMENT-LAYER
100
AcDbPolyline
 90
       12
 70
     1
 43
0.00508
 10
168.362332
 20
-45.18509
 10
174.112344
 20
-45.18509
 10
174.112344
 20
-57.685116
 10
168.362332
 20
-57.685116
 10
168.362332
 20
-54.566116
 10
168.762332
 20
-54.566116
 10
168.762332
 20
-57.235103
 10
173.712344
 20
-57.235103
 10
173.712344
 20
-45.635103
 10
168.762332
 20
-45.635103
 10
168.762332
 20
-48.306121
 10
168.362332
 20
-48.306121
  0
HATCH
  5
1272
330
1F
100
AcDbEntity
  8
DOCUMENT-LAYER
100
AcDbHatch
 10
0.0
 20
0.0
 30
0.0
210
0.0
220
0.0
230
1.0
  2
SOLID
 70
     1
 71
     0
 91
        1
 92
        7
 72
     0
 73
     1
 93
        4
 10
168.3623571247143
 20
-53.43510287020575
 10
168.3623571247143
 20
-49.43510287020575
 10
168.7623571247143
 20
-49.43510287020575
 10
168.7623571247143
 20
-53.43510287020575
 97
        1
330
1271
 75
     0
 76
     1
 47
0.412818
 98
        1
 10
34.90568961886538
 20
22.81183545379326
1001
ACAD
1010
0.0
1020
0.0
1030
0.0
  0
LWPOLYLINE
  5
1271
330
1F
100
AcDbEntity
  8
DOCUMENT-LAYER
100
AcDbPolyline
 90
        4
 70
     1
 43
0.00508
 10
168.362357
 20
-53.435103
 10
168.362357
 20
-49.435103
 10
168.762357
 20
-49.435103
 10
168.762357
 20
-53.435103
  0
HATCH
  5
1286
330
1F
100
AcDbEntity
  8
DOCUMENT-LAYER
100
AcDbHatch
 10
0.0
 20
0.0
 30
0.0
210
0.0
220
0.0
230
1.0
  2
SOLID
 70
     1
 71
     0
 91
        1
 92
        7
 72
     0
 73
     1
 93
        5
 10
173.8633477266955
 20
-70.20411480822962
 10
174.4583185166371
 20
-70.20411480822962
 10
174.4853441706884
 20
-70.23114046228093
 10
174.4853441706884
 20
-71.92910845821692
 10
173.8633477266955
 20
-71.92910845821692
 97
        1
330
1285
 75
     0
 76
     1
 47
0.412818
 98
        1
 10
34.90568961886538
 20
22.81183545379326
1001
ACAD
1010
0.0
1020
0.0
1030
0.0
  0
LWPOLYLINE
  5
1285
330
1F
100
AcDbEntity
  8
DOCUMENT-LAYER
100
AcDbPolyline
 90
        5
 70
     1
 43
0.00508
 10
173.863348
 20
-70.204115
 10
174.458319
 20
-70.204115
 10
174.485344
 20
-70.23114
 10
174.485344
 20
-71.929108
 10
173.863348
 20
-71.929108
  0
HATCH
  5
1288
330
1F
100
AcDbEntity
  8
DOCUMENT-LAYER
100
AcDbHatch
 10
0.0
 20
0.0
 30
0.0
210
0.0
220
0.0
230
1.0
  2
SOLID
 70
     1
 71
     0
 91
        1
 92
        7
 72
     0
 73
     1
 93
        8
 10
173.2283464566929
 20
-61.92923545847093
 10
173.2283464566929
 20
-62.61112522225046
 10
169.1643383286767
 20
-62.61112522225046
 10
169.1643383286767
 20
-71.247142494285
 10
173.2283464566929
 20
-71.247142494285
 10
173.2283464566929
 20
-71.92910845821692
 10
168.5853441706884
 20
-71.92910845821692
 10
168.5853441706884
 20
-61.92923545847093
 97
        1
330
1287
 75
     0
 76
     1
 47
0.412818
 98
        1
 10
34.90568961886538
 20
22.81183545379326
1001
ACAD
1010
0.0
1020
0.0
1030
0.0
  0
LWPOLYLINE
  5
1287
330
1F
100
AcDbEntity
  8
DOCUMENT-LAYER
100
AcDbPolyline
 90
        8
 70
     1
 43
0.00508
 10
173.228346
 20
-61.929235
 10
173.228346
 20
-62.611125
 10
169.164338
 20
-62.611125
 10
169.164338
 20
-71.247142
 10
173.228346
 20
-71.247142
 10
173.228346
 20
-71.929108
 10
168.585344
 20
-71.929108
 10
168.585344
 20
-61.929235
  0
HATCH
  5
1290
330
1F
100
AcDbEntity
  8
DOCUMENT-LAYER
100
AcDbHatch
 10
0.0
 20
0.0
 30
0.0
210
0.0
220
0.0
230
1.0
  2
SOLID
 70
     1
 71
     0
 91
        1
 92
        7
 72
     0
 73
     1
 93
        4
 10
173.8633477266955
 20
-65.20424180848362
 10
174.498348996698
 20
-65.15113030226061
 10
174.4853441706884
 20
-68.68011176022353
 10
173.8633477266955
 20
-68.68011176022353
 97
        1
330
1289
 75
     0
 76
     1
 47
0.412818
 98
        1
 10
34.90568961886538
 20
22.81183545379326
1001
ACAD
1010
0.0
1020
0.0
1030
0.0
  0
LWPOLYLINE
  5
1289
330
1F
100
AcDbEntity
  8
DOCUMENT-LAYER
100
AcDbPolyline
 90
        4
 70
     1
 43
0.00508
 10
173.863348
 20
-65.204242
 10
174.498349
 20
-65.15113
 10
174.485344
 20
-68.680112
 10
173.863348
 20
-68.680112
  0
HATCH
  5
1292
330
1F
100
AcDbEntity
  8
DOCUMENT-LAYER
100
AcDbHatch
 10
0.0
 20
0.0
 30
0.0
210
0.0
220
0.0
230
1.0
  2
SOLID
 70
     1
 71
     0
 91
        1
 92
        7
 72
     0
 73
     1
 93
        4
 10
173.8633477266955
 20
-61.92923545847093
 10
173.8633477266955
 20
-63.68023876047754
 10
174.498348996698
 20
-63.62712725425452
 10
174.4853441706884
 20
-61.92913385826773
 97
        1
330
1291
 75
     0
 76
     1
 47
0.412818
 98
        1
 10
34.90568961886538
 20
22.81183545379326
1001
ACAD
1010
0.0
1020
0.0
1030
0.0
  0
LWPOLYLINE
  5
1291
330
1F
100
AcDbEntity
  8
DOCUMENT-LAYER
100
AcDbPolyline
 90
        4
 70
     1
 43
0.00508
 10
173.863348
 20
-61.929235
 10
173.863348
 20
-63.680239
 10
174.498349
 20
-63.627127
 10
174.485344
 20
-61.929134
  0
HATCH
  5
1316
330
1F
100
AcDbEntity
  8
DOCUMENT-LAYER
100
AcDbHatch
 10
0.0
 20
0.0
 30
0.0
210
0.0
220
0.0
230
1.0
  2
SOLID
 70
     1
 71
     0
 91
        1
 92
        7
 72
     0
 73
     1
 93
       20
 10
137.4912623825248
 20
-107.5791973583947
 10
137.4912623825248
 20
-82.97620015240031
 10
114.9652527305055
 20
-82.97620015240031
 10
114.9652527305055
 20
-107.4621793243587
 10
137.1882397764795
 20
-107.4621793243587
 10
137.2982252227311
 20
-107.5256794513589
 10
137.2982252227311
 20
-107.6526797053594
 10
137.1882397764795
 20
-107.7161798323597
 10
114.838252476505
 20
-107.7161798323597
 10
114.7484497356888
 20
-107.6789823191753
 10
114.7112522225045
 20
-107.5891795783592
 10
114.7112522225045
 20
-82.8491998983998
 10
114.7484497356888
 20
-82.75939715758363
 10
114.838252476505
 20
-82.7221996443993
 10
137.6182626365253
 20
-82.7221996443993
 10
137.7080653773415
 20
-82.75939715758363
 10
137.7452628905258
 20
-82.8491998983998
 10
137.7452628905258
 20
-107.5791973583947
 10
137.6817627635255
 20
-107.6891828046463
 10
137.554762509525
 20
-107.6891828046463
 97
        1
330
1315
 75
     0
 76
     1
 47
0.412818
 98
        1
 10
34.90568961886538
 20
22.81183545379326
1001
ACAD
1010
0.0
1020
0.0
1030
0.0
  0
LWPOLYLINE
  5
1315
330
1F
100
AcDbEntity
  8
DOCUMENT-LAYER
100
AcDbPolyline
 90
       20
 70
     1
 43
0.00508
 10
137.491262
 20
-107.579197
 10
137.491262
 20
-82.9762
 10
114.965253
 20
-82.9762
 10
114.965253
 20
-107.462179
 10
137.18824
 20
-107.462179
 10
137.298225
 20
-107.525679
 10
137.298225
 20
-107.65268
 10
137.18824
 20
-107.71618
 10
114.838252
 20
-107.71618
 10
114.74845
 20
-107.678982
 10
114.711252
 20
-107.58918
 10
114.711252
 20
-82.8492
 10
114.74845
 20
-82.759397
 10
114.838252
 20
-82.7222
 10
137.618263
 20
-82.7222
 10
137.708065
 20
-82.759397
 10
137.745263
 20
-82.8492
 10
137.745263
 20
-107.579197
 10
137.681763
 20
-107.689183
 10
137.554763
 20
-107.689183
  0
HATCH
  5
1337
330
1F
100
AcDbEntity
  8
DOCUMENT-LAYER
100
AcDbHatch
 10
0.0
 20
0.0
 30
0.0
210
0.0
220
0.0
230
1.0
  2
SOLID
 70
     1
 71
     0
 91
        1
 92
        7
 72
     0
 73
     1
 93
        3
 10
12.01602743205487
 20
-104.751206502413
 10
11.51602743205487
 20
-105.351206502413
 10
12.51602743205486
 20
-105.351206502413
 97
        1
330
1336
 75
     0
 76
     1
 47
0.412818
 98
        1
 10
34.90568961886538
 20
22.81183545379326
1001
ACAD
1010
0.0
1020
0.0
1030
0.0
  0
LWPOLYLINE
  5
1336
330
1F
100
AcDbEntity
  8
DOCUMENT-LAYER
100
AcDbPolyline
 90
        3
 70
     1
 43
0.00508
 10
12.016027
 20
-104.751207
 10
11.516027
 20
-105.351207
 10
12.516027
 20
-105.351207
  0
HATCH
  5
1339
330
1F
100
AcDbEntity
  8
DOCUMENT-LAYER
100
AcDbHatch
 10
0.0
 20
0.0
 30
0.0
210
0.0
220
0.0
230
1.0
  2
SOLID
 70
     1
 71
     0
 91
        1
 92
        7
 72
     0
 73
     1
 93
        4
 10
11.86601473202947
 20
-105.3512319024638
 10
11.86601473202947
 20
-106.1512319024638
 10
12.16601473202947
 20
-106.1512319024638
 10
12.16601473202947
 20
-105.3512319024638
 97
        1
330
1338
 75
     0
 76
     1
 47
0.412818
 98
        1
 10
34.90568961886538
 20
22.81183545379326
1001
ACAD
1010
0.0
1020
0.0
1030
0.0
  0
LWPOLYLINE
  5
1338
330
1F
100
AcDbEntity
  8
DOCUMENT-LAYER
100
AcDbPolyline
 90
        4
 70
     1
 43
0.00508
 10
11.866015
 20
-105.351232
 10
11.866015
 20
-106.151232
 10
12.166015
 20
-106.151232
 10
12.166015
 20
-105.351232
  0
HATCH
  5
1341
330
1F
100
AcDbEntity
  8
DOCUMENT-LAYER
100
AcDbHatch
 10
0.0
 20
0.0
 30
0.0
210
0.0
220
0.0
230
1.0
  2
SOLID
 70
     1
 71
     0
 91
        1
 92
        7
 72
     0
 73
     1
 93
       18
 10
11.05176530353061
 20
-106.4782321564643
 10
10.96196256271443
 20
-106.44103464328
 10
10.9247650495301
 20
-106.3512319024638
 10
10.9247650495301
 20
-104.451206502413
 10
10.96196256271443
 20
-104.3614037615968
 10
11.05176530353061
 20
-104.3242062484125
 10
13.01602743205487
 20
-104.3242062484125
 10
13.10583017287104
 20
-104.3614037615968
 10
13.14302768605537
 20
-104.451206502413
 10
13.14302768605537
 20
-106.3512319024638
 10
13.10583017287104
 20
-106.44103464328
 10
13.01602743205487
 20
-106.4782321564643
 10
12.92622469123869
 20
-106.44103464328
 10
12.88902717805436
 20
-106.3512319024638
 10
12.88902717805436
 20
-104.5782067564135
 10
11.17876555753112
 20
-104.5782067564135
 10
11.17876555753112
 20
-106.3512319024638
 10
11.14156804434678
 20
-106.44103464328
 97
        1
330
1340
 75
     0
 76
     1
 47
0.412818
 98
        1
 10
34.90568961886538
 20
22.81183545379326
1001
ACAD
1010
0.0
1020
0.0
1030
0.0
  0
LWPOLYLINE
  5
1340
330
1F
100
AcDbEntity
  8
DOCUMENT-LAYER
100
AcDbPolyline
 90
       18
 70
     1
 43
0.00508
 10
11.051765
 20
-106.478232
 10
10.961963
 20
-106.441035
 10
10.924765
 20
-106.351232
 10
10.924765
 20
-104.451207
 10
10.961963
 20
-104.361404
 10
11.051765
 20
-104.324206
 10
13.016027
 20
-104.324206
 10
13.10583
 20
-104.361404
 10
13.143028
 20
-104.451207
 10
13.143028
 20
-106.351232
 10
13.10583
 20
-106.441035
 10
13.016027
 20
-106.478232
 10
12.926225
 20
-106.441035
 10
12.889027
 20
-106.351232
 10
12.889027
 20
-104.578207
 10
11.178766
 20
-104.578207
 10
11.178766
 20
-106.351232
 10
11.141568
 20
-106.441035
  0
HATCH
  5
1343
330
1F
100
AcDbEntity
  8
DOCUMENT-LAYER
100
AcDbHatch
 10
0.0
 20
0.0
 30
0.0
210
0.0
220
0.0
230
1.0
  2
SOLID
 70
     1
 71
     0
 91
        1
 92
        7
 72
     0
 73
     1
 93
       18
 10
14.55163830327661
 20
-106.4782321564643
 10
14.46183556246043
 20
-106.44103464328
 10
14.4246380492761
 20
-106.3512319024638
 10
14.4246380492761
 20
-104.451206502413
 10
14.46183556246043
 20
-104.3614037615968
 10
14.55163830327661
 20
-104.3242062484125
 10
16.51590043180087
 20
-104.3242062484125
 10
16.60570317261704
 20
-104.3614037615968
 10
16.64290068580137
 20
-104.451206502413
 10
16.64290068580137
 20
-106.3512319024638
 10
16.60570317261704
 20
-106.44103464328
 10
16.51590043180087
 20
-106.4782321564643
 10
16.42609769098469
 20
-106.44103464328
 10
16.38890017780036
 20
-106.3512319024638
 10
16.38890017780036
 20
-104.5782067564135
 10
14.67863855727712
 20
-104.5782067564135
 10
14.67863855727712
 20
-106.3512319024638
 10
14.64144104409278
 20
-106.44103464328
 97
        1
330
1342
 75
     0
 76
     1
 47
0.412818
 98
        1
 10
34.90568961886538
 20
22.81183545379326
1001
ACAD
1010
0.0
1020
0.0
1030
0.0
  0
LWPOLYLINE
  5
1342
330
1F
100
AcDbEntity
  8
DOCUMENT-LAYER
100
AcDbPolyline
 90
       18
 70
     1
 43
0.00508
 10
14.551638
 20
-106.478232
 10
14.461836
 20
-106.441035
 10
14.424638
 20
-106.351232
 10
14.424638
 20
-104.451207
 10
14.461836
 20
-104.361404
 10
14.551638
 20
-104.324206
 10
16.5159
 20
-104.324206
 10
16.605703
 20
-104.361404
 10
16.642901
 20
-104.451207
 10
16.642901
 20
-106.351232
 10
16.605703
 20
-106.441035
 10
16.5159
 20
-106.478232
 10
16.426098
 20
-106.441035
 10
16.3889
 20
-106.351232
 10
16.3889
 20
-104.578207
 10
14.678639
 20
-104.578207
 10
14.678639
 20
-106.351232
 10
14.641441
 20
-106.441035
  0
HATCH
  5
1345
330
1F
100
AcDbEntity
  8
DOCUMENT-LAYER
100
AcDbHatch
 10
0.0
 20
0.0
 30
0.0
210
0.0
220
0.0
230
1.0
  2
SOLID
 70
     1
 71
     0
 91
        1
 92
        7
 72
     0
 73
     1
 93
        4
 10
15.36588773177547
 20
-105.3512319024638
 10
15.36588773177547
 20
-106.1512319024638
 10
15.66588773177547
 20
-106.1512319024638
 10
15.66588773177547
 20
-105.3512319024638
 97
        1
330
1344
 75
     0
 76
     1
 47
0.412818
 98
        1
 10
34.90568961886538
 20
22.81183545379326
1001
ACAD
1010
0.0
1020
0.0
1030
0.0
  0
LWPOLYLINE
  5
1344
330
1F
100
AcDbEntity
  8
DOCUMENT-LAYER
100
AcDbPolyline
 90
        4
 70
     1
 43
0.00508
 10
15.365888
 20
-105.351232
 10
15.365888
 20
-106.151232
 10
15.665888
 20
-106.151232
 10
15.665888
 20
-105.351232
  0
HATCH
  5
1347
330
1F
100
AcDbEntity
  8
DOCUMENT-LAYER
100
AcDbHatch
 10
0.0
 20
0.0
 30
0.0
210
0.0
220
0.0
230
1.0
  2
SOLID
 70
     1
 71
     0
 91
        1
 92
        7
 72
     0
 73
     1
 93
        3
 10
15.51590043180087
 20
-104.751206502413
 10
15.01590043180087
 20
-105.351206502413
 10
16.01590043180087
 20
-105.351206502413
 97
        1
330
1346
 75
     0
 76
     1
 47
0.412818
 98
        1
 10
34.90568961886538
 20
22.81183545379326
1001
ACAD
1010
0.0
1020
0.0
1030
0.0
  0
LWPOLYLINE
  5
1346
330
1F
100
AcDbEntity
  8
DOCUMENT-LAYER
100
AcDbPolyline
 90
        3
 70
     1
 43
0.00508
 10
15.5159
 20
-104.751207
 10
15.0159
 20
-105.351207
 10
16.0159
 20
-105.351207
  0
HATCH
  5
1474
330
1F
100
AcDbEntity
  8
DOCUMENT-LAYER
100
AcDbHatch
 10
0.0
 20
0.0
 30
0.0
210
0.0
220
0.0
230
1.0
  2
SOLID
 70
     1
 71
     0
 91
        1
 92
        7
 72
     0
 73
     1
 93
        4
 10
22.47904495808992
 20
-90.42418084836171
 10
22.47904495808992
 20
-97.66319532639066
 10
22.2250444500889
 20
-97.66319532639066
 10
22.2250444500889
 20
-90.42418084836171
 97
        1
330
1473
 75
     0
 76
     1
 47
0.412818
 98
        1
 10
34.90568961886538
 20
22.81183545379326
1001
ACAD
1010
0.0
1020
0.0
1030
0.0
  0
LWPOLYLINE
  5
1473
330
1F
100
AcDbEntity
  8
DOCUMENT-LAYER
100
AcDbPolyline
 90
        4
 70
     1
 43
0.00508
 10
22.479045
 20
-90.424181
 10
22.479045
 20
-97.663195
 10
22.225044
 20
-97.663195
 10
22.225044
 20
-90.424181
  0
HATCH
  5
1476
330
1F
100
AcDbEntity
  8
DOCUMENT-LAYER
100
AcDbHatch
 10
0.0
 20
0.0
 30
0.0
210
0.0
220
0.0
230
1.0
  2
SOLID
 70
     1
 71
     0
 91
        1
 92
        7
 72
     0
 73
     1
 93
        4
 10
10.28702057404115
 20
-90.42418084836171
 10
10.28702057404115
 20
-97.66319532639066
 10
10.54102108204217
 20
-97.66319532639066
 10
10.54102108204217
 20
-90.42418084836171
 97
        1
330
1475
 75
     0
 76
     1
 47
0.412818
 98
        1
 10
34.90568961886538
 20
22.81183545379326
1001
ACAD
1010
0.0
1020
0.0
1030
0.0
  0
LWPOLYLINE
  5
1475
330
1F
100
AcDbEntity
  8
DOCUMENT-LAYER
100
AcDbPolyline
 90
        4
 70
     1
 43
0.00508
 10
10.287021
 20
-90.424181
 10
10.287021
 20
-97.663195
 10
10.541021
 20
-97.663195
 10
10.541021
 20
-90.424181
  0
HATCH
  5
1478
330
1F
100
AcDbEntity
  8
DOCUMENT-LAYER
100
AcDbHatch
 10
0.0
 20
0.0
 30
0.0
210
0.0
220
0.0
230
1.0
  2
SOLID
 70
     1
 71
     0
 91
        1
 92
        7
 72
     0
 73
     1
 93
        4
 10
10.54102108204217
 20
-90.42418084836171
 10
22.2250444500889
 20
-90.42418084836171
 10
22.2250444500889
 20
-90.67818135636273
 10
10.54102108204217
 20
-90.67818135636273
 97
        1
330
1477
 75
     0
 76
     1
 47
0.412818
 98
        1
 10
34.90568961886538
 20
22.81183545379326
1001
ACAD
1010
0.0
1020
0.0
1030
0.0
  0
LWPOLYLINE
  5
1477
330
1F
100
AcDbEntity
  8
DOCUMENT-LAYER
100
AcDbPolyline
 90
        4
 70
     1
 43
0.00508
 10
10.541021
 20
-90.424181
 10
22.225044
 20
-90.424181
 10
22.225044
 20
-90.678181
 10
10.541021
 20
-90.678181
  0
HATCH
  5
1480
330
1F
100
AcDbEntity
  8
DOCUMENT-LAYER
100
AcDbHatch
 10
0.0
 20
0.0
 30
0.0
210
0.0
220
0.0
230
1.0
  2
SOLID
 70
     1
 71
     0
 91
        1
 92
        7
 72
     0
 73
     1
 93
        4
 10
22.2250444500889
 20
-97.66319532639066
 10
18.03403606807214
 20
-97.66319532639066
 10
18.03403606807214
 20
-97.40919481838965
 10
22.2250444500889
 20
-97.40919481838965
 97
        1
330
1479
 75
     0
 76
     1
 47
0.412818
 98
        1
 10
34.90568961886538
 20
22.81183545379326
1001
ACAD
1010
0.0
1020
0.0
1030
0.0
  0
LWPOLYLINE
  5
1479
330
1F
100
AcDbEntity
  8
DOCUMENT-LAYER
100
AcDbPolyline
 90
        4
 70
     1
 43
0.00508
 10
22.225044
 20
-97.663195
 10
18.034036
 20
-97.663195
 10
18.034036
 20
-97.409195
 10
22.225044
 20
-97.409195
  0
HATCH
  5
1482
330
1F
100
AcDbEntity
  8
DOCUMENT-LAYER
100
AcDbHatch
 10
0.0
 20
0.0
 30
0.0
210
0.0
220
0.0
230
1.0
  2
SOLID
 70
     1
 71
     0
 91
        1
 92
        7
 72
     0
 73
     1
 93
        4
 10
10.54102108204217
 20
-97.66319532639066
 10
14.73202946405893
 20
-97.66319532639066
 10
14.73202946405893
 20
-97.40919481838965
 10
10.54102108204217
 20
-97.40919481838965
 97
        1
330
1481
 75
     0
 76
     1
 47
0.412818
 98
        1
 10
34.90568961886538
 20
22.81183545379326
1001
ACAD
1010
0.0
1020
0.0
1030
0.0
  0
LWPOLYLINE
  5
1481
330
1F
100
AcDbEntity
  8
DOCUMENT-LAYER
100
AcDbPolyline
 90
        4
 70
     1
 43
0.00508
 10
10.541021
 20
-97.663195
 10
14.732029
 20
-97.663195
 10
14.732029
 20
-97.409195
 10
10.541021
 20
-97.409195
  0
HATCH
  5
1484
330
1F
100
AcDbEntity
  8
DOCUMENT-LAYER
100
AcDbHatch
 10
0.0
 20
0.0
 30
0.0
210
0.0
220
0.0
230
1.0
  2
SOLID
 70
     1
 71
     0
 91
        1
 92
        7
 72
     0
 73
     1
 93
        4
 10
17.14503429006858
 20
-97.66319532639066
 10
17.14503429006858
 20
-97.40919481838965
 10
15.49403098806198
 20
-97.40919481838965
 10
15.49403098806198
 20
-97.66319532639066
 97
        1
330
1483
 75
     0
 76
     1
 47
0.412818
 98
        1
 10
34.90568961886538
 20
22.81183545379326
1001
ACAD
1010
0.0
1020
0.0
1030
0.0
  0
LWPOLYLINE
  5
1483
330
1F
100
AcDbEntity
  8
DOCUMENT-LAYER
100
AcDbPolyline
 90
        4
 70
     1
 43
0.00508
 10
17.145034
 20
-97.663195
 10
17.145034
 20
-97.409195
 10
15.494031
 20
-97.409195
 10
15.494031
 20
-97.663195
  0
LWPOLYLINE
  5
3985
330
1F
100
AcDbEntity
  8
DOCUMENT-LAYER
100
AcDbPolyline
 90
        2
 70
     1
 43
0.3
 10
5.693294
 20
-67.072263
 42
1.0
 10
5.993523
 20
-67.072263
 42
1.0
  0
LWPOLYLINE
  5
4000
330
1F
100
AcDbEntity
  8
DOCUMENT-LAYER
100
AcDbPolyline
 90
        2
 70
     1
 43
0.3
 10
99.561214
 20
-102.233807
 42
1.0
 10
99.861443
 20
-102.233807
 42
1.0
  0
LWPOLYLINE
  5
4015
330
1F
100
AcDbEntity
  8
DOCUMENT-LAYER
100
AcDbPolyline
 90
        2
 70
     1
 43
0.3
 10
79.241173
 20
-102.233807
 42
1.0
 10
79.541402
 20
-102.233807
 42
1.0
  0
LWPOLYLINE
  5
4086
330
1F
100
AcDbEntity
  8
DOCUMENT-LAYER
100
AcDbPolyline
 90
        4
 70
     0
 43
0.5
 10
73.664211
 20
-83.210566
 42
1.0
 10
74.164084
 20
-83.210566
 10
74.164084
 20
-83.210566
 42
1.0
 10
73.664211
 20
-83.210566
  0
LWPOLYLINE
  5
4087
330
1F
100
AcDbEntity
  8
DOCUMENT-LAYER
100
AcDbPolyline
 90
        4
 70
     0
 43
0.5
 10
73.664211
 20
-75.717551
 42
1.0
 10
74.164084
 20
-75.717551
 10
74.164084
 20
-75.717551
 42
1.0
 10
73.664211
 20
-75.717551
  0
HATCH
  5
4100
330
1F
100
AcDbEntity
  8
DOCUMENT-LAYER
100
AcDbHatch
 10
0.0
 20
0.0
 30
0.0
210
0.0
220
0.0
230
1.0
  2
SOLID
 70
     1
 71
     0
 91
        1
 92
        7
 72
     0
 73
     1
 93
        4
 10
76.58115316230634
 20
-74.5491490982982
 10
76.58115316230634
 20
-77.4701549403099
 10
75.94615189230379
 20
-77.4701549403099
 10
75.94615189230379
 20
-74.5491490982982
 97
        1
330
4099
 75
     0
 76
     1
 47
0.412818
 98
        1
 10
34.90568961886538
 20
22.81183545379326
1001
ACAD
1010
0.0
1020
0.0
1030
0.0
  0
LWPOLYLINE
  5
4099
330
1F
100
AcDbEntity
  8
DOCUMENT-LAYER
100
AcDbPolyline
 90
        4
 70
     1
 43
0.00508
 10
76.581153
 20
-74.549149
 10
76.581153
 20
-77.470155
 10
75.946152
 20
-77.470155
 10
75.946152
 20
-74.549149
  0
HATCH
  5
4102
330
1F
100
AcDbEntity
  8
DOCUMENT-LAYER
100
AcDbHatch
 10
0.0
 20
0.0
 30
0.0
210
0.0
220
0.0
230
1.0
  2
SOLID
 70
     1
 71
     0
 91
        1
 92
        7
 72
     0
 73
     1
 93
        4
 10
74.78742697485396
 20
-75.73093726187453
 10
77.70843281686565
 20
-75.73093726187453
 10
77.70843281686565
 20
-76.36593853187706
 10
74.78742697485396
 20
-76.36593853187706
 97
        1
330
4101
 75
     0
 76
     1
 47
0.412818
 98
        1
 10
34.90568961886538
 20
22.81183545379326
1001
ACAD
1010
0.0
1020
0.0
1030
0.0
  0
LWPOLYLINE
  5
4101
330
1F
100
AcDbEntity
  8
DOCUMENT-LAYER
100
AcDbPolyline
 90
        4
 70
     1
 43
0.00508
 10
74.787427
 20
-75.730937
 10
77.708433
 20
-75.730937
 10
77.708433
 20
-76.365939
 10
74.787427
 20
-76.365939
  0
HATCH
  5
4104
330
1F
100
AcDbEntity
  8
DOCUMENT-LAYER
100
AcDbHatch
 10
0.0
 20
0.0
 30
0.0
210
0.0
220
0.0
230
1.0
  2
SOLID
 70
     1
 71
     0
 91
        1
 92
        7
 72
     0
 73
     1
 93
        4
 10
76.42992125984253
 20
-81.90060960121922
 10
76.42992125984253
 20
-84.8216154432309
 10
75.79491998984
 20
-84.8216154432309
 10
75.79491998984
 20
-81.90060960121922
 97
        1
330
4103
 75
     0
 76
     1
 47
0.412818
 98
        1
 10
34.90568961886538
 20
22.81183545379326
1001
ACAD
1010
0.0
1020
0.0
1030
0.0
  0
LWPOLYLINE
  5
4103
330
1F
100
AcDbEntity
  8
DOCUMENT-LAYER
100
AcDbPolyline
 90
        4
 70
     1
 43
0.00508
 10
76.429921
 20
-81.90061
 10
76.429921
 20
-84.821615
 10
75.79492
 20
-84.821615
 10
75.79492
 20
-81.90061
  0
HATCH
  5
4149
330
1F
100
AcDbEntity
  8
DOCUMENT-LAYER
100
AcDbHatch
 10
0.0
 20
0.0
 30
0.0
210
0.0
220
0.0
230
1.0
  2
SOLID
 70
     1
 71
     0
 91
        1
 92
        7
 72
     0
 73
     1
 93
       12
 10
168.3623317246635
 20
-45.18509017018035
 10
174.1123444246889
 20
-45.18509017018035
 10
174.1123444246889
 20
-57.68511557023115
 10
168.3623317246635
 20
-57.68511557023115
 10
168.3623317246635
 20
-54.56611633223267
 10
168.7623317246635
 20
-54.56611633223267
 10
168.7623317246635
 20
-57.23510287020574
 10
173.7123444246889
 20
-57.23510287020574
 10
173.7123444246889
 20
-45.63510287020575
 10
168.7623317246635
 20
-45.63510287020575
 10
168.7623317246635
 20
-48.30612141224283
 10
168.3623317246635
 20
-48.30612141224283
 97
        1
330
4148
 75
     0
 76
     1
 47
0.412818
 98
        1
 10
34.90568961886538
 20
22.81183545379326
1001
ACAD
1010
0.0
1020
0.0
1030
0.0
  0
LWPOLYLINE
  5
4148
330
1F
100
AcDbEntity
  8
DOCUMENT-LAYER
100
AcDbPolyline
 90
       12
 70
     1
 43
0.00508
 10
168.362332
 20
-45.18509
 10
174.112344
 20
-45.18509
 10
174.112344
 20
-57.685116
 10
168.362332
 20
-57.685116
 10
168.362332
 20
-54.566116
 10
168.762332
 20
-54.566116
 10
168.762332
 20
-57.235103
 10
173.712344
 20
-57.235103
 10
173.712344
 20
-45.635103
 10
168.762332
 20
-45.635103
 10
168.762332
 20
-48.306121
 10
168.362332
 20
-48.306121
  0
HATCH
  5
4151
330
1F
100
AcDbEntity
  8
DOCUMENT-LAYER
100
AcDbHatch
 10
0.0
 20
0.0
 30
0.0
210
0.0
220
0.0
230
1.0
  2
SOLID
 70
     1
 71
     0
 91
        1
 92
        7
 72
     0
 73
     1
 93
        4
 10
168.3623571247143
 20
-53.43510287020575
 10
168.3623571247143
 20
-49.43510287020575
 10
168.7623571247143
 20
-49.43510287020575
 10
168.7623571247143
 20
-53.43510287020575
 97
        1
330
4150
 75
     0
 76
     1
 47
0.412818
 98
        1
 10
34.90568961886538
 20
22.81183545379326
1001
ACAD
1010
0.0
1020
0.0
1030
0.0
  0
LWPOLYLINE
  5
4150
330
1F
100
AcDbEntity
  8
DOCUMENT-LAYER
100
AcDbPolyline
 90
        4
 70
     1
 43
0.00508
 10
168.362357
 20
-53.435103
 10
168.362357
 20
-49.435103
 10
168.762357
 20
-49.435103
 10
168.762357
 20
-53.435103
  0
HATCH
  5
4167
330
1F
100
AcDbEntity
  8
DOCUMENT-LAYER
100
AcDbHatch
 10
0.0
 20
0.0
 30
0.0
210
0.0
220
0.0
230
1.0
  2
SOLID
 70
     1
 71
     0
 91
        1
 92
        7
 72
     0
 73
     1
 93
        5
 10
173.8633477266955
 20
-70.20411480822962
 10
174.4583185166371
 20
-70.20411480822962
 10
174.4853441706884
 20
-70.23114046228093
 10
174.4853441706884
 20
-71.92910845821692
 10
173.8633477266955
 20
-71.92910845821692
 97
        1
330
4166
 75
     0
 76
     1
 47
0.412818
 98
        1
 10
34.90568961886538
 20
22.81183545379326
1001
ACAD
1010
0.0
1020
0.0
1030
0.0
  0
LWPOLYLINE
  5
4166
330
1F
100
AcDbEntity
  8
DOCUMENT-LAYER
100
AcDbPolyline
 90
        5
 70
     1
 43
0.00508
 10
173.863348
 20
-70.204115
 10
174.458319
 20
-70.204115
 10
174.485344
 20
-70.23114
 10
174.485344
 20
-71.929108
 10
173.863348
 20
-71.929108
  0
HATCH
  5
4169
330
1F
100
AcDbEntity
  8
DOCUMENT-LAYER
100
AcDbHatch
 10
0.0
 20
0.0
 30
0.0
210
0.0
220
0.0
230
1.0
  2
SOLID
 70
     1
 71
     0
 91
        1
 92
        7
 72
     0
 73
     1
 93
        8
 10
173.2283464566929
 20
-61.92923545847093
 10
173.2283464566929
 20
-62.61112522225046
 10
169.1643383286767
 20
-62.61112522225046
 10
169.1643383286767
 20
-71.247142494285
 10
173.2283464566929
 20
-71.247142494285
 10
173.2283464566929
 20
-71.92910845821692
 10
168.5853441706884
 20
-71.92910845821692
 10
168.5853441706884
 20
-61.92923545847093
 97
        1
330
4168
 75
     0
 76
     1
 47
0.412818
 98
        1
 10
34.90568961886538
 20
22.81183545379326
1001
ACAD
1010
0.0
1020
0.0
1030
0.0
  0
LWPOLYLINE
  5
4168
330
1F
100
AcDbEntity
  8
DOCUMENT-LAYER
100
AcDbPolyline
 90
        8
 70
     1
 43
0.00508
 10
173.228346
 20
-61.929235
 10
173.228346
 20
-62.611125
 10
169.164338
 20
-62.611125
 10
169.164338
 20
-71.247142
 10
173.228346
 20
-71.247142
 10
173.228346
 20
-71.929108
 10
168.585344
 20
-71.929108
 10
168.585344
 20
-61.929235
  0
HATCH
  5
4171
330
1F
100
AcDbEntity
  8
DOCUMENT-LAYER
100
AcDbHatch
 10
0.0
 20
0.0
 30
0.0
210
0.0
220
0.0
230
1.0
  2
SOLID
 70
     1
 71
     0
 91
        1
 92
        7
 72
     0
 73
     1
 93
        4
 10
173.8633477266955
 20
-65.20424180848362
 10
174.498348996698
 20
-65.15113030226061
 10
174.4853441706884
 20
-68.68011176022353
 10
173.8633477266955
 20
-68.68011176022353
 97
        1
330
4170
 75
     0
 76
     1
 47
0.412818
 98
        1
 10
34.90568961886538
 20
22.81183545379326
1001
ACAD
1010
0.0
1020
0.0
1030
0.0
  0
LWPOLYLINE
  5
4170
330
1F
100
AcDbEntity
  8
DOCUMENT-LAYER
100
AcDbPolyline
 90
        4
 70
     1
 43
0.00508
 10
173.863348
 20
-65.204242
 10
174.498349
 20
-65.15113
 10
174.485344
 20
-68.680112
 10
173.863348
 20
-68.680112
  0
HATCH
  5
4173
330
1F
100
AcDbEntity
  8
DOCUMENT-LAYER
100
AcDbHatch
 10
0.0
 20
0.0
 30
0.0
210
0.0
220
0.0
230
1.0
  2
SOLID
 70
     1
 71
     0
 91
        1
 92
        7
 72
     0
 73
     1
 93
        4
 10
173.8633477266955
 20
-61.92923545847093
 10
173.8633477266955
 20
-63.68023876047754
 10
174.498348996698
 20
-63.62712725425452
 10
174.4853441706884
 20
-61.92913385826773
 97
        1
330
4172
 75
     0
 76
     1
 47
0.412818
 98
        1
 10
34.90568961886538
 20
22.81183545379326
1001
ACAD
1010
0.0
1020
0.0
1030
0.0
  0
LWPOLYLINE
  5
4172
330
1F
100
AcDbEntity
  8
DOCUMENT-LAYER
100
AcDbPolyline
 90
        4
 70
     1
 43
0.00508
 10
173.863348
 20
-61.929235
 10
173.863348
 20
-63.680239
 10
174.498349
 20
-63.627127
 10
174.485344
 20
-61.929134
  0
HATCH
  5
4201
330
1F
100
AcDbEntity
  8
DOCUMENT-LAYER
100
AcDbHatch
 10
0.0
 20
0.0
 30
0.0
210
0.0
220
0.0
230
1.0
  2
SOLID
 70
     1
 71
     0
 91
        1
 92
        7
 72
     0
 73
     1
 93
       20
 10
137.4912623825248
 20
-107.5791973583947
 10
137.4912623825248
 20
-82.97620015240031
 10
114.9652527305055
 20
-82.97620015240031
 10
114.9652527305055
 20
-107.4621793243587
 10
137.1882397764795
 20
-107.4621793243587
 10
137.2982252227311
 20
-107.5256794513589
 10
137.2982252227311
 20
-107.6526797053594
 10
137.1882397764795
 20
-107.7161798323597
 10
114.838252476505
 20
-107.7161798323597
 10
114.7484497356888
 20
-107.6789823191753
 10
114.7112522225045
 20
-107.5891795783592
 10
114.7112522225045
 20
-82.8491998983998
 10
114.7484497356888
 20
-82.75939715758363
 10
114.838252476505
 20
-82.7221996443993
 10
137.6182626365253
 20
-82.7221996443993
 10
137.7080653773415
 20
-82.75939715758363
 10
137.7452628905258
 20
-82.8491998983998
 10
137.7452628905258
 20
-107.5791973583947
 10
137.6817627635255
 20
-107.6891828046463
 10
137.554762509525
 20
-107.6891828046463
 97
        1
330
4200
 75
     0
 76
     1
 47
0.412818
 98
        1
 10
34.90568961886538
 20
22.81183545379326
1001
ACAD
1010
0.0
1020
0.0
1030
0.0
  0
LWPOLYLINE
  5
4200
330
1F
100
AcDbEntity
  8
DOCUMENT-LAYER
100
AcDbPolyline
 90
       20
 70
     1
 43
0.00508
 10
137.491262
 20
-107.579197
 10
137.491262
 20
-82.9762
 10
114.965253
 20
-82.9762
 10
114.965253
 20
-107.462179
 10
137.18824
 20
-107.462179
 10
137.298225
 20
-107.525679
 10
137.298225
 20
-107.65268
 10
137.18824
 20
-107.71618
 10
114.838252
 20
-107.71618
 10
114.74845
 20
-107.678982
 10
114.711252
 20
-107.58918
 10
114.711252
 20
-82.8492
 10
114.74845
 20
-82.759397
 10
114.838252
 20
-82.7222
 10
137.618263
 20
-82.7222
 10
137.708065
 20
-82.759397
 10
137.745263
 20
-82.8492
 10
137.745263
 20
-107.579197
 10
137.681763
 20
-107.689183
 10
137.554763
 20
-107.689183
  0
HATCH
  5
4222
330
1F
100
AcDbEntity
  8
DOCUMENT-LAYER
100
AcDbHatch
 10
0.0
 20
0.0
 30
0.0
210
0.0
220
0.0
230
1.0
  2
SOLID
 70
     1
 71
     0
 91
        1
 92
        7
 72
     0
 73
     1
 93
        3
 10
12.01602743205487
 20
-104.751206502413
 10
11.51602743205487
 20
-105.351206502413
 10
12.51602743205486
 20
-105.351206502413
 97
        1
330
4221
 75
     0
 76
     1
 47
0.412818
 98
        1
 10
34.90568961886538
 20
22.81183545379326
1001
ACAD
1010
0.0
1020
0.0
1030
0.0
  0
LWPOLYLINE
  5
4221
330
1F
100
AcDbEntity
  8
DOCUMENT-LAYER
100
AcDbPolyline
 90
        3
 70
     1
 43
0.00508
 10
12.016027
 20
-104.751207
 10
11.516027
 20
-105.351207
 10
12.516027
 20
-105.351207
  0
HATCH
  5
4224
330
1F
100
AcDbEntity
  8
DOCUMENT-LAYER
100
AcDbHatch
 10
0.0
 20
0.0
 30
0.0
210
0.0
220
0.0
230
1.0
  2
SOLID
 70
     1
 71
     0
 91
        1
 92
        7
 72
     0
 73
     1
 93
        4
 10
11.86601473202947
 20
-105.3512319024638
 10
11.86601473202947
 20
-106.1512319024638
 10
12.16601473202947
 20
-106.1512319024638
 10
12.16601473202947
 20
-105.3512319024638
 97
        1
330
4223
 75
     0
 76
     1
 47
0.412818
 98
        1
 10
34.90568961886538
 20
22.81183545379326
1001
ACAD
1010
0.0
1020
0.0
1030
0.0
  0
LWPOLYLINE
  5
4223
330
1F
100
AcDbEntity
  8
DOCUMENT-LAYER
100
AcDbPolyline
 90
        4
 70
     1
 43
0.00508
 10
11.866015
 20
-105.351232
 10
11.866015
 20
-106.151232
 10
12.166015
 20
-106.151232
 10
12.166015
 20
-105.351232
  0
HATCH
  5
4226
330
1F
100
AcDbEntity
  8
DOCUMENT-LAYER
100
AcDbHatch
 10
0.0
 20
0.0
 30
0.0
210
0.0
220
0.0
230
1.0
  2
SOLID
 70
     1
 71
     0
 91
        1
 92
        7
 72
     0
 73
     1
 93
       18
 10
11.05176530353061
 20
-106.4782321564643
 10
10.96196256271443
 20
-106.44103464328
 10
10.9247650495301
 20
-106.3512319024638
 10
10.9247650495301
 20
-104.451206502413
 10
10.96196256271443
 20
-104.3614037615968
 10
11.05176530353061
 20
-104.3242062484125
 10
13.01602743205487
 20
-104.3242062484125
 10
13.10583017287104
 20
-104.3614037615968
 10
13.14302768605537
 20
-104.451206502413
 10
13.14302768605537
 20
-106.3512319024638
 10
13.10583017287104
 20
-106.44103464328
 10
13.01602743205487
 20
-106.4782321564643
 10
12.92622469123869
 20
-106.44103464328
 10
12.88902717805436
 20
-106.3512319024638
 10
12.88902717805436
 20
-104.5782067564135
 10
11.17876555753112
 20
-104.5782067564135
 10
11.17876555753112
 20
-106.3512319024638
 10
11.14156804434678
 20
-106.44103464328
 97
        1
330
4225
 75
     0
 76
     1
 47
0.412818
 98
        1
 10
34.90568961886538
 20
22.81183545379326
1001
ACAD
1010
0.0
1020
0.0
1030
0.0
  0
LWPOLYLINE
  5
4225
330
1F
100
AcDbEntity
  8
DOCUMENT-LAYER
100
AcDbPolyline
 90
       18
 70
     1
 43
0.00508
 10
11.051765
 20
-106.478232
 10
10.961963
 20
-106.441035
 10
10.924765
 20
-106.351232
 10
10.924765
 20
-104.451207
 10
10.961963
 20
-104.361404
 10
11.051765
 20
-104.324206
 10
13.016027
 20
-104.324206
 10
13.10583
 20
-104.361404
 10
13.143028
 20
-104.451207
 10
13.143028
 20
-106.351232
 10
13.10583
 20
-106.441035
 10
13.016027
 20
-106.478232
 10
12.926225
 20
-106.441035
 10
12.889027
 20
-106.351232
 10
12.889027
 20
-104.578207
 10
11.178766
 20
-104.578207
 10
11.178766
 20
-106.351232
 10
11.141568
 20
-106.441035
  0
HATCH
  5
4228
330
1F
100
AcDbEntity
  8
DOCUMENT-LAYER
100
AcDbHatch
 10
0.0
 20
0.0
 30
0.0
210
0.0
220
0.0
230
1.0
  2
SOLID
 70
     1
 71
     0
 91
        1
 92
        7
 72
     0
 73
     1
 93
       18
 10
14.55163830327661
 20
-106.4782321564643
 10
14.46183556246043
 20
-106.44103464328
 10
14.4246380492761
 20
-106.3512319024638
 10
14.4246380492761
 20
-104.451206502413
 10
14.46183556246043
 20
-104.3614037615968
 10
14.55163830327661
 20
-104.3242062484125
 10
16.51590043180087
 20
-104.3242062484125
 10
16.60570317261704
 20
-104.3614037615968
 10
16.64290068580137
 20
-104.451206502413
 10
16.64290068580137
 20
-106.3512319024638
 10
16.60570317261704
 20
-106.44103464328
 10
16.51590043180087
 20
-106.4782321564643
 10
16.42609769098469
 20
-106.44103464328
 10
16.38890017780036
 20
-106.3512319024638
 10
16.38890017780036
 20
-104.5782067564135
 10
14.67863855727712
 20
-104.5782067564135
 10
14.67863855727712
 20
-106.3512319024638
 10
14.64144104409278
 20
-106.44103464328
 97
        1
330
4227
 75
     0
 76
     1
 47
0.412818
 98
        1
 10
34.90568961886538
 20
22.81183545379326
1001
ACAD
1010
0.0
1020
0.0
1030
0.0
  0
LWPOLYLINE
  5
4227
330
1F
100
AcDbEntity
  8
DOCUMENT-LAYER
100
AcDbPolyline
 90
       18
 70
     1
 43
0.00508
 10
14.551638
 20
-106.478232
 10
14.461836
 20
-106.441035
 10
14.424638
 20
-106.351232
 10
14.424638
 20
-104.451207
 10
14.461836
 20
-104.361404
 10
14.551638
 20
-104.324206
 10
16.5159
 20
-104.324206
 10
16.605703
 20
-104.361404
 10
16.642901
 20
-104.451207
 10
16.642901
 20
-106.351232
 10
16.605703
 20
-106.441035
 10
16.5159
 20
-106.478232
 10
16.426098
 20
-106.441035
 10
16.3889
 20
-106.351232
 10
16.3889
 20
-104.578207
 10
14.678639
 20
-104.578207
 10
14.678639
 20
-106.351232
 10
14.641441
 20
-106.441035
  0
HATCH
  5
4230
330
1F
100
AcDbEntity
  8
DOCUMENT-LAYER
100
AcDbHatch
 10
0.0
 20
0.0
 30
0.0
210
0.0
220
0.0
230
1.0
  2
SOLID
 70
     1
 71
     0
 91
        1
 92
        7
 72
     0
 73
     1
 93
        4
 10
15.36588773177547
 20
-105.3512319024638
 10
15.36588773177547
 20
-106.1512319024638
 10
15.66588773177547
 20
-106.1512319024638
 10
15.66588773177547
 20
-105.3512319024638
 97
        1
330
4229
 75
     0
 76
     1
 47
0.412818
 98
        1
 10
34.90568961886538
 20
22.81183545379326
1001
ACAD
1010
0.0
1020
0.0
1030
0.0
  0
LWPOLYLINE
  5
4229
330
1F
100
AcDbEntity
  8
DOCUMENT-LAYER
100
AcDbPolyline
 90
        4
 70
     1
 43
0.00508
 10
15.365888
 20
-105.351232
 10
15.365888
 20
-106.151232
 10
15.665888
 20
-106.151232
 10
15.665888
 20
-105.351232
  0
HATCH
  5
4232
330
1F
100
AcDbEntity
  8
DOCUMENT-LAYER
100
AcDbHatch
 10
0.0
 20
0.0
 30
0.0
210
0.0
220
0.0
230
1.0
  2
SOLID
 70
     1
 71
     0
 91
        1
 92
        7
 72
     0
 73
     1
 93
        3
 10
15.51590043180087
 20
-104.751206502413
 10
15.01590043180087
 20
-105.351206502413
 10
16.01590043180087
 20
-105.351206502413
 97
        1
330
4231
 75
     0
 76
     1
 47
0.412818
 98
        1
 10
34.90568961886538
 20
22.81183545379326
1001
ACAD
1010
0.0
1020
0.0
1030
0.0
  0
LWPOLYLINE
  5
4231
330
1F
100
AcDbEntity
  8
DOCUMENT-LAYER
100
AcDbPolyline
 90
        3
 70
     1
 43
0.00508
 10
15.5159
 20
-104.751207
 10
15.0159
 20
-105.351207
 10
16.0159
 20
-105.351207
  0
HATCH
  5
4359
330
1F
100
AcDbEntity
  8
DOCUMENT-LAYER
100
AcDbHatch
 10
0.0
 20
0.0
 30
0.0
210
0.0
220
0.0
230
1.0
  2
SOLID
 70
     1
 71
     0
 91
        1
 92
        7
 72
     0
 73
     1
 93
        4
 10
22.47904495808992
 20
-90.42418084836171
 10
22.47904495808992
 20
-97.66319532639066
 10
22.2250444500889
 20
-97.66319532639066
 10
22.2250444500889
 20
-90.42418084836171
 97
        1
330
4358
 75
     0
 76
     1
 47
0.412818
 98
        1
 10
34.90568961886538
 20
22.81183545379326
1001
ACAD
1010
0.0
1020
0.0
1030
0.0
  0
LWPOLYLINE
  5
4358
330
1F
100
AcDbEntity
  8
DOCUMENT-LAYER
100
AcDbPolyline
 90
        4
 70
     1
 43
0.00508
 10
22.479045
 20
-90.424181
 10
22.479045
 20
-97.663195
 10
22.225044
 20
-97.663195
 10
22.225044
 20
-90.424181
  0
HATCH
  5
4361
330
1F
100
AcDbEntity
  8
DOCUMENT-LAYER
100
AcDbHatch
 10
0.0
 20
0.0
 30
0.0
210
0.0
220
0.0
230
1.0
  2
SOLID
 70
     1
 71
     0
 91
        1
 92
        7
 72
     0
 73
     1
 93
        4
 10
10.28702057404115
 20
-90.42418084836171
 10
10.28702057404115
 20
-97.66319532639066
 10
10.54102108204217
 20
-97.66319532639066
 10
10.54102108204217
 20
-90.42418084836171
 97
        1
330
4360
 75
     0
 76
     1
 47
0.412818
 98
        1
 10
34.90568961886538
 20
22.81183545379326
1001
ACAD
1010
0.0
1020
0.0
1030
0.0
  0
LWPOLYLINE
  5
4360
330
1F
100
AcDbEntity
  8
DOCUMENT-LAYER
100
AcDbPolyline
 90
        4
 70
     1
 43
0.00508
 10
10.287021
 20
-90.424181
 10
10.287021
 20
-97.663195
 10
10.541021
 20
-97.663195
 10
10.541021
 20
-90.424181
  0
HATCH
  5
4363
330
1F
100
AcDbEntity
  8
DOCUMENT-LAYER
100
AcDbHatch
 10
0.0
 20
0.0
 30
0.0
210
0.0
220
0.0
230
1.0
  2
SOLID
 70
     1
 71
     0
 91
        1
 92
        7
 72
     0
 73
     1
 93
        4
 10
10.54102108204217
 20
-90.42418084836171
 10
22.2250444500889
 20
-90.42418084836171
 10
22.2250444500889
 20
-90.67818135636273
 10
10.54102108204217
 20
-90.67818135636273
 97
        1
330
4362
 75
     0
 76
     1
 47
0.412818
 98
        1
 10
34.90568961886538
 20
22.81183545379326
1001
ACAD
1010
0.0
1020
0.0
1030
0.0
  0
LWPOLYLINE
  5
4362
330
1F
100
AcDbEntity
  8
DOCUMENT-LAYER
100
AcDbPolyline
 90
        4
 70
     1
 43
0.00508
 10
10.541021
 20
-90.424181
 10
22.225044
 20
-90.424181
 10
22.225044
 20
-90.678181
 10
10.541021
 20
-90.678181
  0
HATCH
  5
4365
330
1F
100
AcDbEntity
  8
DOCUMENT-LAYER
100
AcDbHatch
 10
0.0
 20
0.0
 30
0.0
210
0.0
220
0.0
230
1.0
  2
SOLID
 70
     1
 71
     0
 91
        1
 92
        7
 72
     0
 73
     1
 93
        4
 10
22.2250444500889
 20
-97.66319532639066
 10
18.03403606807214
 20
-97.66319532639066
 10
18.03403606807214
 20
-97.40919481838965
 10
22.2250444500889
 20
-97.40919481838965
 97
        1
330
4364
 75
     0
 76
     1
 47
0.412818
 98
        1
 10
34.90568961886538
 20
22.81183545379326
1001
ACAD
1010
0.0
1020
0.0
1030
0.0
  0
LWPOLYLINE
  5
4364
330
1F
100
AcDbEntity
  8
DOCUMENT-LAYER
100
AcDbPolyline
 90
        4
 70
     1
 43
0.00508
 10
22.225044
 20
-97.663195
 10
18.034036
 20
-97.663195
 10
18.034036
 20
-97.409195
 10
22.225044
 20
-97.409195
  0
HATCH
  5
4367
330
1F
100
AcDbEntity
  8
DOCUMENT-LAYER
100
AcDbHatch
 10
0.0
 20
0.0
 30
0.0
210
0.0
220
0.0
230
1.0
  2
SOLID
 70
     1
 71
     0
 91
        1
 92
        7
 72
     0
 73
     1
 93
        4
 10
10.54102108204217
 20
-97.66319532639066
 10
14.73202946405893
 20
-97.66319532639066
 10
14.73202946405893
 20
-97.40919481838965
 10
10.54102108204217
 20
-97.40919481838965
 97
        1
330
4366
 75
     0
 76
     1
 47
0.412818
 98
        1
 10
34.90568961886538
 20
22.81183545379326
1001
ACAD
1010
0.0
1020
0.0
1030
0.0
  0
LWPOLYLINE
  5
4366
330
1F
100
AcDbEntity
  8
DOCUMENT-LAYER
100
AcDbPolyline
 90
        4
 70
     1
 43
0.00508
 10
10.541021
 20
-97.663195
 10
14.732029
 20
-97.663195
 10
14.732029
 20
-97.409195
 10
10.541021
 20
-97.409195
  0
HATCH
  5
4369
330
1F
100
AcDbEntity
  8
DOCUMENT-LAYER
100
AcDbHatch
 10
0.0
 20
0.0
 30
0.0
210
0.0
220
0.0
230
1.0
  2
SOLID
 70
     1
 71
     0
 91
        1
 92
        7
 72
     0
 73
     1
 93
        4
 10
17.14503429006858
 20
-97.66319532639066
 10
17.14503429006858
 20
-97.40919481838965
 10
15.49403098806198
 20
-97.40919481838965
 10
15.49403098806198
 20
-97.66319532639066
 97
        1
330
4368
 75
     0
 76
     1
 47
0.412818
 98
        1
 10
34.90568961886538
 20
22.81183545379326
1001
ACAD
1010
0.0
1020
0.0
1030
0.0
  0
LWPOLYLINE
  5
4368
330
1F
100
AcDbEntity
  8
DOCUMENT-LAYER
100
AcDbPolyline
 90
        4
 70
     1
 43
0.00508
 10
17.145034
 20
-97.663195
 10
17.145034
 20
-97.409195
 10
15.494031
 20
-97.409195
 10
15.494031
 20
-97.663195
  0
LWPOLYLINE
  5
4448
330
1F
100
AcDbEntity
  8
DOCUMENT-LAYER
100
AcDbPolyline
 90
        2
 70
     1
 43
0.3
 10
58.921133
 20
-102.233807
 42
1.0
 10
59.221361
 20
-102.233807
 42
1.0
  0
HATCH
  5
2482
330
1F
100
AcDbEntity
  8
HOLE-LAYER
100
AcDbHatch
 10
0.0
 20
0.0
 30
0.0
210
0.0
220
0.0
230
1.0
  2
SOLID
 70
     1
 71
     0
 91
        1
 92
        7
 72
     1
 73
     1
 93
        2
 10
170.1633477266955
 20
-47.68509017018035
 42
1.0
 10
171.2133350266701
 20
-47.68509017018035
 42
1.0
 97
        1
330
0
 75
     0
 76
     1
 47
0.868144
 98
        1
 10
3.629517071192367
 20
33.92795499968543
1001
ACAD
1010
0.0
1020
0.0
1030
0.0
  0
LWPOLYLINE
  5
2483
330
1F
100
AcDbEntity
  8
HOLE-LAYER
100
AcDbPolyline
 90
        2
 70
     1
 43
0.0
 10
170.163348
 20
-47.68509
 42
1.0
 10
171.213335
 20
-47.68509
 42
1.0
  0
HATCH
  5
2512
330
1F
100
AcDbEntity
  8
HOLE-LAYER
100
AcDbHatch
 10
0.0
 20
0.0
 30
0.0
210
0.0
220
0.0
230
1.0
  2
SOLID
 70
     1
 71
     0
 91
        1
 92
        7
 72
     1
 73
     1
 93
        2
 10
170.1633477266955
 20
-50.18511557023115
 42
1.0
 10
171.2133350266701
 20
-50.18511557023115
 42
1.0
 97
        1
330
0
 75
     0
 76
     1
 47
0.868144
 98
        1
 10
3.629517071192367
 20
33.92795499968543
1001
ACAD
1010
0.0
1020
0.0
1030
0.0
  0
LWPOLYLINE
  5
2513
330
1F
100
AcDbEntity
  8
HOLE-LAYER
100
AcDbPolyline
 90
        2
 70
     1
 43
0.0
 10
170.163348
 20
-50.185116
 42
1.0
 10
171.213335
 20
-50.185116
 42
1.0
  0
HATCH
  5
2542
330
1F
100
AcDbEntity
  8
HOLE-LAYER
100
AcDbHatch
 10
0.0
 20
0.0
 30
0.0
210
0.0
220
0.0
230
1.0
  2
SOLID
 70
     1
 71
     0
 91
        1
 92
        7
 72
     1
 73
     1
 93
        2
 10
170.1633477266955
 20
-52.68511557023114
 42
1.0
 10
171.2133350266701
 20
-52.68511557023114
 42
1.0
 97
        1
330
0
 75
     0
 76
     1
 47
0.868144
 98
        1
 10
3.629517071192367
 20
33.92795499968543
1001
ACAD
1010
0.0
1020
0.0
1030
0.0
  0
LWPOLYLINE
  5
2543
330
1F
100
AcDbEntity
  8
HOLE-LAYER
100
AcDbPolyline
 90
        2
 70
     1
 43
0.0
 10
170.163348
 20
-52.685116
 42
1.0
 10
171.213335
 20
-52.685116
 42
1.0
  0
HATCH
  5
2572
330
1F
100
AcDbEntity
  8
HOLE-LAYER
100
AcDbHatch
 10
0.0
 20
0.0
 30
0.0
210
0.0
220
0.0
230
1.0
  2
SOLID
 70
     1
 71
     0
 91
        1
 92
        7
 72
     1
 73
     1
 93
        2
 10
170.1633477266955
 20
-55.18511557023115
 42
1.0
 10
171.2133350266701
 20
-55.18511557023115
 42
1.0
 97
        1
330
0
 75
     0
 76
     1
 47
0.868144
 98
        1
 10
3.629517071192367
 20
33.92795499968543
1001
ACAD
1010
0.0
1020
0.0
1030
0.0
  0
LWPOLYLINE
  5
2573
330
1F
100
AcDbEntity
  8
HOLE-LAYER
100
AcDbPolyline
 90
        2
 70
     1
 43
0.0
 10
170.163348
 20
-55.185116
 42
1.0
 10
171.213335
 20
-55.185116
 42
1.0
  0
HATCH
  5
2593
330
1F
100
AcDbEntity
  8
HOLE-LAYER
100
AcDbHatch
 10
0.0
 20
0.0
 30
0.0
210
0.0
220
0.0
230
1.0
  2
SOLID
 70
     1
 71
     0
 91
        1
 92
        7
 72
     1
 73
     1
 93
        2
 10
171.6281432562865
 20
-69.42913385826772
 42
1.0
 10
172.5425450850902
 20
-69.42913385826772
 42
1.0
 97
        1
330
0
 75
     0
 76
     1
 47
0.868144
 98
        1
 10
3.629517071192367
 20
33.92795499968543
1001
ACAD
1010
0.0
1020
0.0
1030
0.0
  0
LWPOLYLINE
  5
2594
330
1F
100
AcDbEntity
  8
HOLE-LAYER
100
AcDbPolyline
 90
        4
 70
     0
 43
0.0
 10
171.628143
 20
-69.429134
 42
1.0
 10
172.542545
 20
-69.429134
 10
172.542545
 20
-69.429134
 42
1.0
 10
171.628143
 20
-69.429134
  0
HATCH
  5
2623
330
1F
100
AcDbEntity
  8
HOLE-LAYER
100
AcDbHatch
 10
0.0
 20
0.0
 30
0.0
210
0.0
220
0.0
230
1.0
  2
SOLID
 70
     1
 71
     0
 91
        1
 92
        7
 72
     1
 73
     1
 93
        2
 10
171.6281432562865
 20
-66.92913385826772
 42
1.0
 10
172.5425450850902
 20
-66.92913385826772
 42
1.0
 97
        1
330
0
 75
     0
 76
     1
 47
0.868144
 98
        1
 10
3.629517071192367
 20
33.92795499968543
1001
ACAD
1010
0.0
1020
0.0
1030
0.0
  0
LWPOLYLINE
  5
2624
330
1F
100
AcDbEntity
  8
HOLE-LAYER
100
AcDbPolyline
 90
        4
 70
     0
 43
0.0
 10
171.628143
 20
-66.929134
 42
1.0
 10
172.542545
 20
-66.929134
 10
172.542545
 20
-66.929134
 42
1.0
 10
171.628143
 20
-66.929134
  0
HATCH
  5
2653
330
1F
100
AcDbEntity
  8
HOLE-LAYER
100
AcDbHatch
 10
0.0
 20
0.0
 30
0.0
210
0.0
220
0.0
230
1.0
  2
SOLID
 70
     1
 71
     0
 91
        1
 92
        7
 72
     1
 73
     1
 93
        2
 10
171.6281432562865
 20
-64.42913385826773
 42
1.0
 10
172.5425450850902
 20
-64.42913385826773
 42
1.0
 97
        1
330
0
 75
     0
 76
     1
 47
0.868144
 98
        1
 10
3.629517071192367
 20
33.92795499968543
1001
ACAD
1010
0.0
1020
0.0
1030
0.0
  0
LWPOLYLINE
  5
2654
330
1F
100
AcDbEntity
  8
HOLE-LAYER
100
AcDbPolyline
 90
        4
 70
     0
 43
0.0
 10
171.628143
 20
-64.429134
 42
1.0
 10
172.542545
 20
-64.429134
 10
172.542545
 20
-64.429134
 42
1.0
 10
171.628143
 20
-64.429134
  0
HATCH
  5
2778
330
1F
100
AcDbEntity
  8
HOLE-LAYER
100
AcDbHatch
 10
0.0
 20
0.0
 30
0.0
210
0.0
220
0.0
230
1.0
  2
SOLID
 70
     1
 71
     0
 91
        1
 92
        7
 72
     1
 73
     1
 93
        2
 10
135.8982727965456
 20
-101.2191770383541
 42
1.0
 10
136.8982727965456
 20
-101.2191770383541
 42
1.0
 97
        1
330
0
 75
     0
 76
     1
 47
0.868144
 98
        1
 10
3.629517071192367
 20
33.92795499968543
1001
ACAD
1010
0.0
1020
0.0
1030
0.0
  0
LWPOLYLINE
  5
2779
330
1F
100
AcDbEntity
  8
HOLE-LAYER
100
AcDbPolyline
 90
        4
 70
     0
 43
0.0
 10
135.898273
 20
-101.219177
 42
1.0
 10
136.898273
 20
-101.219177
 10
136.898273
 20
-101.219177
 42
1.0
 10
135.898273
 20
-101.219177
  0
HATCH
  5
2808
330
1F
100
AcDbEntity
  8
HOLE-LAYER
100
AcDbHatch
 10
0.0
 20
0.0
 30
0.0
210
0.0
220
0.0
230
1.0
  2
SOLID
 70
     1
 71
     0
 91
        1
 92
        7
 72
     1
 73
     1
 93
        2
 10
135.8982727965456
 20
-98.67917195834393
 42
1.0
 10
136.8982727965456
 20
-98.67917195834393
 42
1.0
 97
        1
330
0
 75
     0
 76
     1
 47
0.868144
 98
        1
 10
3.629517071192367
 20
33.92795499968543
1001
ACAD
1010
0.0
1020
0.0
1030
0.0
  0
LWPOLYLINE
  5
2809
330
1F
100
AcDbEntity
  8
HOLE-LAYER
100
AcDbPolyline
 90
        4
 70
     0
 43
0.0
 10
135.898273
 20
-98.679172
 42
1.0
 10
136.898273
 20
-98.679172
 10
136.898273
 20
-98.679172
 42
1.0
 10
135.898273
 20
-98.679172
  0
HATCH
  5
2838
330
1F
100
AcDbEntity
  8
HOLE-LAYER
100
AcDbHatch
 10
0.0
 20
0.0
 30
0.0
210
0.0
220
0.0
230
1.0
  2
SOLID
 70
     1
 71
     0
 91
        1
 92
        7
 72
     1
 73
     1
 93
        2
 10
135.8982727965456
 20
-96.13916687833378
 42
1.0
 10
136.8982727965456
 20
-96.13916687833378
 42
1.0
 97
        1
330
0
 75
     0
 76
     1
 47
0.868144
 98
        1
 10
3.629517071192367
 20
33.92795499968543
1001
ACAD
1010
0.0
1020
0.0
1030
0.0
  0
LWPOLYLINE
  5
2839
330
1F
100
AcDbEntity
  8
HOLE-LAYER
100
AcDbPolyline
 90
        4
 70
     0
 43
0.0
 10
135.898273
 20
-96.139167
 42
1.0
 10
136.898273
 20
-96.139167
 10
136.898273
 20
-96.139167
 42
1.0
 10
135.898273
 20
-96.139167
  0
HATCH
  5
2868
330
1F
100
AcDbEntity
  8
HOLE-LAYER
100
AcDbHatch
 10
0.0
 20
0.0
 30
0.0
210
0.0
220
0.0
230
1.0
  2
SOLID
 70
     1
 71
     0
 91
        1
 92
        7
 72
     1
 73
     1
 93
        2
 10
135.8982727965456
 20
-93.59916179832362
 42
1.0
 10
136.8982727965456
 20
-93.59916179832362
 42
1.0
 97
        1
330
0
 75
     0
 76
     1
 47
0.868144
 98
        1
 10
3.629517071192367
 20
33.92795499968543
1001
ACAD
1010
0.0
1020
0.0
1030
0.0
  0
LWPOLYLINE
  5
2869
330
1F
100
AcDbEntity
  8
HOLE-LAYER
100
AcDbPolyline
 90
        4
 70
     0
 43
0.0
 10
135.898273
 20
-93.599162
 42
1.0
 10
136.898273
 20
-93.599162
 10
136.898273
 20
-93.599162
 42
1.0
 10
135.898273
 20
-93.599162
  0
HATCH
  5
2898
330
1F
100
AcDbEntity
  8
HOLE-LAYER
100
AcDbHatch
 10
0.0
 20
0.0
 30
0.0
210
0.0
220
0.0
230
1.0
  2
SOLID
 70
     1
 71
     0
 91
        1
 92
        7
 72
     1
 73
     1
 93
        2
 10
135.8982727965456
 20
-91.05918211836425
 42
1.0
 10
136.8982727965456
 20
-91.05918211836425
 42
1.0
 97
        1
330
0
 75
     0
 76
     1
 47
0.868144
 98
        1
 10
3.629517071192367
 20
33.92795499968543
1001
ACAD
1010
0.0
1020
0.0
1030
0.0
  0
LWPOLYLINE
  5
2899
330
1F
100
AcDbEntity
  8
HOLE-LAYER
100
AcDbPolyline
 90
        4
 70
     0
 43
0.0
 10
135.898273
 20
-91.059182
 42
1.0
 10
136.898273
 20
-91.059182
 10
136.898273
 20
-91.059182
 42
1.0
 10
135.898273
 20
-91.059182
  0
HATCH
  5
2928
330
1F
100
AcDbEntity
  8
HOLE-LAYER
100
AcDbHatch
 10
0.0
 20
0.0
 30
0.0
210
0.0
220
0.0
230
1.0
  2
SOLID
 70
     1
 71
     0
 91
        1
 92
        7
 72
     1
 73
     1
 93
        2
 10
135.8982727965456
 20
-88.51917703835409
 42
1.0
 10
136.8982727965456
 20
-88.51917703835409
 42
1.0
 97
        1
330
0
 75
     0
 76
     1
 47
0.868144
 98
        1
 10
3.629517071192367
 20
33.92795499968543
1001
ACAD
1010
0.0
1020
0.0
1030
0.0
  0
LWPOLYLINE
  5
2929
330
1F
100
AcDbEntity
  8
HOLE-LAYER
100
AcDbPolyline
 90
        4
 70
     0
 43
0.0
 10
135.898273
 20
-88.519177
 42
1.0
 10
136.898273
 20
-88.519177
 10
136.898273
 20
-88.519177
 42
1.0
 10
135.898273
 20
-88.519177
  0
HATCH
  5
2958
330
1F
100
AcDbEntity
  8
HOLE-LAYER
100
AcDbHatch
 10
0.0
 20
0.0
 30
0.0
210
0.0
220
0.0
230
1.0
  2
SOLID
 70
     1
 71
     0
 91
        1
 92
        7
 72
     1
 73
     1
 93
        2
 10
115.5782829565659
 20
-88.51917703835409
 42
1.0
 10
116.5782829565659
 20
-88.51917703835409
 42
1.0
 97
        1
330
0
 75
     0
 76
     1
 47
0.868144
 98
        1
 10
3.629517071192367
 20
33.92795499968543
1001
ACAD
1010
0.0
1020
0.0
1030
0.0
  0
LWPOLYLINE
  5
2959
330
1F
100
AcDbEntity
  8
HOLE-LAYER
100
AcDbPolyline
 90
        2
 70
     1
 43
0.0
 10
115.578283
 20
-88.519177
 42
1.0
 10
116.578283
 20
-88.519177
 42
1.0
  0
HATCH
  5
2988
330
1F
100
AcDbEntity
  8
HOLE-LAYER
100
AcDbHatch
 10
0.0
 20
0.0
 30
0.0
210
0.0
220
0.0
230
1.0
  2
SOLID
 70
     1
 71
     0
 91
        1
 92
        7
 72
     1
 73
     1
 93
        2
 10
115.5782829565659
 20
-91.05918211836425
 42
1.0
 10
116.5782829565659
 20
-91.05918211836425
 42
1.0
 97
        1
330
0
 75
     0
 76
     1
 47
0.868144
 98
        1
 10
3.629517071192367
 20
33.92795499968543
1001
ACAD
1010
0.0
1020
0.0
1030
0.0
  0
LWPOLYLINE
  5
2989
330
1F
100
AcDbEntity
  8
HOLE-LAYER
100
AcDbPolyline
 90
        2
 70
     1
 43
0.0
 10
115.578283
 20
-91.059182
 42
1.0
 10
116.578283
 20
-91.059182
 42
1.0
  0
HATCH
  5
3018
330
1F
100
AcDbEntity
  8
HOLE-LAYER
100
AcDbHatch
 10
0.0
 20
0.0
 30
0.0
210
0.0
220
0.0
230
1.0
  2
SOLID
 70
     1
 71
     0
 91
        1
 92
        7
 72
     1
 73
     1
 93
        2
 10
115.5782829565659
 20
-93.59916179832362
 42
1.0
 10
116.5782829565659
 20
-93.59916179832362
 42
1.0
 97
        1
330
0
 75
     0
 76
     1
 47
0.868144
 98
        1
 10
3.629517071192367
 20
33.92795499968543
1001
ACAD
1010
0.0
1020
0.0
1030
0.0
  0
LWPOLYLINE
  5
3019
330
1F
100
AcDbEntity
  8
HOLE-LAYER
100
AcDbPolyline
 90
        2
 70
     1
 43
0.0
 10
115.578283
 20
-93.599162
 42
1.0
 10
116.578283
 20
-93.599162
 42
1.0
  0
HATCH
  5
3048
330
1F
100
AcDbEntity
  8
HOLE-LAYER
100
AcDbHatch
 10
0.0
 20
0.0
 30
0.0
210
0.0
220
0.0
230
1.0
  2
SOLID
 70
     1
 71
     0
 91
        1
 92
        7
 72
     1
 73
     1
 93
        2
 10
115.5782829565659
 20
-96.13916687833378
 42
1.0
 10
116.5782829565659
 20
-96.13916687833378
 42
1.0
 97
        1
330
0
 75
     0
 76
     1
 47
0.868144
 98
        1
 10
3.629517071192367
 20
33.92795499968543
1001
ACAD
1010
0.0
1020
0.0
1030
0.0
  0
LWPOLYLINE
  5
3049
330
1F
100
AcDbEntity
  8
HOLE-LAYER
100
AcDbPolyline
 90
        2
 70
     1
 43
0.0
 10
115.578283
 20
-96.139167
 42
1.0
 10
116.578283
 20
-96.139167
 42
1.0
  0
HATCH
  5
3078
330
1F
100
AcDbEntity
  8
HOLE-LAYER
100
AcDbHatch
 10
0.0
 20
0.0
 30
0.0
210
0.0
220
0.0
230
1.0
  2
SOLID
 70
     1
 71
     0
 91
        1
 92
        7
 72
     1
 73
     1
 93
        2
 10
115.5782829565659
 20
-98.67917195834393
 42
1.0
 10
116.5782829565659
 20
-98.67917195834393
 42
1.0
 97
        1
330
0
 75
     0
 76
     1
 47
0.868144
 98
        1
 10
3.629517071192367
 20
33.92795499968543
1001
ACAD
1010
0.0
1020
0.0
1030
0.0
  0
LWPOLYLINE
  5
3079
330
1F
100
AcDbEntity
  8
HOLE-LAYER
100
AcDbPolyline
 90
        2
 70
     1
 43
0.0
 10
115.578283
 20
-98.679172
 42
1.0
 10
116.578283
 20
-98.679172
 42
1.0
  0
HATCH
  5
3108
330
1F
100
AcDbEntity
  8
HOLE-LAYER
100
AcDbHatch
 10
0.0
 20
0.0
 30
0.0
210
0.0
220
0.0
230
1.0
  2
SOLID
 70
     1
 71
     0
 91
        1
 92
        7
 72
     1
 73
     1
 93
        2
 10
115.5782829565659
 20
-101.2191770383541
 42
1.0
 10
116.5782829565659
 20
-101.2191770383541
 42
1.0
 97
        1
330
0
 75
     0
 76
     1
 47
0.868144
 98
        1
 10
3.629517071192367
 20
33.92795499968543
1001
ACAD
1010
0.0
1020
0.0
1030
0.0
  0
LWPOLYLINE
  5
3109
330
1F
100
AcDbEntity
  8
HOLE-LAYER
100
AcDbPolyline
 90
        2
 70
     1
 43
0.0
 10
115.578283
 20
-101.219177
 42
1.0
 10
116.578283
 20
-101.219177
 42
1.0
  0
HATCH
  5
3138
330
1F
100
AcDbEntity
  8
HOLE-LAYER
100
AcDbHatch
 10
0.0
 20
0.0
 30
0.0
210
0.0
220
0.0
230
1.0
  2
SOLID
 70
     1
 71
     0
 91
        1
 92
        7
 72
     1
 73
     1
 93
        2
 10
11.41595123190246
 20
-103.251206502413
 42
1.0
 10
12.51597663195327
 20
-103.251206502413
 42
1.0
 97
        1
330
0
 75
     0
 76
     1
 47
0.868144
 98
        1
 10
3.629517071192367
 20
33.92795499968543
1001
ACAD
1010
0.0
1020
0.0
1030
0.0
  0
LWPOLYLINE
  5
3139
330
1F
100
AcDbEntity
  8
HOLE-LAYER
100
AcDbPolyline
 90
        4
 70
     0
 43
0.0
 10
11.415951
 20
-103.251207
 42
1.0
 10
12.515977
 20
-103.251207
 10
12.515977
 20
-103.251207
 42
1.0
 10
11.415951
 20
-103.251207
  0
HATCH
  5
3168
330
1F
100
AcDbEntity
  8
HOLE-LAYER
100
AcDbHatch
 10
0.0
 20
0.0
 30
0.0
210
0.0
220
0.0
230
1.0
  2
SOLID
 70
     1
 71
     0
 91
        1
 92
        7
 72
     1
 73
     1
 93
        2
 10
14.91595123190246
 20
-103.251206502413
 42
1.0
 10
16.01597663195327
 20
-103.251206502413
 42
1.0
 97
        1
330
0
 75
     0
 76
     1
 47
0.868144
 98
        1
 10
3.629517071192367
 20
33.92795499968543
1001
ACAD
1010
0.0
1020
0.0
1030
0.0
  0
LWPOLYLINE
  5
3169
330
1F
100
AcDbEntity
  8
HOLE-LAYER
100
AcDbPolyline
 90
        4
 70
     0
 43
0.0
 10
14.915951
 20
-103.251207
 42
1.0
 10
16.015977
 20
-103.251207
 10
16.015977
 20
-103.251207
 42
1.0
 10
14.915951
 20
-103.251207
  0
HATCH
  5
3258
330
1F
100
AcDbEntity
  8
HOLE-LAYER
100
AcDbHatch
 10
0.0
 20
0.0
 30
0.0
210
0.0
220
0.0
230
1.0
  2
SOLID
 70
     1
 71
     0
 91
        1
 92
        7
 72
     1
 73
     1
 93
        2
 10
10.57101854203709
 20
-83.43916687833376
 42
1.0
 10
11.87104394208789
 20
-83.43916687833376
 42
1.0
 97
        1
330
0
 75
     0
 76
     1
 47
0.868144
 98
        1
 10
3.629517071192367
 20
33.92795499968543
1001
ACAD
1010
0.0
1020
0.0
1030
0.0
  0
LWPOLYLINE
  5
3259
330
1F
100
AcDbEntity
  8
HOLE-LAYER
100
AcDbPolyline
 90
        2
 70
     1
 43
0.0
 10
10.571019
 20
-83.439167
 42
1.0
 10
11.871044
 20
-83.439167
 42
1.0
  0
HATCH
  5
3288
330
1F
100
AcDbEntity
  8
HOLE-LAYER
100
AcDbHatch
 10
0.0
 20
0.0
 30
0.0
210
0.0
220
0.0
230
1.0
  2
SOLID
 70
     1
 71
     0
 91
        1
 92
        7
 72
     1
 73
     1
 93
        2
 10
32.07101854203709
 20
-83.43916687833376
 42
1.0
 10
33.37104394208789
 20
-83.43916687833376
 42
1.0
 97
        1
330
0
 75
     0
 76
     1
 47
0.868144
 98
        1
 10
3.629517071192367
 20
33.92795499968543
1001
ACAD
1010
0.0
1020
0.0
1030
0.0
  0
LWPOLYLINE
  5
3289
330
1F
100
AcDbEntity
  8
HOLE-LAYER
100
AcDbPolyline
 90
        2
 70
     1
 43
0.0
 10
32.071019
 20
-83.439167
 42
1.0
 10
33.371044
 20
-83.439167
 42
1.0
  0
HATCH
  5
3318
330
1F
100
AcDbEntity
  8
HOLE-LAYER
100
AcDbHatch
 10
0.0
 20
0.0
 30
0.0
210
0.0
220
0.0
230
1.0
  2
SOLID
 70
     1
 71
     0
 91
        1
 92
        7
 72
     1
 73
     1
 93
        2
 10
153.2472948945898
 20
-59.81711963423928
 42
1.0
 10
154.3473202946406
 20
-59.81711963423928
 42
1.0
 97
        1
330
0
 75
     0
 76
     1
 47
0.868144
 98
        1
 10
3.629517071192367
 20
33.92795499968543
1001
ACAD
1010
0.0
1020
0.0
1030
0.0
  0
LWPOLYLINE
  5
3319
330
1F
100
AcDbEntity
  8
HOLE-LAYER
100
AcDbPolyline
 90
        4
 70
     0
 43
0.0
 10
153.247295
 20
-59.81712
 42
1.0
 10
154.34732
 20
-59.81712
 10
154.34732
 20
-59.81712
 42
1.0
 10
153.247295
 20
-59.81712
  0
HATCH
  5
3348
330
1F
100
AcDbEntity
  8
HOLE-LAYER
100
AcDbHatch
 10
0.0
 20
0.0
 30
0.0
210
0.0
220
0.0
230
1.0
  2
SOLID
 70
     1
 71
     0
 91
        1
 92
        7
 72
     1
 73
     1
 93
        2
 10
150.7072898145796
 20
-59.81711963423928
 42
1.0
 10
151.8073152146304
 20
-59.81711963423928
 42
1.0
 97
        1
330
0
 75
     0
 76
     1
 47
0.868144
 98
        1
 10
3.629517071192367
 20
33.92795499968543
1001
ACAD
1010
0.0
1020
0.0
1030
0.0
  0
LWPOLYLINE
  5
3349
330
1F
100
AcDbEntity
  8
HOLE-LAYER
100
AcDbPolyline
 90
        4
 70
     0
 43
0.0
 10
150.70729
 20
-59.81712
 42
1.0
 10
151.807315
 20
-59.81712
 10
151.807315
 20
-59.81712
 42
1.0
 10
150.70729
 20
-59.81712
  0
HATCH
  5
3369
330
1F
100
AcDbEntity
  8
HOLE-LAYER
100
AcDbHatch
 10
0.0
 20
0.0
 30
0.0
210
0.0
220
0.0
230
1.0
  2
SOLID
 70
     1
 71
     0
 91
        1
 92
        7
 72
     1
 73
     1
 93
        2
 10
148.1672847345695
 20
-59.81711963423928
 42
1.0
 10
149.2673101346203
 20
-59.81711963423928
 42
1.0
 97
        1
330
0
 75
     0
 76
     1
 47
0.868144
 98
        1
 10
3.629517071192367
 20
33.92795499968543
1001
ACAD
1010
0.0
1020
0.0
1030
0.0
  0
LWPOLYLINE
  5
3370
330
1F
100
AcDbEntity
  8
HOLE-LAYER
100
AcDbPolyline
 90
        4
 70
     0
 43
0.0
 10
148.167285
 20
-59.81712
 42
1.0
 10
149.26731
 20
-59.81712
 10
149.26731
 20
-59.81712
 42
1.0
 10
148.167285
 20
-59.81712
  0
HATCH
  5
3399
330
1F
100
AcDbEntity
  8
HOLE-LAYER
100
AcDbHatch
 10
0.0
 20
0.0
 30
0.0
210
0.0
220
0.0
230
1.0
  2
SOLID
 70
     1
 71
     0
 91
        1
 92
        7
 72
     1
 73
     1
 93
        2
 10
12.13314706629414
 20
-94.48818897637797
 42
1.0
 10
13.63317246634493
 20
-94.48818897637797
 42
1.0
 97
        1
330
0
 75
     0
 76
     1
 47
0.868144
 98
        1
 10
3.629517071192367
 20
33.92795499968543
1001
ACAD
1010
0.0
1020
0.0
1030
0.0
  0
LWPOLYLINE
  5
3400
330
1F
100
AcDbEntity
  8
HOLE-LAYER
100
AcDbPolyline
 90
        4
 70
     0
 43
0.0
 10
12.133147
 20
-94.488189
 42
1.0
 10
13.633172
 20
-94.488189
 10
13.633172
 20
-94.488189
 42
1.0
 10
12.133147
 20
-94.488189
  0
HATCH
  5
3420
330
1F
100
AcDbEntity
  8
HOLE-LAYER
100
AcDbHatch
 10
0.0
 20
0.0
 30
0.0
210
0.0
220
0.0
230
1.0
  2
SOLID
 70
     1
 71
     0
 91
        1
 92
        7
 72
     1
 73
     1
 93
        2
 10
19.13289306578613
 20
-94.48818897637797
 42
1.0
 10
20.63291846583693
 20
-94.48818897637797
 42
1.0
 97
        1
330
0
 75
     0
 76
     1
 47
0.868144
 98
        1
 10
3.629517071192367
 20
33.92795499968543
1001
ACAD
1010
0.0
1020
0.0
1030
0.0
  0
LWPOLYLINE
  5
3421
330
1F
100
AcDbEntity
  8
HOLE-LAYER
100
AcDbPolyline
 90
        4
 70
     0
 43
0.0
 10
19.132893
 20
-94.488189
 42
1.0
 10
20.632918
 20
-94.488189
 10
20.632918
 20
-94.488189
 42
1.0
 10
19.132893
 20
-94.488189
  0
HATCH
  5
3450
330
1F
100
AcDbEntity
  8
HOLE-LAYER
100
AcDbHatch
 10
0.0
 20
0.0
 30
0.0
210
0.0
220
0.0
230
1.0
  2
SOLID
 70
     1
 71
     0
 91
        1
 92
        7
 72
     1
 73
     1
 93
        2
 10
15.63302006604013
 20
-94.48818897637797
 42
1.0
 10
17.13304546609093
 20
-94.48818897637797
 42
1.0
 97
        1
330
0
 75
     0
 76
     1
 47
0.868144
 98
        1
 10
3.629517071192367
 20
33.92795499968543
1001
ACAD
1010
0.0
1020
0.0
1030
0.0
  0
LWPOLYLINE
  5
3451
330
1F
100
AcDbEntity
  8
HOLE-LAYER
100
AcDbPolyline
 90
        4
 70
     0
 43
0.0
 10
15.63302
 20
-94.488189
 42
1.0
 10
17.133045
 20
-94.488189
 10
17.133045
 20
-94.488189
 42
1.0
 10
15.63302
 20
-94.488189
  0
HATCH
  5
3504
330
1F
100
AcDbEntity
  8
HOLE-LAYER
100
AcDbHatch
 10
0.0
 20
0.0
 30
0.0
210
0.0
220
0.0
230
1.0
  2
SOLID
 70
     1
 71
     0
 91
        1
 92
        7
 72
     1
 73
     1
 93
        2
 10
17.33807467614935
 20
-66.29413258826519
 42
1.0
 10
19.23799847599695
 20
-66.29413258826519
 42
1.0
 97
        1
330
0
 75
     0
 76
     1
 47
0.868144
 98
        1
 10
3.629517071192367
 20
33.92795499968543
1001
ACAD
1010
0.0
1020
0.0
1030
0.0
  0
LWPOLYLINE
  5
3505
330
1F
100
AcDbEntity
  8
HOLE-LAYER
100
AcDbPolyline
 90
        4
 70
     0
 43
0.0
 10
17.338075
 20
-66.294133
 42
1.0
 10
19.237998
 20
-66.294133
 10
19.237998
 20
-66.294133
 42
1.0
 10
17.338075
 20
-66.294133
  0
HATCH
  5
3534
330
1F
100
AcDbEntity
  8
HOLE-LAYER
100
AcDbHatch
 10
0.0
 20
0.0
 30
0.0
210
0.0
220
0.0
230
1.0
  2
SOLID
 70
     1
 71
     0
 91
        1
 92
        7
 72
     1
 73
     1
 93
        2
 10
30.03810007620016
 20
-66.29413258826519
 42
1.0
 10
31.93802387604775
 20
-66.29413258826519
 42
1.0
 97
        1
330
0
 75
     0
 76
     1
 47
0.868144
 98
        1
 10
3.629517071192367
 20
33.92795499968543
1001
ACAD
1010
0.0
1020
0.0
1030
0.0
  0
LWPOLYLINE
  5
3535
330
1F
100
AcDbEntity
  8
HOLE-LAYER
100
AcDbPolyline
 90
        4
 70
     0
 43
0.0
 10
30.0381
 20
-66.294133
 42
1.0
 10
31.938024
 20
-66.294133
 10
31.938024
 20
-66.294133
 42
1.0
 10
30.0381
 20
-66.294133
  0
HATCH
  5
3564
330
1F
100
AcDbEntity
  8
HOLE-LAYER
100
AcDbHatch
 10
0.0
 20
0.0
 30
0.0
210
0.0
220
0.0
230
1.0
  2
SOLID
 70
     1
 71
     0
 91
        1
 92
        7
 72
     1
 73
     1
 93
        2
 10
37.65811531623064
 20
-66.29413258826519
 42
1.0
 10
39.55803911607823
 20
-66.29413258826519
 42
1.0
 97
        1
330
0
 75
     0
 76
     1
 47
0.868144
 98
        1
 10
3.629517071192367
 20
33.92795499968543
1001
ACAD
1010
0.0
1020
0.0
1030
0.0
  0
LWPOLYLINE
  5
3565
330
1F
100
AcDbEntity
  8
HOLE-LAYER
100
AcDbPolyline
 90
        2
 70
     1
 43
0.0
 10
37.658115
 20
-66.294133
 42
1.0
 10
39.558039
 20
-66.294133
 42
1.0
  0
HATCH
  5
3594
330
1F
100
AcDbEntity
  8
HOLE-LAYER
100
AcDbHatch
 10
0.0
 20
0.0
 30
0.0
210
0.0
220
0.0
230
1.0
  2
SOLID
 70
     1
 71
     0
 91
        1
 92
        7
 72
     1
 73
     1
 93
        2
 10
37.65811531623064
 20
-35.81407162814326
 42
1.0
 10
39.55803911607823
 20
-35.81407162814326
 42
1.0
 97
        1
330
0
 75
     0
 76
     1
 47
0.868144
 98
        1
 10
3.629517071192367
 20
33.92795499968543
1001
ACAD
1010
0.0
1020
0.0
1030
0.0
  0
LWPOLYLINE
  5
3595
330
1F
100
AcDbEntity
  8
HOLE-LAYER
100
AcDbPolyline
 90
        2
 70
     1
 43
0.0
 10
37.658115
 20
-35.814072
 42
1.0
 10
39.558039
 20
-35.814072
 42
1.0
  0
HATCH
  5
3624
330
1F
100
AcDbEntity
  8
HOLE-LAYER
100
AcDbHatch
 10
0.0
 20
0.0
 30
0.0
210
0.0
220
0.0
230
1.0
  2
SOLID
 70
     1
 71
     0
 91
        1
 92
        7
 72
     1
 73
     1
 93
        2
 10
30.03806070612141
 20
-35.81407162814326
 42
1.0
 10
31.9380632461265
 20
-35.81407162814326
 42
1.0
 97
        1
330
0
 75
     0
 76
     1
 47
0.868144
 98
        1
 10
3.629517071192367
 20
33.92795499968543
1001
ACAD
1010
0.0
1020
0.0
1030
0.0
  0
LWPOLYLINE
  5
3625
330
1F
100
AcDbEntity
  8
HOLE-LAYER
100
AcDbPolyline
 90
        2
 70
     1
 43
0.0
 10
30.038061
 20
-35.814072
 42
1.0
 10
31.938063
 20
-35.814072
 42
1.0
  0
HATCH
  5
3654
330
1F
100
AcDbEntity
  8
HOLE-LAYER
100
AcDbHatch
 10
0.0
 20
0.0
 30
0.0
210
0.0
220
0.0
230
1.0
  2
SOLID
 70
     1
 71
     0
 91
        1
 92
        7
 72
     1
 73
     1
 93
        2
 10
17.33807467614935
 20
-35.81407162814326
 42
1.0
 10
19.23799847599695
 20
-35.81407162814326
 42
1.0
 97
        1
330
0
 75
     0
 76
     1
 47
0.868144
 98
        1
 10
3.629517071192367
 20
33.92795499968543
1001
ACAD
1010
0.0
1020
0.0
1030
0.0
  0
LWPOLYLINE
  5
3655
330
1F
100
AcDbEntity
  8
HOLE-LAYER
100
AcDbPolyline
 90
        4
 70
     0
 43
0.0
 10
17.338075
 20
-35.814072
 42
1.0
 10
19.237998
 20
-35.814072
 10
19.237998
 20
-35.814072
 42
1.0
 10
17.338075
 20
-35.814072
  0
HATCH
  5
3684
330
1F
100
AcDbEntity
  8
HOLE-LAYER
100
AcDbHatch
 10
0.0
 20
0.0
 30
0.0
210
0.0
220
0.0
230
1.0
  2
SOLID
 70
     1
 71
     0
 91
        1
 92
        7
 72
     1
 73
     1
 93
        2
 10
27.49805562611126
 20
-35.81407162814326
 42
1.0
 10
29.39805816611634
 20
-35.81407162814326
 42
1.0
 97
        1
330
0
 75
     0
 76
     1
 47
0.868144
 98
        1
 10
3.629517071192367
 20
33.92795499968543
1001
ACAD
1010
0.0
1020
0.0
1030
0.0
  0
LWPOLYLINE
  5
3685
330
1F
100
AcDbEntity
  8
HOLE-LAYER
100
AcDbPolyline
 90
        2
 70
     1
 43
0.0
 10
27.498056
 20
-35.814072
 42
1.0
 10
29.398058
 20
-35.814072
 42
1.0
  0
LWPOLYLINE
  5
3825
330
1F
100
AcDbEntity
  8
HOLE-LAYER
100
AcDbPolyline
 90
        2
 70
     1
 43
0.0
 10
171.450343
 20
-13.112073
 42
1.0
 10
171.958344
 20
-13.112073
 42
1.0
  0
LWPOLYLINE
  5
3857
330
1F
100
AcDbEntity
  8
HOLE-LAYER
100
AcDbPolyline
 90
        2
 70
     1
 43
0.0
 10
2.667005
 20
-62.738125
 42
1.0
 10
3.175006
 20
-62.738125
 42
1.0
  0
LWPOLYLINE
  5
3859
330
1F
100
AcDbEntity
  8
HOLE-LAYER
100
AcDbPolyline
 90
        2
 70
     1
 43
0.0
 10
2.159004
 20
-75.311151
 42
1.0
 10
2.667005
 20
-75.311151
 42
1.0
  0
LWPOLYLINE
  5
3861
330
1F
100
AcDbEntity
  8
HOLE-LAYER
100
AcDbPolyline
 90
        2
 70
     1
 43
0.0
 10
54.610109
 20
-105.791212
 42
1.0
 10
55.11811
 20
-105.791212
 42
1.0
  0
LWPOLYLINE
  5
3863
330
1F
100
AcDbEntity
  8
HOLE-LAYER
100
AcDbPolyline
 90
        2
 70
     1
 43
0.0
 10
67.056134
 20
-105.791212
 42
1.0
 10
67.564135
 20
-105.791212
 42
1.0
  0
LWPOLYLINE
  5
3865
330
1F
100
AcDbEntity
  8
HOLE-LAYER
100
AcDbPolyline
 90
        2
 70
     1
 43
0.0
 10
57.404115
 20
-102.362205
 42
1.0
 10
57.912116
 20
-102.362205
 42
1.0
  0
LWPOLYLINE
  5
3869
330
1F
100
AcDbEntity
  8
HOLE-LAYER
100
AcDbPolyline
 90
        2
 70
     1
 43
0.0
 10
73.787148
 20
-90.551181
 42
1.0
 10
74.295149
 20
-90.551181
 42
1.0
  0
LWPOLYLINE
  5
3871
330
1F
100
AcDbEntity
  8
HOLE-LAYER
100
AcDbPolyline
 90
        2
 70
     1
 43
0.0
 10
74.80315
 20
-105.791212
 42
1.0
 10
75.311151
 20
-105.791212
 42
1.0
  0
LWPOLYLINE
  5
3873
330
1F
100
AcDbEntity
  8
HOLE-LAYER
100
AcDbPolyline
 90
        2
 70
     1
 43
0.0
 10
87.249174
 20
-105.918212
 42
1.0
 10
87.757176
 20
-105.918212
 42
1.0
  0
LWPOLYLINE
  5
3875
330
1F
100
AcDbEntity
  8
HOLE-LAYER
100
AcDbPolyline
 90
        2
 70
     1
 43
0.0
 10
95.12319
 20
-105.791212
 42
1.0
 10
95.631191
 20
-105.791212
 42
1.0
  0
LWPOLYLINE
  5
3877
330
1F
100
AcDbEntity
  8
HOLE-LAYER
100
AcDbPolyline
 90
        2
 70
     1
 43
0.0
 10
107.696215
 20
-105.791212
 42
1.0
 10
108.204216
 20
-105.791212
 42
1.0
  0
LWPOLYLINE
  5
3889
330
1F
100
AcDbEntity
  8
HOLE-LAYER
100
AcDbPolyline
 90
        2
 70
     1
 43
0.0
 10
145.16129
 20
-56.525799
 42
1.0
 10
145.669291
 20
-56.525799
 42
1.0
  0
LWPOLYLINE
  5
3901
330
1F
100
AcDbEntity
  8
HOLE-LAYER
100
AcDbPolyline
 90
        2
 70
     1
 43
0.0
 10
5.334011
 20
-72.390145
 42
1.0
 10
5.842012
 20
-72.390145
 42
1.0
  0
LWPOLYLINE
  5
3903
330
1F
100
AcDbEntity
  8
HOLE-LAYER
100
AcDbPolyline
 90
        2
 70
     1
 43
0.0
 10
174.625349
 20
-38.354077
 42
1.0
 10
175.13335
 20
-38.354077
 42
1.0
  0
TEXT
  5
465D
330
1F
100
AcDbEntity
  8
TOP-SILKSCREEN-LAYER
100
AcDbText
 10
162.177089
 20
-70.417555
 30
0.0
 40
0.800102
  1
RS485A
 41
1.1
 11
162.177089
 21
-70.654312
 31
0.0
100
AcDbText
 73
     1
  0
TEXT
  5
4686
330
1F
100
AcDbEntity
  8
TOP-SILKSCREEN-LAYER
100
AcDbText
 10
161.960031
 20
-67.330626
 30
0.0
 40
0.800102
  1
RS485B
 41
1.1
 11
161.960031
 21
-67.567383
 31
0.0
100
AcDbText
 73
     1
  0
TEXT
  5
46AF
330
1F
100
AcDbEntity
  8
TOP-SILKSCREEN-LAYER
100
AcDbText
 10
162.2205
 20
-64.465472
 30
0.0
 40
0.800102
  1
RS485GND
 41
1.1
 11
162.2205
 21
-64.702229
 31
0.0
100
AcDbText
 73
     1
  0
TEXT
  5
46B0
330
1F
100
AcDbEntity
  8
0
100
AcDbText
 10
189.372095
 20
-72.423363
 30
0.0
 40
6.0
  1
RS485
100
AcDbText
  0
TEXT
  5
4701
330
1F
100
AcDbEntity
  8
0
100
AcDbText
 10
113.122922
 20
-127.318883
 30
0.0
 40
6.0
  1
TCP/IP
100
AcDbText
  0
TEXT
  5
4729
330
1F
100
AcDbEntity
  8
0
100
AcDbText
 10
10.237936
 20
-131.52199
 30
0.0
 40
6.0
  1
POWER
100
AcDbText
  0
TEXT
  5
4751
330
1F
100
AcDbEntity
  8
0
100
AcDbText
 10
3.096524
 20
-99.54541
 30
0.0
 40
6.0
  1
0
100
AcDbText
  0
TEXT
  5
47F7
330
1F
100
AcDbEntity
  8
0
100
AcDbText
 10
24.04796
 20
-98.35626
 30
0.0
 40
6.0
  1
+48
100
AcDbText
  0
TEXT
  5
481F
330
1F
100
AcDbEntity
  8
0
100
AcDbText
 10
16.748766
 20
-111.303122
 30
0.0
 40
3.0
  1
+48
100
AcDbText
  0
TEXT
  5
4847
330
1F
100
AcDbEntity
  8
0
100
AcDbText
 10
9.799488
 20
-111.376378
 30
0.0
 40
3.0
  1
0
100
AcDbText
  0
TEXT
  5
4897
330
1F
100
AcDbEntity
  8
0
100
AcDbText
 10
1.427507
 20
-148.100912
 30
0.0
 40
6.0
  1
1. USE POWER1 or POWER2 
100
AcDbText
  0
VIEWPORT
  5
48C0
330
73
100
AcDbEntity
 67
     1
  8
0
100
AcDbViewport
 10
0.0
 20
0.0
 30
0.0
 40
4564.281547
 41
1750.213225
 68
     1
 69
     1
1001
ACAD
1000
MVIEW
1002
{
1070
    16
1010
0.0
1020
0.0
1030
0.0
1010
0.0
1020
0.0
1030
1.0
1040
0.0
1040
1750.213225
1040
1066.100948
1040
353.50829
1040
50.0
1040
0.0
1040
0.0
1070
    16
1070
   100
1070
     0
1070
     3
1070
     0
1070
     0
1070
     0
1070
     0
1040
0.0
1040
0.0
1040
0.0
1040
0.5
1040
0.5
1040
0.5
1040
0.5
1070
     0
1002
{
1002
}
1002
}
  0
VIEWPORT
  5
4925
330
73
100
AcDbEntity
 67
     1
  8
0
100
AcDbViewport
 10
599.132293
 20
406.210789
 30
0.0
 40
1134.942189
 41
786.860568
 68
     2
 69
     3
1001
ACAD
1000
MVIEW
1002
{
1070
    16
1010
0.0
1020
0.0
1030
0.0
1010
0.0
1020
0.0
1030
1.0
1040
0.0
1040
192.543878
1040
107.454028
1040
-55.492113
1040
50.0
1040
0.0
1040
0.0
1070
     0
1070
   100
1070
     0
1070
     1
1070
     0
1070
     0
1070
     0
1070
     0
1040
0.0
1040
0.0
1040
0.0
1040
0.5
1040
0.5
1040
0.5
1040
0.5
1070
     0
1002
{
1002
}
1002
}
  0
ENDSEC
  0
SECTION
  2
OBJECTS
  0
DICTIONARY
  5
C
330
0
100
AcDbDictionary
  3
ACAD_CIP_PREVIOUS_PRODUCT_INFO
350
1A2
  3
ACAD_COLOR
350
6C
  3
ACAD_DETAILVIEWSTYLE
350
1A8
  3
ACAD_GROUP
350
D
  3
ACAD_IMAGE_DICT
350
4537
  3
ACAD_LAYOUT
350
1A
  3
ACAD_MATERIAL
350
6B
  3
ACAD_MLEADERSTYLE
350
D2
  3
ACAD_MLINESTYLE
350
17
  3
ACAD_PLOTSETTINGS
350
19
  3
ACAD_SCALELIST
350
B1
  3
ACAD_SECTIONVIEWSTYLE
350
1A5
  3
ACAD_VISUALSTYLE
350
95
  3
ACDBHEADERROUNDTRIPXREC
350
4933
  3
ACDBVARIABLEDICTIONARY
350
59
  3
ACDSDECOMPOSEDATA
350
307
  3
DWGPROPS
350
4955
  3
HOST_DOC_SETTINGS
350
4489
  3
MCS_STREAM_DICT
350
4484
  0
DICTIONARY
  5
4956
330
8
100
AcDbDictionary
280
     1
  3
ACAD_XREC_ROUNDTRIP
360
4957
  0
DICTIONARY
  5
18B
330
2
100
AcDbDictionary
280
     1
  3
ACAD_LAYERSTATES
360
18C
  0
DICTIONARY
  5
448B
330
1F
100
AcDbDictionary
280
     1
  3
ACAD_SORTENTS
360
448C
  0
XRECORD
  5
1A2
102
{ACAD_REACTORS
330
C
102
}
330
C
100
AcDbXrecord
300
ACD
300
2021
300

  0
DICTIONARY
  5
6C
102
{ACAD_REACTORS
330
C
102
}
330
C
100
AcDbDictionary
  0
DICTIONARY
  5
1A8
102
{ACAD_REACTORS
330
C
102
}
330
C
100
AcDbDictionary
  3
IMPERIAL24
350
1A9
  0
DICTIONARY
  5
D
102
{ACAD_REACTORS
330
C
102
}
330
C
100
AcDbDictionary
  0
DICTIONARY
  5
4537
102
{ACAD_REACTORS
330
C
102
}
330
C
100
AcDbDictionary
  0
DICTIONARY
  5
1A
102
{ACAD_REACTORS
330
C
102
}
330
C
100
AcDbDictionary
  0
DICTIONARY
  5
6B
102
{ACAD_REACTORS
330
C
102
}
330
C
100
AcDbDictionary
  3
BYBLOCK
350
93
  3
BYLAYER
350
92
  3
GLOBAL
350
94
  0
DICTIONARY
  5
D2
102
{ACAD_REACTORS
330
C
102
}
330
C
100
AcDbDictionary
  3
ANNOTATIVE
350
E0
  3
STANDARD
350
D3
  0
DICTIONARY
  5
17
102
{ACAD_REACTORS
330
C
102
}
330
C
100
AcDbDictionary
  3
STANDARD
350
18
  0
DICTIONARY
  5
19
102
{ACAD_REACTORS
330
C
102
}
330
C
100
AcDbDictionary
  0
DICTIONARY
  5
B1
102
{ACAD_REACTORS
330
C
102
}
330
C
100
AcDbDictionary
  3
A0
350
B2
  3
A1
350
124
  3
A2
350
125
  3
A3
350
126
  3
A4
350
127
  3
A5
350
128
  3
A6
350
129
  3
A7
350
12A
  3
A8
350
12B
  3
A9
350
12C
  3
B0
350
12D
  3
B1
350
12E
  3
B2
350
12F
  3
B3
350
130
  3
B4
350
131
  3
B5
350
132
  3
B6
350
133
  3
B7
350
134
  3
B8
350
135
  3
B9
350
136
  3
C0
350
137
  3
C1
350
138
  3
C2
350
139
  3
C3
350
13A
  3
C4
350
13B
  3
C5
350
13C
  3
C6
350
13D
  3
C7
350
13E
  3
C8
350
13F
  3
C9
350
140
  3
D0
350
141
  3
D1
350
142
  3
D2
350
143
  0
DICTIONARY
  5
1A5
102
{ACAD_REACTORS
330
C
102
}
330
C
100
AcDbDictionary
  3
IMPERIAL24
350
1A7
  0
DICTIONARY
  5
95
102
{ACAD_REACTORS
330
C
102
}
330
C
100
AcDbDictionary
  3
2DWIREFRAME
350
9B
  3
BASIC
350
9A
  3
BRIGHTEN
350
A1
  3
COLORCHANGE
350
A5
  3
CONCEPTUAL
350
9E
  3
DIM
350
A0
  3
EDGECOLOROFF
350
172
  3
FACEPATTERN
350
A4
  3
FLAT
350
96
  3
FLATWITHEDGES
350
97
  3
GOURAUD
350
98
  3
GOURAUDWITHEDGES
350
99
  3
HIDDEN
350
9D
  3
JITTEROFF
350
170
  3
LINEPATTERN
350
A3
  3
OVERHANGOFF
350
171
  3
REALISTIC
350
9F
  3
SHADED
350
17F
  3
SHADED_WITH_EDGE0
350
17E
  3
SHADED_WITH_EDGES
350
4633
  3
SHADES_OF_GRA0
350
17B
  3
SHADES_OF_GRAY
350
4632
  3
SKETCHY
350
17C
  3
THICKEN
350
A2
  3
WIREFRAME
350
9C
  3
X-RAY
350
17D
  0
DICTIONARY
  5
4933
102
{ACAD_REACTORS
330
C
102
}
330
C
100
AcDbDictionary
  3
CEPSNTYPE
350
493C
  3
COLORDICT
350
4953
  3
DIMSTYLEDATA
350
4952
  3
FINGERPRINTGUID
350
493D
  3
HYPERLINKBASE
350
4936
  3
INSUNITS
350
493B
  3
LAYOUTDICT
350
4938
  3
LWETCUNION
350
493A
  3
MATERIALDICT
350
4954
  3
PLOTSETDICT
350
4939
  3
PSVPSCALE
350
493F
  3
PUCSBASE
350
4942
  3
PUCSORGBACK
350
4948
  3
PUCSORGBOTTOM
350
4944
  3
PUCSORGFRONT
350
4947
  3
PUCSORGLEFT
350
4945
  3
PUCSORGRIGHT
350
4946
  3
PUCSORGTOP
350
4943
  3
PUCSORTHOREF
350
4940
  3
PUCSORTHOVIEW
350
4941
  3
STYLESHEET
350
4937
  3
TSTACKALIGN
350
4934
  3
TSTACKSIZE
350
4935
  3
UCSBASE
350
494B
  3
UCSORGBACK
350
4951
  3
UCSORGBOTTOM
350
494D
  3
UCSORGFRONT
350
4950
  3
UCSORGLEFT
350
494E
  3
UCSORGRIGHT
350
494F
  3
UCSORGTOP
350
494C
  3
UCSORTHOREF
350
4949
  3
UCSORTHOVIEW
350
494A
  3
VERSIONGUID
350
493E
  0
DICTIONARY
  5
59
102
{ACAD_REACTORS
330
C
102
}
330
C
100
AcDbDictionary
  3
CAMERAHEIGHT
350
227
  3
CANNOSCALE
350
47CC
  3
CMLEADERSTYLE
350
EA
  3
CTABLESTYLE
350
AB
  3
CVIEWDETAILSTYLE
350
1B4
  3
CVIEWSECTIONSTYLE
350
1B5
  3
DIMASSOC
350
5A
  3
HIDETEXT
350
5E
  3
INDEXCTL
350
226
  3
LAYEREVAL
350
14A
  3
LAYERNOTIFY
350
14B
  3
LIGHTINGUNITS
350
224
  3
MSLTSCALE
350
223
  3
SORTENTS
350
225
  3
XCLIPFRAME
350
228
  0
DICTIONARY
  5
307
102
{ACAD_REACTORS
330
C
102
}
330
C
100
AcDbDictionary
  3
ACDSRECORDS
350
309
  3
ACDSSCHEMAS
350
308
1001
ACAD
1070
     2
  0
XRECORD
  5
4955
102
{ACAD_REACTORS
330
C
102
}
330
C
100
AcDbXrecord
  1
DWGPROPS COOKIE
  2

  3

  4

  6

  7

  8
win10
  9

300
=
301
=
302
=
303
=
304
=
305
=
306
=
307
=
308
=
309
=
 40
0.0
 41
2460560.272581
 42
2461286.246271
  1

 90
        0
  0
DICTIONARY
  5
4489
102
{ACAD_REACTORS
330
C
102
}
330
C
100
AcDbDictionary
  3
NCDOCPARAMETERS
350
448A
  0
DICTIONARY
  5
4484
102
{ACAD_REACTORS
330
C
102
}
330
C
100
AcDbDictionary
  3
MC_VERSION_DATA
350
4538
  3
MCS_DOCUMENT_ID
350
4485
  3
MCS_PARAMS_DATA
350
448D
  0
XRECORD
  5
4957
102
{ACAD_REACTORS
330
4956
102
}
330
4956
100
AcDbXrecord
102
VTR_0.000_0.000_1.000_1.000_GRIDDISPLAY
 70
     3
102
VTR_0.000_0.000_1.000_1.000_GRIDMAJOR
 70
     5
102
VTR_0.000_0.000_1.000_1.000_DEFAULTLIGHTING
280
     0
102
VTR_0.000_0.000_1.000_1.000_DEFAULTLIGHTINGTYPE
 70
     1
102
VTR_0.000_0.000_1.000_1.000_BRIGHTNESS
141
0.0
102
VTR_0.000_0.000_1.000_1.000_CONTRAST
142
0.0
  0
DICTIONARY
  5
18C
102
{ACAD_REACTORS
330
18B
102
}
330
18B
100
AcDbDictionary
  0
SORTENTSTABLE
  5
448C
102
{ACAD_REACTORS
330
448B
102
}
330
448B
100
AcDbSortentsTable
330
1F
  0
ACAD_PROXY_OBJECT
  5
1A9
102
{ACAD_REACTORS
330
1A8
102
}
102
{ACAD_XDICTIONARY
360
33C
102
}
330
1A8
100
AcDbProxyObject
 90
      499
 91
      514
 93
     1245
310
90A496D70657269616C3234481E5C0F42F5A8DC671FC056BD1B81E856B9F81E5C0F42F5A8DC671FA33E5C0F42F5A8DC671FA02000000000000741FA02AD129E2E20B1AB30B9102B34B2BBAA3CB832902E33101112BA3198911F1290129E2E20B1AB30B9102B34B2BBA232BA30B4B624B21F12AE2829A1A0A62290129E2E20B
310
1AB30B9102B34B2BBA9B1B0B632902E33101112B9B7111F12A33A33800
340
11
340
0
340
16
340
11
340
16
340
16
 94
        0
  0
MATERIAL
  5
93
102
{ACAD_REACTORS
330
6B
102
}
102
{ACAD_XDICTIONARY
360
185
102
}
330
6B
100
AcDbMaterial
  1
BYBLOCK
  0
MATERIAL
  5
92
102
{ACAD_REACTORS
330
6B
102
}
102
{ACAD_XDICTIONARY
360
183
102
}
330
6B
100
AcDbMaterial
  1
BYLAYER
  0
MATERIAL
  5
94
102
{ACAD_REACTORS
330
6B
102
}
102
{ACAD_XDICTIONARY
360
10B
102
}
330
6B
100
AcDbMaterial
  1
GLOBAL
 43
0.0208
 43
0.0
 43
0.0
 43
0.0
 43
0.0
 43
0.0208
 43
0.0
 43
0.0
 43
0.0
 43
0.0
 43
1.0
 43
0.0
 43
0.0
 43
0.0
 43
0.0
 43
1.0
 49
0.0208
 49
0.0
 49
0.0
 49
0.0
 49
0.0
 49
0.0208
 49
0.0
 49
0.0
 49
0.0
 49
0.0
 49
1.0
 49
0.0
 49
0.0
 49
0.0
 49
0.0
 49
1.0
142
0.0208
142
0.0
142
0.0
142
0.0
142
0.0
142
0.0208
142
0.0
142
0.0
142
0.0
142
0.0
142
1.0
142
0.0
142
0.0
142
0.0
142
0.0
142
1.0
144
0.0208
144
0.0
144
0.0
144
0.0
144
0.0
144
0.0208
144
0.0
144
0.0
144
0.0
144
0.0
144
1.0
144
0.0
144
0.0
144
0.0
144
0.0
144
1.0
1001
ACAD
1070
    -1
1070
     3
1070
     0
1000

1071
        0
1070
     0
  0
ACAD_PROXY_OBJECT
  5
E0
102
{ACAD_REACTORS
330
D2
102
}
330
D2
100
AcDbProxyObject
 90
      499
 91
      506
 93
      610
310
40901902A4063FBFFFFFC056BD1B81E855B9F80AD7A3703D0AD73F4214DD185B99185C9900AD7A3703D0AC73F90140501A02B5E8DC0F42B1CFC02B5E8DC0F42B1CFE5524000000000000300FC0
340
14
340
0
340
11
340
0
 94
        0
1001
ACAD_MLEADERVER
1070
     2
  0
ACAD_PROXY_OBJECT
  5
D3
102
{ACAD_REACTORS
330
D2
102
}
330
D2
100
AcDbProxyObject
 90
      499
 91
      506
 93
      610
310
40901902A4063FBFFFFFC056BD1B81E855B9F80AD7A3703D0AD73F4214DD185B99185C9900AD7A3703D0AC73F90140501A02B5E8DC0F42B1CFC02B5E8DC0F42B1CFE5524000000000000300FC0
340
14
340
0
340
11
340
0
 94
        0
1001
ACAD_MLEADERVER
1070
     2
  0
MLINESTYLE
  5
18
102
{ACAD_REACTORS
330
17
102
}
330
17
100
AcDbMlineStyle
  2
STANDARD
 70
     0
  3

 62
   256
 51
90.0
 52
90.0
 71
     2
 49
0.5
 62
   256
  6
BYLAYER
 49
-0.5
 62
   256
  6
BYLAYER
  0
ACAD_PROXY_OBJECT
  5
B2
102
{ACAD_REACTORS
330
B1
102
}
330
B1
100
AcDbProxyObject
 90
      499
 91
      505
 93
       41
310
903313A31500
  0
ACAD_PROXY_OBJECT
  5
124
102
{ACAD_REACTORS
330
B1
102
}
330
B1
100
AcDbProxyObject
 90
      499
 91
      505
 93
      105
310
903313A324000000000000004000
  0
ACAD_PROXY_OBJECT
  5
125
102
{ACAD_REACTORS
330
B1
102
}
330
B1
100
AcDbProxyObject
 90
      499
 91
      505
 93
      105
310
903313A344000000000000104000
  0
ACAD_PROXY_OBJECT
  5
126
102
{ACAD_REACTORS
330
B1
102
}
330
B1
100
AcDbProxyObject
 90
      499
 91
      505
 93
      105
310
903313A354000000000000144000
  0
ACAD_PROXY_OBJECT
  5
127
102
{ACAD_REACTORS
330
B1
102
}
330
B1
100
AcDbProxyObject
 90
      499
 91
      505
 93
      105
310
903313A384000000000000204000
  0
ACAD_PROXY_OBJECT
  5
128
102
{ACAD_REACTORS
330
B1
102
}
330
B1
100
AcDbProxyObject
 90
      499
 91
      505
 93
      113
310
904313A31304000000000000244000
  0
ACAD_PROXY_OBJECT
  5
129
102
{ACAD_REACTORS
330
B1
102
}
330
B1
100
AcDbProxyObject
 90
      499
 91
      505
 93
      113
310
904313A31364000000000000304000
  0
ACAD_PROXY_OBJECT
  5
12A
102
{ACAD_REACTORS
330
B1
102
}
330
B1
100
AcDbProxyObject
 90
      499
 91
      505
 93
      113
310
904313A32304000000000000344000
  0
ACAD_PROXY_OBJECT
  5
12B
102
{ACAD_REACTORS
330
B1
102
}
330
B1
100
AcDbProxyObject
 90
      499
 91
      505
 93
      113
310
904313A333040000000000003E4000
  0
ACAD_PROXY_OBJECT
  5
12C
102
{ACAD_REACTORS
330
B1
102
}
330
B1
100
AcDbProxyObject
 90
      499
 91
      505
 93
      113
310
904313A34304000000000000444000
  0
ACAD_PROXY_OBJECT
  5
12D
102
{ACAD_REACTORS
330
B1
102
}
330
B1
100
AcDbProxyObject
 90
      499
 91
      505
 93
      113
310
904313A35304000000000000494000
  0
ACAD_PROXY_OBJECT
  5
12E
102
{ACAD_REACTORS
330
B1
102
}
330
B1
100
AcDbProxyObject
 90
      499
 91
      505
 93
      121
310
905313A3130304000000000000594000
  0
ACAD_PROXY_OBJECT
  5
12F
102
{ACAD_REACTORS
330
B1
102
}
330
B1
100
AcDbProxyObject
 90
      499
 91
      505
 93
      105
310
903323A310000000000000010100
  0
ACAD_PROXY_OBJECT
  5
130
102
{ACAD_REACTORS
330
B1
102
}
330
B1
100
AcDbProxyObject
 90
      499
 91
      505
 93
      105
310
903343A310000000000000410100
  0
ACAD_PROXY_OBJECT
  5
131
102
{ACAD_REACTORS
330
B1
102
}
330
B1
100
AcDbProxyObject
 90
      499
 91
      505
 93
      105
310
903383A310000000000000810100
  0
ACAD_PROXY_OBJECT
  5
132
102
{ACAD_REACTORS
330
B1
102
}
330
B1
100
AcDbProxyObject
 90
      499
 91
      505
 93
      113
310
90431303A310000000000000910100
  0
ACAD_PROXY_OBJECT
  5
133
102
{ACAD_REACTORS
330
B1
102
}
330
B1
100
AcDbProxyObject
 90
      499
 91
      505
 93
      121
310
9053130303A310000000000001650100
  0
ACAD_PROXY_OBJECT
  5
134
102
{ACAD_REACTORS
330
B1
102
}
330
B1
100
AcDbProxyObject
 90
      499
 91
      505
 93
      257
310
90E312F31323822203D2031272D3022000000000000200FC000000000000284000
  0
ACAD_PROXY_OBJECT
  5
135
102
{ACAD_REACTORS
330
B1
102
}
330
B1
100
AcDbProxyObject
 90
      499
 91
      505
 93
      249
310
90D312F363422203D2031272D3022000000000000240FC000000000000284000
  0
ACAD_PROXY_OBJECT
  5
136
102
{ACAD_REACTORS
330
B1
102
}
330
B1
100
AcDbProxyObject
 90
      499
 91
      505
 93
      249
310
90D312F333222203D2031272D3022000000000000280FC000000000000284000
  0
ACAD_PROXY_OBJECT
  5
137
102
{ACAD_REACTORS
330
B1
102
}
330
B1
100
AcDbProxyObject
 90
      499
 91
      505
 93
      249
310
90D312F313622203D2031272D30220000000000002C0FC000000000000284000
  0
ACAD_PROXY_OBJECT
  5
138
102
{ACAD_REACTORS
330
B1
102
}
330
B1
100
AcDbProxyObject
 90
      499
 91
      505
 93
      249
310
90D332F333222203D2031272D30220000000000002E0FC000000000000284000
  0
ACAD_PROXY_OBJECT
  5
139
102
{ACAD_REACTORS
330
B1
102
}
330
B1
100
AcDbProxyObject
 90
      499
 91
      505
 93
      241
310
90C312F3822203D2031272D3022000000000000300FC000000000000284000
  0
ACAD_PROXY_OBJECT
  5
13A
102
{ACAD_REACTORS
330
B1
102
}
330
B1
100
AcDbProxyObject
 90
      499
 91
      505
 93
      249
310
90D332F313622203D2031272D3022000000000000320FC000000000000284000
  0
ACAD_PROXY_OBJECT
  5
13B
102
{ACAD_REACTORS
330
B1
102
}
330
B1
100
AcDbProxyObject
 90
      499
 91
      505
 93
      241
310
90C312F3422203D2031272D3022000000000000340FC000000000000284000
  0
ACAD_PROXY_OBJECT
  5
13C
102
{ACAD_REACTORS
330
B1
102
}
330
B1
100
AcDbProxyObject
 90
      499
 91
      505
 93
      241
310
90C332F3822203D2031272D3022000000000000360FC000000000000284000
  0
ACAD_PROXY_OBJECT
  5
13D
102
{ACAD_REACTORS
330
B1
102
}
330
B1
100
AcDbProxyObject
 90
      499
 91
      505
 93
      241
310
90C312F3222203D2031272D3022000000000000380FC000000000000284000
  0
ACAD_PROXY_OBJECT
  5
13E
102
{ACAD_REACTORS
330
B1
102
}
330
B1
100
AcDbProxyObject
 90
      499
 91
      505
 93
      241
310
90C332F3422203D2031272D30220000000000003A0FC000000000000284000
  0
ACAD_PROXY_OBJECT
  5
13F
102
{ACAD_REACTORS
330
B1
102
}
330
B1
100
AcDbProxyObject
 90
      499
 91
      505
 93
      161
310
90A3122203D2031272D30224000000000000284000
  0
ACAD_PROXY_OBJECT
  5
140
102
{ACAD_REACTORS
330
B1
102
}
330
B1
100
AcDbProxyObject
 90
      499
 91
      505
 93
      257
310
90E312D312F3222203D2031272D30220000000000003E0FC000000000000284000
  0
ACAD_PROXY_OBJECT
  5
141
102
{ACAD_REACTORS
330
B1
102
}
330
B1
100
AcDbProxyObject
 90
      499
 91
      505
 93
      225
310
90A3322203D2031272D302200000000000002100000000000000284000
  0
ACAD_PROXY_OBJECT
  5
142
102
{ACAD_REACTORS
330
B1
102
}
330
B1
100
AcDbProxyObject
 90
      499
 91
      505
 93
      225
310
90A3622203D2031272D302200000000000006100000000000000284000
  0
ACAD_PROXY_OBJECT
  5
143
102
{ACAD_REACTORS
330
B1
102
}
330
B1
100
AcDbProxyObject
 90
      499
 91
      505
 93
      249
310
90D31272D3022203D2031272D30220000000000000A100000000000000284000
  0
ACAD_PROXY_OBJECT
  5
1A7
102
{ACAD_REACTORS
330
1A5
102
}
102
{ACAD_XDICTIONARY
360
33A
102
}
330
1A5
100
AcDbProxyObject
 90
      499
 91
      513
 93
     2271
310
90A496D70657269616C32344A765C0F42F5A8DC671FE5C0F42F5A8DC671FA209258409E5840A25840A65840B05840B45C0F42F5A8DC6F1FA33A659703D0BD6A3719C7E5C0F42F5A8DC671FE5C0F42F5A8DC671FA02000000000000741FA02BE129E2E20B1AB30B9102B34B2BBAA3CB832902E33101112BA3198911F1290129
310
E2E20B1AB30B9102B34B2BBA9B2B1BA34B7B729BA30B93A24B21F1296929E2E20B1AB30B9102B34B2BBA9B2B1BA34B7B722B73224B21F12AE2829A1A0A62290129E2E20B1AB30B9102B34B2BBA9B1B0B632902E33101112B9B7111F12E0080A0C829CA6926662C206056BD1B81E85639FA0320D02A5A88A9F643F27E32B996
310
9C2960E81F87DA0718D4DE3E87E32B9969C2960E85F9E3129FC49EA5FA7E
340
11
340
0
340
0
340
16
340
16
340
11
 94
        0
  0
ACAD_PROXY_OBJECT
  5
9B
102
{ACAD_REACTORS
330
95
102
}
330
95
100
AcDbProxyObject
 90
      499
 91
      503
 93
      444
310
42CC9915DA5C99599C985B59504902404333333333333E3BF0000000000000FB0107901411070040501600405405064090741402480A0340
1001
ACAD
1000
AcDbSavedByObjectVersion
1070
     0
  0
ACAD_PROXY_OBJECT
  5
9A
102
{ACAD_REACTORS
330
95
102
}
330
95
100
AcDbProxyObject
 90
      499
 91
      503
 93
      388
310
4150985CDA58D07406404333333333333E3BF0000000000000FB0107A41107004050150841D405064090741402480A0340
1001
ACAD
1000
AcDbSavedByObjectVersion
1070
     0
  0
ACAD_PROXY_OBJECT
  5
A1
102
{ACAD_REACTORS
330
95
102
}
330
95
100
AcDbProxyObject
 90
      499
 91
      503
 93
      436
310
42109C9A59DA1D195B90C40902404333333333333E3BF0000000000000FB010790141107004050150841D405064090741402480A029940
1001
ACAD
1000
AcDbSavedByObjectVersion
1070
     0
  0
ACAD_PROXY_OBJECT
  5
A5
102
{ACAD_REACTORS
330
95
102
}
330
95
100
AcDbProxyObject
 90
      499
 91
      503
 93
      452
310
42D0DBDB1BDC90DA185B99D95104090240C333333333333E3BF0000000000000FB0108901411070040501508421405064090741402480A0340
1001
ACAD
1000
AcDbSavedByObjectVersion
1070
     0
  0
ACAD_PROXY_OBJECT
  5
9E
102
{ACAD_REACTORS
330
95
102
}
330
95
100
AcDbProxyObject
 90
      499
 91
      503
 93
      508
310
4290DBDB98D95C1D1D585B10940D02404333333333333E3BF0000000000000FB0107902409070040501000000000000111010841D405064090740C02480A0340
1001
ACAD
1000
AcDbSavedByObjectVersion
1070
     0
  0
ACAD_PROXY_OBJECT
  5
A0
102
{ACAD_REACTORS
330
95
102
}
330
95
100
AcDbProxyObject
 90
      499
 91
      503
 93
      420
310
40D11A5B50B40902404333333333333E3BF0000000000000FB010790141107004050150841D405064090741402480A02677FFFFFC0
1001
ACAD
1000
AcDbSavedByObjectVersion
1070
     0
  0
ACAD_PROXY_OBJECT
  5
172
102
{ACAD_REACTORS
330
95
102
}
330
95
100
AcDbProxyObject
 90
      499
 91
      503
 93
      452
310
43115919D950DBDB1BDC93D999916409028333333333333E3BF0000000000000FB010790141107004050150841D405064090741402480A0340
1001
ACAD
1000
AcDbSavedByObjectVersion
1070
     0
  0
ACAD_PROXY_OBJECT
  5
A4
102
{ACAD_REACTORS
330
95
102
}
330
95
100
AcDbProxyObject
 90
      499
 91
      503
 93
      452
310
42D19858D95C185D1D195C9B90F40902404333333333333E3BF0000000000000FB010790141107004050150841D405064090741402480A0340
1001
ACAD
1000
AcDbSavedByObjectVersion
1070
     0
  0
ACAD_PROXY_OBJECT
  5
96
102
{ACAD_REACTORS
330
95
102
}
330
95
100
AcDbProxyObject
 90
      499
 91
      503
 93
      380
310
41119B185D240901404333333333333E3BF0000000000000F9010740A907004050150841D405064090741402480A1B40
1001
ACAD
1000
AcDbSavedByObjectVersion
1070
     0
  0
ACAD_PROXY_OBJECT
  5
97
102
{ACAD_REACTORS
330
95
102
}
330
95
100
AcDbProxyObject
 90
      499
 91
      503
 93
      468
310
43519B185D15DA5D1A115919D95CD0140901404333333333333E3BF0000000000000F90107409019070040501600405405064090741402480A1B40
1001
ACAD
1000
AcDbSavedByObjectVersion
1070
     0
  0
ACAD_PROXY_OBJECT
  5
98
102
{ACAD_REACTORS
330
95
102
}
330
95
100
AcDbProxyObject
 90
      499
 91
      503
 93
      404
310
41D1DBDD5C985D5910240902404333333333333E3BF0000000000000F9010740A9070040501641D405064090741402480A1B40
1001
ACAD
1000
AcDbSavedByObjectVersion
1070
     0
  0
ACAD_PROXY_OBJECT
  5
99
102
{ACAD_REACTORS
330
95
102
}
330
95
100
AcDbProxyObject
 90
      499
 91
      503
 93
      492
310
4411DBDD5C985D5915DA5D1A115919D95CD0340902404333333333333E3BF0000000000000F90107409019070040501600405405064090741402480A1B40
1001
ACAD
1000
AcDbSavedByObjectVersion
1070
     0
  0
ACAD_PROXY_OBJECT
  5
9D
102
{ACAD_REACTORS
330
95
102
}
330
95
100
AcDbProxyObject
 90
      499
 91
      503
 93
      476
310
41921A5919195B90640502408333333333333E3BF0000000000000FB01079024090700405020000000000001110200405405064090740C02480A0340
1001
ACAD
1000
AcDbSavedByObjectVersion
1070
     0
  0
ACAD_PROXY_OBJECT
  5
170
102
{ACAD_REACTORS
330
95
102
}
330
95
100
AcDbProxyObject
 90
      499
 91
      503
 93
      428
310
42529A5D1D195C93D999914409028333333333333E3BF0000000000000FB010790141107004050150A41D405064090741402480A0340
1001
ACAD
1000
AcDbSavedByObjectVersion
1070
     0
  0
ACAD_PROXY_OBJECT
  5
A3
102
{ACAD_REACTORS
330
95
102
}
330
95
100
AcDbProxyObject
 90
      499
 91
      503
 93
      452
310
42D31A5B995C185D1D195C9B90E40902404333333333333E3BF0000000000000FB010790141107004050750841D405064090741402483A0340
1001
ACAD
1000
AcDbSavedByObjectVersion
1070
     0
  0
ACAD_PROXY_OBJECT
  5
171
102
{ACAD_REACTORS
330
95
102
}
330
95
100
AcDbProxyObject
 90
      499
 91
      503
 93
      444
310
42D3DD995C9A185B99D3D999915409028333333333333E3BF0000000000000FB010790141107004050150941D405064090741402480A0340
1001
ACAD
1000
AcDbSavedByObjectVersion
1070
     0
  0
ACAD_PROXY_OBJECT
  5
9F
102
{ACAD_REACTORS
330
95
102
}
330
95
100
AcDbProxyObject
 90
      499
 91
      503
 93
      428
310
425499585B1A5CDD1A58D08409038333333333333E3BF0000000000000F9010740A907004050150800405405064090740C02480A1B40
1001
ACAD
1000
AcDbSavedByObjectVersion
1070
     0
  0
ACAD_PROXY_OBJECT
  5
17F
102
{ACAD_REACTORS
330
95
102
}
330
95
100
AcDbProxyObject
 90
      499
 91
      503
 93
      420
310
4194DA1859195911B40902404333333333333E3BF0000000000000F9010740A41107004050150800405405064090840C02480A0B40
1001
ACAD
1000
AcDbSavedByObjectVersion
1070
     0
  0
ACAD_PROXY_OBJECT
  5
17E
102
{ACAD_REACTORS
330
95
102
}
330
95
100
AcDbProxyObject
 90
      499
 91
      503
 93
      516
310
4454DA18591959081DDA5D1A08195919D95CD1A40902404333333333333E3BF0000000000000F901074090140907004050250800405405064090740C02480A0B40
1001
ACAD
1000
AcDbSavedByObjectVersion
1070
     0
  0
ACAD_PROXY_OBJECT
  5
4633
102
{ACAD_REACTORS
330
95
102
}
330
95
100
AcDbProxyObject
 90
      499
 91
      503
 93
      516
310
4454DA18591959081DDA5D1A08195919D95CD1A40902404333333333333E33F0000000000000F901074090142907004050250800405405064090740C02480A0B40
1001
ACAD
1000
AcDbSavedByObjectVersion
1070
     0
  0
ACAD_PROXY_OBJECT
  5
17B
102
{ACAD_REACTORS
330
95
102
}
330
95
100
AcDbProxyObject
 90
      499
 91
      503
 93
      532
310
4394DA1859195CC81BD98811DC985E5174090240C333333333333E3BF0000000000000FB01079024090741D01000000000000111010841D405064090740C02480A0340
1001
ACAD
1000
AcDbSavedByObjectVersion
1070
     0
  0
ACAD_PROXY_OBJECT
  5
4632
102
{ACAD_REACTORS
330
95
102
}
330
95
100
AcDbProxyObject
 90
      499
 91
      503
 93
      532
310
4394DA1859195CC81BD98811DC985E5174090240C333333333333E33F0000000000000F901079024090741D01000000000000111010841D405064090740C02480A0340
1001
ACAD
1000
AcDbSavedByObjectVersion
1070
     0
  0
ACAD_PROXY_OBJECT
  5
17C
102
{ACAD_REACTORS
330
95
102
}
330
95
100
AcDbProxyObject
 90
      499
 91
      503
 93
      476
310
41D4DAD95D18DA1E51840502408333333333333E3BF0000000000000FB01079024090741D01000000000000111010B41D405064090741802480A0340
1001
ACAD
1000
AcDbSavedByObjectVersion
1070
     0
  0
ACAD_PROXY_OBJECT
  5
A2
102
{ACAD_REACTORS
330
95
102
}
330
95
100
AcDbProxyObject
 90
      499
 91
      503
 93
      420
310
41D51A1A58DAD95B90D40902404333333333333E3BF0000000000000FB010790141107004050150C41D405064090741402480A0340
1001
ACAD
1000
AcDbSavedByObjectVersion
1070
     0
  0
ACAD_PROXY_OBJECT
  5
9C
102
{ACAD_REACTORS
330
95
102
}
330
95
100
AcDbProxyObject
 90
      499
 91
      503
 93
      420
310
4255DA5C99599C985B595059028333333333333E3BF0000000000000FB0107901411070040501600405405064090740C02480A0340
1001
ACAD
1000
AcDbSavedByObjectVersion
1070
     0
  0
ACAD_PROXY_OBJECT
  5
17D
102
{ACAD_REACTORS
330
95
102
}
330
95
100
AcDbProxyObject
 90
      499
 91
      503
 93
      404
310
41560B54985E51940902404000000000000E03F0000000000000FB010740501907004050150841D405064090740C02480A1B40
1001
ACAD
1000
AcDbSavedByObjectVersion
1070
     0
  0
XRECORD
  5
493C
102
{ACAD_REACTORS
330
4933
102
}
330
4933
100
AcDbXrecord
 90
        0
  0
XRECORD
  5
4953
102
{ACAD_REACTORS
330
4933
102
}
330
4933
100
AcDbXrecord
340
6C
  0
XRECORD
  5
4952
102
{ACAD_REACTORS
330
4933
102
}
330
4933
100
AcDbXrecord
1000
DSTYLE
1002
{
1070
   279
 70
     2
1070
   340
340
11
1002
}
  0
XRECORD
  5
493D
102
{ACAD_REACTORS
330
4933
102
}
330
4933
100
AcDbXrecord
  1
{FA9A02B2-7E04-C34E-BD13-02980AC2B394}
  0
XRECORD
  5
4936
102
{ACAD_REACTORS
330
4933
102
}
330
4933
100
AcDbXrecord
  1

  0
XRECORD
  5
493B
102
{ACAD_REACTORS
330
4933
102
}
330
4933
100
AcDbXrecord
 90
        4
  0
XRECORD
  5
4938
102
{ACAD_REACTORS
330
4933
102
}
330
4933
100
AcDbXrecord
340
1A
  0
XRECORD
  5
493A
102
{ACAD_REACTORS
330
4933
102
}
330
4933
100
AcDbXrecord
 90
     1565
  0
XRECORD
  5
4954
102
{ACAD_REACTORS
330
4933
102
}
330
4933
100
AcDbXrecord
340
6B
  0
XRECORD
  5
4939
102
{ACAD_REACTORS
330
4933
102
}
330
4933
100
AcDbXrecord
340
19
  0
XRECORD
  5
493F
102
{ACAD_REACTORS
330
4933
102
}
330
4933
100
AcDbXrecord
 40
0.0
  0
XRECORD
  5
4942
102
{ACAD_REACTORS
330
4933
102
}
330
4933
100
AcDbXrecord
340
0
  0
XRECORD
  5
4948
102
{ACAD_REACTORS
330
4933
102
}
330
4933
100
AcDbXrecord
 10
0.0
 20
0.0
 30
0.0
  0
XRECORD
  5
4944
102
{ACAD_REACTORS
330
4933
102
}
330
4933
100
AcDbXrecord
 10
0.0
 20
0.0
 30
0.0
  0
XRECORD
  5
4947
102
{ACAD_REACTORS
330
4933
102
}
330
4933
100
AcDbXrecord
 10
0.0
 20
0.0
 30
0.0
  0
XRECORD
  5
4945
102
{ACAD_REACTORS
330
4933
102
}
330
4933
100
AcDbXrecord
 10
0.0
 20
0.0
 30
0.0
  0
XRECORD
  5
4946
102
{ACAD_REACTORS
330
4933
102
}
330
4933
100
AcDbXrecord
 10
0.0
 20
0.0
 30
0.0
  0
XRECORD
  5
4943
102
{ACAD_REACTORS
330
4933
102
}
330
4933
100
AcDbXrecord
 10
0.0
 20
0.0
 30
0.0
  0
XRECORD
  5
4940
102
{ACAD_REACTORS
330
4933
102
}
330
4933
100
AcDbXrecord
340
0
  0
XRECORD
  5
4941
102
{ACAD_REACTORS
330
4933
102
}
330
4933
100
AcDbXrecord
 70
     0
  0
XRECORD
  5
4937
102
{ACAD_REACTORS
330
4933
102
}
330
4933
100
AcDbXrecord
  1

  0
XRECORD
  5
4934
102
{ACAD_REACTORS
330
4933
102
}
330
4933
100
AcDbXrecord
 90
        1
  0
XRECORD
  5
4935
102
{ACAD_REACTORS
330
4933
102
}
330
4933
100
AcDbXrecord
 90
       70
  0
XRECORD
  5
494B
102
{ACAD_REACTORS
330
4933
102
}
330
4933
100
AcDbXrecord
340
0
  0
XRECORD
  5
4951
102
{ACAD_REACTORS
330
4933
102
}
330
4933
100
AcDbXrecord
 10
0.0
 20
0.0
 30
0.0
  0
XRECORD
  5
494D
102
{ACAD_REACTORS
330
4933
102
}
330
4933
100
AcDbXrecord
 10
0.0
 20
0.0
 30
0.0
  0
XRECORD
  5
4950
102
{ACAD_REACTORS
330
4933
102
}
330
4933
100
AcDbXrecord
 10
0.0
 20
0.0
 30
0.0
  0
XRECORD
  5
494E
102
{ACAD_REACTORS
330
4933
102
}
330
4933
100
AcDbXrecord
 10
0.0
 20
0.0
 30
0.0
  0
XRECORD
  5
494F
102
{ACAD_REACTORS
330
4933
102
}
330
4933
100
AcDbXrecord
 10
0.0
 20
0.0
 30
0.0
  0
XRECORD
  5
494C
102
{ACAD_REACTORS
330
4933
102
}
330
4933
100
AcDbXrecord
 10
0.0
 20
0.0
 30
0.0
  0
XRECORD
  5
4949
102
{ACAD_REACTORS
330
4933
102
}
330
4933
100
AcDbXrecord
340
0
  0
XRECORD
  5
494A
102
{ACAD_REACTORS
330
4933
102
}
330
4933
100
AcDbXrecord
 70
     0
  0
XRECORD
  5
493E
102
{ACAD_REACTORS
330
4933
102
}
330
4933
100
AcDbXrecord
  1
{964EB223-33A2-D549-8684-CDE005EE773C}
  0
DICTIONARYVAR
  5
227
102
{ACAD_REACTORS
330
59
102
}
330
59
100
DictionaryVariables
280
     0
  1
60.000000
  0
DICTIONARYVAR
  5
47CC
102
{ACAD_REACTORS
330
59
102
}
330
59
100
DictionaryVariables
280
     0
  1
1:1
  0
DICTIONARYVAR
  5
EA
102
{ACAD_REACTORS
330
59
102
}
330
59
100
DictionaryVariables
280
     0
  1
STANDARD
  0
DICTIONARYVAR
  5
AB
102
{ACAD_REACTORS
330
59
102
}
330
59
100
DictionaryVariables
280
     0
  1
Standard
  0
DICTIONARYVAR
  5
1B4
102
{ACAD_REACTORS
330
59
102
}
330
59
100
DictionaryVariables
280
     0
  1
IMPERIAL24
  0
DICTIONARYVAR
  5
1B5
102
{ACAD_REACTORS
330
59
102
}
330
59
100
DictionaryVariables
280
     0
  1
IMPERIAL24
  0
DICTIONARYVAR
  5
5A
102
{ACAD_REACTORS
330
59
102
}
330
59
100
DictionaryVariables
280
     0
  1
2
  0
DICTIONARYVAR
  5
5E
102
{ACAD_REACTORS
330
59
102
}
330
59
100
DictionaryVariables
280
     0
  1
1
  0
DICTIONARYVAR
  5
226
102
{ACAD_REACTORS
330
59
102
}
330
59
100
DictionaryVariables
280
     0
  1
0
  0
DICTIONARYVAR
  5
14A
102
{ACAD_REACTORS
330
59
102
}
330
59
100
DictionaryVariables
280
     0
  1
0
  0
DICTIONARYVAR
  5
14B
102
{ACAD_REACTORS
330
59
102
}
330
59
100
DictionaryVariables
280
     0
  1
0
  0
DICTIONARYVAR
  5
224
102
{ACAD_REACTORS
330
59
102
}
330
59
100
DictionaryVariables
280
     0
  1
2
  0
DICTIONARYVAR
  5
223
102
{ACAD_REACTORS
330
59
102
}
330
59
100
DictionaryVariables
280
     0
  1
1
  0
DICTIONARYVAR
  5
225
102
{ACAD_REACTORS
330
59
102
}
330
59
100
DictionaryVariables
280
     0
  1
127
  0
DICTIONARYVAR
  5
228
102
{ACAD_REACTORS
330
59
102
}
330
59
100
DictionaryVariables
280
     0
  1
2
  0
DICTIONARY
  5
309
102
{ACAD_REACTORS
330
307
102
}
330
307
100
AcDbDictionary
  0
DICTIONARY
  5
308
102
{ACAD_REACTORS
330
307
102
}
330
307
100
AcDbDictionary
  3
1654967913120
350
302
  3
1654967913136
350
303
  3
1654967913152
350
304
  3
1654967913168
350
305
  3
1654967913184
350
306
  0
CSACDOCUMENTOPTIONS
  5
448A
102
{ACAD_REACTORS
330
4489
102
}
330
4489
  0
XRECORD
  5
4538
102
{ACAD_REACTORS
330
4484
102
}
330
4484
100
AcDbXrecord
300
MC_VERSION_DATA
 90
       95
310
0600000002000000570000001C000000B503000000000000000000007801936764E5D8CFFA9993818115C460606066E0646662626666706006F218793899F8DE3171E725E6E53B3BBA2878E6951050AF75FEFFFFFF520036E40F2657000000
  0
XRECORD
  5
4485
102
{ACAD_REACTORS
330
4484
102
}
330
4484
100
AcDbXrecord
300
MCS_DOCUMENT_ID
 90
       60
310
0600000002000000150000001C000000B503000000000000000000007801E30DFE7B26B158F280C3DE80997975EE8B43FE030100710A0BE315000000
  0
XRECORD
  5
448D
102
{ACAD_REACTORS
330
4484
102
}
330
4484
100
AcDbXrecord
300
MCS_PARAMS_DATA
 90
     3313
310
0600000002000000F64B00001C000000B503000000000000000000007801C55C5B6C5CC519DE9D595FD6B9DF494B53970A1A6F4A58DF92A6426A1A1210527090E23EF0543976A2BA75E25CAC160A6DA92AF5A55255A96AD556551F4A49A0CF15A03EC0438190865E482021147221409310B6900B3826B1FB7F7366CEFC73E6
310
1CAFBDDE3D9B07D8FF3F73CEF7DFE6FB67E6ECBA757EA3143929F767A4FCCE8636299AA49C90529036BB402C105929F279912F89C6DEAF6FD8BC69AB14A46C51EAC2B9898909BA39945F872C1FCD848A834A91A13B1AD51D6D5266E8A9FAF627E9AABE92BD45CA6F03BD81A3CFC24D59D990C96408C7E066656E0232E13A03
310
14B0AB01724443F05CC3F08780DFC8F19B03FC710A073DC8486413411B49060E3311A05C24C45064703B01D7CCE196A818E5C59C9268B967CBD6DED68ED59DC52EEB78BEF08E09F8223D745649346F1DE9DB35D0B777C089FC5FC3C8EB60BF1A286CF47FE3467F17CC59C5CD990B0CD948C1A77FB9F5CA0E4F479188EA541E
310
3C25A2E22BC99C8892456878B2821857F6B05492C2AD881B41409C21325211340605C9C6DC6006EC49AC088A0CCBB25B1159B72248E415019155047D5453031360047082A7405D92B72AB0F03379693EAB50870260AC609E2C6F6510BB3D081DFE4EF5EFECD71494A7B3590EC7F12C5B25CB32539229914732934ECE22AF1D
310
D259AC8B7B7649E437DE7BDFA69EADF76EE95186E95A7ED74C032DBFA66A9BF1CEF341B19B78E45DDED9EF56FE29189043E4814BF734E1FF34659991678231F23A51010DA578E8294D435524988818E84710A7B2643B4F7C134F5CC6936D1E4176D01398C4D0A83AE0A6BDC86B0BB5C3E1E8299D70A5A945AC12322FE697C4
310
9C8DC3BBBE34D2BA77FBEEA1BEFEED79D15C120DF70F0FEE1A093EF60C8FF47F4BCAB3B0ED666EDB17F5733E2B445B5E2C298985C507BB8BEBBA3A3A3774178B1D777FA5B36B9D327BBE1ED84C030BC74C9EDAB5B64D88BC405AEF1E1CD9D73A34B88F70838775AD5DDBD1B9B6BBABBB73A0ABA37F5D7BE0E757F57D1DB80F
310
037BFBB60D6D6F1DDED1DA3B3CB47D6FDF2EF8A0AD5933506CEF2FF6F7ADD9D6B56D5DFF9A60D6A95222FF670B51F8295953F8455019945B7EE9315C7A8AFEC352DE9D4B4A5050256AA6D1B42D5F0C265BEED4473538E9811F770DEFDCDD3732B86D706870E4A1D69DC303E45F6349C807B6EFCB8B8692103DC352AE816545
310
9E9E798813B5E9A692C86DD9B1A355A5424F8E0BF018466AF90D150136590E2905AA568F782650907D5A7180140B84AD0159F8156902B8F63BDA8BE1A72E29AF48322EA98B5F578631B6F5489B26184C63434803DB221A328E6B58DEAED6DB808FEB6DC068BD0DF8A4DE065CABB7018B3045EB390B3EAD7704C6EA6DC07518
310
10B79C17773A0DB6C361F03BDD064B22C8C7303844629E5064B47323116EB9039777E096BB70247238880C6E39831B9F221C81B3E543C57019D4736C30574EE2DD4AD73B12B9771099772B997713E97A974DF4CECD5D9582B938116EC00926492C777A7F676A8F441E4C882C98032C983211AE26DE8974E196022EC7174366
310
F9AE62C95769E105B5C4B012E2E82ED8CD3516C5E34D519CF0D1F6765A8551C6CC0505130A3E8ABEC46EF81CED54DC1DA04AB7BC4DB0CA082453194AB29B82400C2B438BA6322032B88FE093B3E13470C11297490C8EEF78E88158D51A8AD42283A38F61044E78707A57F8BBDFE2DF2167F36975041D1DA7FCF59430C35792
310
05112533A905D5D3CAAB4759DBB4CA160F3E9309466F934A1794E7E1154C402D3088858048DCDF7EA3E7FECD5B7A7B376D5480CBF43A7E5E49CCBE6BEB37D945B2402FC65F52AB73B67E7F3A58AE93F37A04F6B7011D680556EBCCA2819BC8A21C320F385BBDB4EE56E6E32CE2CB18E358AD7676B4C7C096B1674BAF7B1278
310
1E906198B0DF8681EA696AF34D20563061CAB731C0DB01185B8B0DCA46538BD880EB0E2C6FC3120B40E62289BC162112587895C11513E18290E892090EBF46A9321968C513E0BB89A0AE8F2431B88A7DFC9E07A7BD0A8E668E3AF3CDEA083A3A8ECFB770A00AB53712018F2859D8DB3D93C2E4D422CB77A40BB73A5DB807A7
310
0857A5727AC8838BE45965D0D3D5B29CBEEF99145F4E558AC0C3E9C23D922EDC0FD285FBA107E7958EEDE721E98018A3E3AAC64E7F5C166D7ABA81B65C437BB31D766C74A6ED6E1FBC2766B7AFDAD87156F9771BF44A2A724C461AB43EE729AAFB710D63E2111810BBA3ABC9AE6037E09AB9BF3AB40BE8309F8736AB64CAB2
310
BE7E3364E5AC569CA6976081AF5A311628A8EF68C5B3A4609E3E86AC3AA156E3E83562F4B5A292099A878C61EB3B549CF92354989982613F016CE7AD5A4D09AA1F5126387AAD451EE384D9C035A925859E39C1AA865EE9A9B8DA21CEE289167F7CF1D4C4BC7A125EC5AED5D8BB0B5A9D9144D134CFA71BF85A8D44BE568348
310
F6AA55A2F3CAEACF6982FD29118CC249D3CBF852A586F278BA70FBD3853B90085793EDE51E143F0AD06C6B4CB2242BDDBDD1419166C2865E85F9CE1648F3CBF54B2E655D5432557AB8C599EEE6E763403914E55050D879E2BFFA30F366F009F0CB378371CA9B99D05949929DD07465EA8797A3808B6B06B9536E64AF9C844C
310
903AF2F3709D3783A318A078E4F37AEBBCEC2DD1B228B722F785DC2DB9D64C476675A63353CC74E937B1FA39BFA7DB58A6AFC19E49583A4A9B6110A6BA038D3C80418F79D091B18A763C1D8524AA5361F194EC4CC4B23EDBA3192533E95398E41423EB6DCA1C239B4DBF91D13F6D762A6897D7013D496371DC8BECCAA7D45E
310
0C251095ABC98AA38E1B6540CD3DACF829EF15C38D27C2B92DA64A071D13897001094F16523EC1C9E5A99FF465029665AB5B13C49AF8984D174EA40B273D389D33BB29A272F6749622C2719C22AC925104534E7A8CF33714555C6B3CF3BE4BE0AF28994CA9B8353E0F28878DD26D8D2F007FBAAD11BD305CEB4EAB35BE08B8
310
B8D678FEB81BD9134AB6ADF10A644BBEF9C2334A81E4EAA6772450D87DD2AF49C178F020A0EBD3055FF292CC5B8AB3FC4114C86BA708ACDB15F49C43C04EBBE7FCBD0CA8A1CB2AF59CC3897035E1E39713E16AD873FE91085A131FFF19C04DBEDBF8D75406FD3B3A2842E56C8ABE82A171BC3BF89ECB0E0F287926BC7B0450
310
75E4DDA3C09F2EEF56BE2579157071BCBBE7881BD93E255BDE7D04B225A07C61BD5230DE1DBA8C1158736B225E412358525F03747D78F79897E472BCCBAF5BAF2BA0DDE3804E9B765F2F035A65DA3D910857134A7A2311AE52DA8D6E0E9C1341735A873DD47F12A16BE2E99BE9C275792B70532835F1AEDB838B7404B509F7
310
74C449519D9AA19EB28205FF5B08785CE3F9307262735AC933693C270155C7C6730AF8E9359ED3808B6B3CA387DDC6734EC9B6F1C897238DE72006D89713F9C2E58B91C6F3388D608DE70CA0A7DA7866D30F8008DC16BEAA2D26A2AAB848F4108A0CF46D0F54D7A73989E2C56D75B6B8431D2F6EAB64C5CD94644C04869974
310
1626C5B6A280378D1BEE62BCE2C3917700E714386FAA719B1D7E7D464DF7DD444F8317374E8CAA75BEF65E19D0F8F0523EC21D7470DCC60B8CAEF29753FC38EF4760CFDBF99B4673F680D0869F6742513F06849341B61DF57EE3400A02734628D75C0DBC8B68A868B98655ECA330208EA3C6F1B52E3DF1E8849E2433679564
310
431A886148B568E62C4406F75F64308EFD2F9D7039EA6D259B5B2BF91AD8396F72B01004EFC5CD6C88F911E8CCDF849C077E5C64E9488747967101058B73015D99FA9B900B808B63FFB117DCC85E50324556799F2F34BC086EC70CD18A4318C0D9FF2AB6807CDB718046B0A4BE0FE8B4D9FFA207EA504E3D7E65FA014C7226
310
B329B0E8D703AAFEBAA304E869379E693123CD68457958A4FF2F11AE86ECFF6119D078F6E7138AD87FF2370F86D6E1E34789702D76FED2134932CCA824CB8C811832A3160D33426421BD940847AF6F0C11D33DEECB1CFE9B7175D1F926045DE5BD8DBFBDBE9C081764D0049324E6DDB40A8607F34A225C4D16463974B5B836
310
F3B3A32E193EACE499B49986C93A780A6DA631A981D7A6CD34012EAECDFCF23937B23F51B26D337F80CCDBCC36A5C0ECD07DE7E7A7236D663D8D6033A419D0536D33E07F56B8C4CA7C0D48229F9610695A461A0883CE7B494E8DD95B004DF38E8247AB09FE45AC1A52EDAC32A0861DD8DA85D8A76276989D08579353913989
310
700119397510D9BB4CAB9DF096393711B4263ECE4B176E7EBA700B3C389DB3F0B5335AA6A7234288EA142D784A9083AFB414616018456CF64C3293C4CD2F49D3E5A5F0410CEE3E0F2E6A6FEA11580893E29AEE529C2FC11C4DF48D4AA628982DB44A422820F8563073C8F989CF2240392BED74F7768B819FDEDE6E09E0E29A
310
EE0AFA030B3CB273954C91D5916E83CC9BEE074FAB1E6B73B11CFB6CBEB73B4C23589D2D05F4CC9AAE2E4C768646F0614DBB4BD40606BDCC4B726A4DF72640A7DD749797013521AB4ED3C5971C1BF2225712D922FD192CAA82F186C253F467B664EED8B163100EA1787299890C1D4314EEF90B040C236113FD72905624B8F0
310
99FF03A92412CEF64B0000
  0
DICTIONARY
  5
33C
330
1A9
100
AcDbDictionary
280
     1
  3
ACAD_XREC_ROUNDTRIP
360
33D
  0
DICTIONARY
  5
185
330
93
100
AcDbDictionary
280
     1
  3
ACAD_XREC_ROUNDTRIP
360
4958
  3
FBXASSET
360
186
  0
DICTIONARY
  5
183
330
92
100
AcDbDictionary
280
     1
  3
ACAD_XREC_ROUNDTRIP
360
4959
  3
FBXASSET
360
184
  0
DICTIONARY
  5
10B
330
94
100
AcDbDictionary
280
     1
  3
ACAD_XREC_ROUNDTRIP
360
495A
  3
FBXASSET
360
187
  0
DICTIONARY
  5
33A
330
1A7
100
AcDbDictionary
280
     1
  3
ACAD_XREC_ROUNDTRIP
360
33B
  0
ACAD_PROXY_OBJECT
  5
302
102
{ACAD_REACTORS
330
308
102
}
330
308
100
AcDbProxyObject
 90
      499
 91
      518
 93
     2978
310
1C004000004005400A1058D11897D51A1D5B589B985A5B17D4D8DA195B58598002C00A1ED0551514949150D3D491154040C0C00000000000008006C00A1058D118911CCE8E951C99585D1959105CD3D89A9958DD11185D1846004048C040198002C00A10551514949150D3D4911F598002C00A1ED0551514949150D3D49115
310
404100C00000000000008003800A1058D118911CCE8E931959D858DE46004048C040198002C00A10551514949150D3D4911F408002800A1058D118911CCE8E925106004296C002000000198002C00A1ED0551514949150D3D49115404140C00000000000008003800A1058D11CCE925B99195E18589B1946004048C0401980
310
02C00A10551514949150D3D4911F598002C00A1ED0551514949150D3D49115404180C00000000000008005C00A1058D118911CCE8E92185B991B19505D1D1C9A589D5D19460041C68040598002C00A10551514949150D3D4911F408003800A151A1D5B589B985A5B17D1185D18460043D6C00000000000
  0
XRECORD
  5
303
102
{ACAD_REACTORS
330
308
102
}
330
308
100
AcDbXrecord
  1
AcDbDs::TreatedAsObjectDataSchema
  2
AcDbDs::TreatedAsObjectData
280
     1
 91
        0
  0
XRECORD
  5
304
102
{ACAD_REACTORS
330
308
102
}
330
308
100
AcDbXrecord
  1
AcDbDs::LegacySchema
  2
AcDbDs::Legacy
280
     1
 91
        0
  0
XRECORD
  5
305
102
{ACAD_REACTORS
330
308
102
}
330
308
100
AcDbXrecord
  1
AcDbDs::IndexedPropertySchema
  2
AcDs:Indexable
280
     1
 91
        0
  0
XRECORD
  5
306
102
{ACAD_REACTORS
330
308
102
}
330
308
100
AcDbXrecord
  1
AcDbDs::HandleAttributeSchema
  2
AcDbDs::HandleAttribute
280
     7
 91
        1
284
     1
  0
XRECORD
  5
33D
102
{ACAD_REACTORS
330
33C
102
}
330
33C
100
AcDbXrecord
102
DISPLAYNAME
  1
Imperial24
102
FLAGS
 90
        0
  0
XRECORD
  5
4958
102
{ACAD_REACTORS
330
185
102
}
330
185
100
AcDbXrecord
102
MATERIAL
148
0.0
149
0.0
149
0.0
 93
        0
 94
       63
282
     0
 72
     1
 77
     1
171
     1
175
     1
179
     1
273
     0
  0
XRECORD
  5
186
102
{ACAD_REACTORS
330
185
102
}
330
185
100
AcDbXrecord
 70
     1
 90
429727718
  1
7581DE8E-A623-425F-9BF4-B3F4BE6C4F9A
310
504B03040A0000080000AC70623B3DEE336E79000000790000001B0000006175746F6465736B2D64657369676E2D7061636B6167652E786D6C3C3F786D6C2076657273696F6E3D22312E302220656E636F64696E673D227574662D3822203F3E3C666F726D6174733E3C666F726D61743E687474703A2F2F736368656D612E
310
6175746F6465736B2E636F6D2F64657369676E2D7061636B6167652F323030393C2F666F726D61743E3C2F666F726D6174733E504B0304140006080800AC70623BD486FD9CA0000000F4000000130000005B436F6E74656E745F54797065735D2E786D6C7D8EC10E82300C865F65E91D8A1E8C310C0EEA1BF002731658846E
310
D98AC1B77784ABF1D8FE5FBFBF75BBCE937A534CCEB38643598122B6FEE978D0B0485F9C41B54DDD7D022595594E1A469170414C76A4D9A4D207E29CF43ECE46F218070CC6BECC4078ACAA135ACF422C856C0E68EA1BF5669944DDD7BCDE7B1F8E415D77AECB980613C2E4AC91FC167A2B244592486606FC29C8FD7F045B9A
310
EF7053A7E60B504B0304140006080800AC70623B9A2F3B5FEC0000007C01000008000000636F72652E786D6C8D90416E83301045AF62CDB632D8040820E328B4E204BD80653BC44AB011B6AB1EBF262152BBEB6A467FFE9B197D76FA9EEFE84BAFDE38DB03CD08206DA553C64E3DC470C10DA01367AB73E1970D9015B3EE61
310
9381B3697571D925E96CD03624D53AA5775178AF0320794F4D0F5E5EF52C32114372F85BB608791393CEE8AB4B708C46A1E711A3D23E73317A055E0D4D53D6C71A9FC7A1C6657D18703354232ECFED4731B6B43CBED72CDF60CE82995FF7E5AA45D00A7841488B29C5A4F8A46547AAAEA8DE48D311C2F2CDFE078A8BFA2714
310
8D0D87627FF78979E0343DF21870966F59A4F2082AD52D37FE03504B0304140006080800AC70623B55019EA25F0000007C00000007000000636E782E786D6C4DCB3B0E80201045D1AD90E915ED2CF8AC45050C11660C8261F98AB1B07AC9C97D42D718D865D3E909258CFD00CCE24AC6E326A164D74DC0B4128928FF326038
310
472BA13128B1252AC747C6BAB984FC68F0B87FE8960A5C09FE86CFB69FBA01504B0304140006080800AC70623B6E137E0172010000D40300000C0000006662782F636F72652E786D6CC5535B6E833010BC8AE5DF0A6C0810121947A1554ED00B38E05014B091B1518EDFE511A5A9D22AFD2A1F60CDEC7A67C698ED2E6D8306
310
69FA5AAB0C073EC548AA4297B5AA32ECECC94B31DA7166B4B65FCA3052A295191E61CC5965B4EB16A8D0CA4A650155BA940B28FA5E5A8C8A061619EE8B0FD90A5F380B15FDD9EF44711695F4031F68A8E3ACB70604A079C8F8C6FC74BC3032E39C3957970B5B9730AD3ED5D2601EE7691A25EBC4DB1FF2C48B9255EEA5797C
310
F0A2FDE62D3C6C8268FD9A3032367366EBF6AAAE30525859621E52BAF182C0A3E17B106D69BC0DE3179A6E2965642CBF6B725DF96493AB955D858BDCB9ADC73C002113F1CD2D4464512F06D04338236388F09912BE0F1A028190AD3836571F67800659586D22604AED6ED4201A27612AF5E9F4A09F178CCC9D3075DA1C5C3F
310
9C113E3DE3F71DE1A885AAC084B0B03C3A3BEA64B38625B44E1A6FB017A4B46945F39C8D5F1CFE89BA897F28A9D08D36FFA5882C074496DF838CF7917F02504B0304140006080800AC70623BE001BAC07D0000009D0000000B0000006662782F636E782E786D6C4DCCD10AC2201886E15B91FFDCA6536B037548D87D8CE686
310
E4344CA3CB6F8B1D74F4C1C3C72B87CF1AD0DBE5974F51013D11402EDED3E4E3A2A096197780062D734AE5EF06288EAB53B03368B9E4549F074D6E1E6B289B061F1F07124689687987B9601C7373BD60C36E065B6A6DDF7341A93843A365F32B6DBB87F517504B0304140006080800AC70623B8E5068122901000012020000
310
310000006662782F30333130353234382D343533342D344143372D413346412D4531454539393435313135362F636F72652E786D6C8D515B6EC32010BC0AE22B55850D364E93081345557A825E801892A2C460F1A872FC2EB523B57FF961D1EECCECECAED8DFC71BFA36215AEF7ACC2A8A917183D7D65D7A9CD3996C30DA4B
310
11BC4F7F601839359A1E973496E2127C9E96D4E05D322E41D6796D96A48AD1248C861B7C7A1C872F33AA4AE5048878AD26355CD5C554AC8232E0A4882980013437292F96B465B46BF886F0AEE5841FDEDFC8A1FD3890233B1EB75BDE31D6AD453D13A5C8D9EA856E35D8B1676BC2B322852C45B2E3C3FE108C4A4663D950BA
310
258C11DA7C32BEA3DDAEE95EE96647A9A80BFC1F294FFA4952B62EB5CD6277A6452C99A8E78214DAE7D3ED61C6DC271F122AFD56D10C2F305545CB6A60FC1908E383E29A2F8A31F900EB5D5D4F8065DD2CBBE652D4E542107ECF07B15C53FE00504B0304140006080800AC70623B503B51794E010000330300003000000066
310
62782F30333130353234382D343533342D344143372D413346412D4531454539393435313135362F636E782E786D6CD593C16EC32010447F0571AD6CE3D489D20813A9877E410FBD62D82434182CC055F3F75D1292E692438FBD206B7698593D61BEFD1E2DF982108D773D6D6B460938E5B571FB9ECE6957AD29D90A1EBC4F
310
77364A9C1CA1A759A682EF839FA72269D8C9D92654AD71C72206887E0E0A22CAF926B15E498B01E0AA19451807D01A34B919F16B070157417138917400F2F6FA41FCF0092A45DEE414C19BDC21783E4BD39D891265658C3D8DEA00A3ACE59CBC8678ACB54CB26EEB6BD7839D7E9348BE70AD9C8321B9BCA7F9A4A26C542347
310
DEE050F09802D22BA6749A800A394DD62899107273365E3C82CFC6A55557BC06C10774B7ABE7AEC3B0F34CF06446280E154026D0542C187BA9DAB6628BF7B6DBB0E566B17C62EB0D63BCC976C107EF6DB9843110FC449477095CA2A2E54D1E3FC2577C449B80AC7D38FD01240228AD173AB78CFFCCA739BF6FC415F02F103F
310
504B0304140006080800AC70623B38FA165F680500003C100000340000006662782F30333130353234382D343533342D344143372D413346412D4531454539393435313135362F6F626A656374732E786D6CAD575D6FA33814FD2B887D0E8424EDB42BCAA8499A2A1A756634D18CF6A15264C0A16CC146B6E9A4FBEBF7180C
310
019276B21F7908D8D8F7F3DCE36BFFE33ECFAC172A64CAD98DED3963DBA22CE271CA921BBB54BBD1956D7D0C7CC1B9EA2CB32D46727A63EB693BF013C1CBC24CC57447CA4C0D6657F33F2C1951466D2BCA889437B68C9E684E1C522A1E53F9ECC4441127D9ED1DCFA917F6C52682144F03A105119429588A790629566D94D7
310
1F8E6D37F05DFD3DF0F5BF59357D7B955BF9D3D79F32A9088B8E940DC44CBDD9F26E72713DBA98CDA6A3D9E5C41BCD57F3E5C8FB301D2F2E178BEBDBBB6B28964A4092B144D09D1DDC2336228D7CB7FED45A6C0C3F6552C419A351E53F3CAC6C3612635A5016238F2995D0D6F17ADC1F7A3A369DCF533D362ABBD3E779D5DD
310
D111D4D8DE3CBB96F2F04FB820CF41859054A3AA8E8F71B4C6DFF810B590F3CC7C4BA5951345454A322B4B4341C4AB1D60A95E12F83D311A9D42235C7B6007DE415ED75694C6AFB17BCACA5D99651A9A7650217B0BFC53252BCBD2BFA838AD0D36215765CAD4957148BD16D40EAE7DB79A0C7CFD984ECCC73A90D62E230952
310
0E37EBAF034717BAF6D64B3BF8B40AF71B5D8FA79517821754280D1F40AB495CF3D451326ABDB332A737C0995ECC0F41F986C87F46F91E4C41DE44BA9FED67468B1284C91D173972E38CAB9F356E5E46EDDBF10BF86CB0FA784D3BF3AF16FB6E6B6C9F30DECA1FC0A55373F5DFF3D78F5917A99DF405FE0B0A8C8BA909E526
310
2219A8E72165488806A595714C81CB77E1DE0ED6604A303B76912C680372F4E2BB2FF88EFF5A36D8AA52DF79322474C0B767303F625995056C7B032C473C592936CEBD15F38BFFA5666E979B4F9B52EC48441F0CB12CE92E65A9C2D979006FD7A05E227A1E3DD3D79F5CC470F438099B6E1272A34A22DA3AE63AF0497358E8
310
C141734F41847D09D79CE7FF42C3432A239A6584515E365ADA634863B52519D327A00AEB804E2703140BFA92EA4EA2B7A26716CEFA48A4850E597BE8B53CEDBCE1CBF7F56780D20EE6AF73A0F5F9B02A3CD07DC4332EB6E1EBB666421BE0C39E3EBA7FF4E16D22EA6A29407C85E586724C88B771BADB9512BC7B228A3FD68B
310
6EA65A22397E690AA8D158D7E40CEC8CDA23C2C0B7D1898640101CEC9C6D531CE328CB93CABBBA870A6425F70DF96199175B92F392A973C2346EFC69AC6F8577BB18F993A8E8C90E36D573340765C7343EA4AA87027D049DF0A9979E0F1757DEF2EEEA6E747B39412B35B9588DAEE7ABD9683E5DCDE677978BD9EAFAB6B5A8
310
B224F09B13AA5B8388264E44BF14A909F3F7F5A16CEDE08128E9DED705E526F5F3FBDA415BECBBD80380B71BD77991D19C3245347C1FF44BF68DA0ABE8C9A8E7D73949E81952BEDC6F063660E68C7D5F75A9D19F83BD6676A16BE1A410F554E621236936D8681C770A9618B79B50B6CF9AD19BA11E9978A20F953C4B63104E
310
6C2594E7548176CE607B915309C474BBF2D8DC1ECED8FD52F7838A84196D2C79226889330954036E65A4FAF3D66F68E174177563E3B0739EF1670AD1B690EA1B1BFCA6D2884A27C4F1A81B9F4A3820802EAC2541408DB02443675D6F6AC7ED2E1D1BD00F4E40A3BF5D724EB764FCEA116F4E8A02A7768F562BDB8C82E81F39
310
DE98631185D7B054AD2F8789D6994A0D2AAB76CADC0DD0423C1BD57BD4D7FB6E794EB5A61791B3EE49EF82A0963A524424D5BD40DB674CBA5D7E75D10A58EB2F569195097279BEA491A00073A90B1C28022A8CCC82284075F1FBE357C17117CDAD550A083C2E789E736606B7E62E6B6D9E70338D1F410B545F3FE464EC798F
310
55D76F2E22DB9048EA90583E63A22938EDC1006B00E4D1716A52E0EA1C0C96AF9796393066105A81F6A829ADAFE1168A47DF1C75A974C9B278B7F177ABA5008340CB1EFC0D504B0304140006080000AC70623B000000000000000000000000350000006662782F30333130353234382D343533342D344143372D413346412D
310
4531454539393435313135362F76657274696365732E62696E504B0304140006080800AC70623BF270F1330600000004000000360000006662782F30333130353234382D343533342D344143372D413346412D4531454539393435313135362F747269616E676C65732E62696E636660600000504B0304140006080000AC70
310
623B000000000000000000000000370000006662782F30333130353234382D343533342D344143372D413346412D4531454539393435313135362F617474726962757465732E62696E504B0304140006080800AC70623B08DA0BD19000000041010000360000006662782F30333130353234382D343533342D344143372D41
310
3346412D4531454539393435313135362F6469726563746F72792E786D6C858F410AC3201045AF22B36F53E9A60B35CBEEBAE80D244E44489C6234F4F835464A48035D0DF398FF9F8AF63D0E6CC63039F212F8F9020C7D47C6792B21C5FE7403D62A1188E2E60C98D7234A5830286103A55745067B9D86B8A3CF9C7F90C11D
310
E607FB144396D7B6A82D282E9A152AD114D5EF2CB866EEE831B8EEA07A7BB5A8D7D61A2BAAEB7FD5F70921FF497D00504B0304140006080800AC70623BF2C5666EFF000000A00100003B0000006662782F30333130353234382D343533342D344143372D413346412D4531454539393435313135362F7265736F7572636573
310
2F636F72652E786D6C8D504B6E833010BD0A9A6D65B00910888CA3D02A27E8052C33A156821DF953F5F8B5132AB5BB6E6646EFA3797AFCF8B5DE8A4F745E5B33022B291468949DB5594688E1427A288E823B6BC32F191446AE38428641F0C5D978DF20654D4013126AEC8C1B28BDC70085BAA56304AF3E7095A58C2129FCB5
310
BC4B75950B96AC4C74D209EE834B018AE7933C4138F4363A859E574F56F018F5BC69F49C7EEA8B4607A29DFABEE9F62D399DA78E34DD6E22FDD49E49731ADEEAF3C09AFD6BC7AB6C163CE8F527A3722803CE206A4A07C218A1F53B6B0EB43DD4ED0BED0F94F22ACBFF98E27DFEA7296A1376F516F769F320580AF22004AF72
310
5F693DCA4C3B772BBE01504B010214000A0000080000AC70623B3DEE336E79000000790000001B00000000000000000000000000000000006175746F6465736B2D64657369676E2D7061636B6167652E786D6C504B01021400140006080800AC70623BD486FD9CA0000000F40000001300000000000000000000000000B200
310
00005B436F6E74656E745F54797065735D2E786D6C504B01021400140006080800AC70623B9A2F3B5FEC0000007C010000080000000000000000000000000083010000636F72652E786D6C504B01021400140006080800AC70623B55019EA25F0000007C000000070000000000000000000000000095020000636E782E786D
310
6C504B01021400140006080800AC70623B6E137E0172010000D40300000C00000000000000000000000000190300006662782F636F72652E786D6C504B01021400140006080800AC70623BE001BAC07D0000009D0000000B00000000000000000000000000B50400006662782F636E782E786D6C504B010214001400060808
310
00AC70623B8E506812290100001202000031000000000000000000000000005B0500006662782F30333130353234382D343533342D344143372D413346412D4531454539393435313135362F636F72652E786D6C504B01021400140006080800AC70623B503B51794E010000330300003000000000000000000000000000D3
310
0600006662782F30333130353234382D343533342D344143372D413346412D4531454539393435313135362F636E782E786D6C504B01021400140006080800AC70623B38FA165F680500003C10000034000000000000000000000000006F0800006662782F30333130353234382D343533342D344143372D413346412D4531
310
454539393435313135362F6F626A656374732E786D6C504B01021400140006080000AC70623B0000000000000000000000003500000000000000000000000000290E00006662782F30333130353234382D343533342D344143372D413346412D4531454539393435313135362F76657274696365732E62696E504B01021400
310
140006080800AC70623BF270F133060000000400000036000000000000000000000000007C0E00006662782F30333130353234382D343533342D344143372D413346412D4531454539393435313135362F747269616E676C65732E62696E504B01021400140006080000AC70623B0000000000000000000000003700000000
310
000000000000000000D60E00006662782F30333130353234382D343533342D344143372D413346412D4531454539393435313135362F617474726962757465732E62696E504B01021400140006080800AC70623B08DA0BD1900000004101000036000000000000000000000000002B0F00006662782F30333130353234382D
310
343533342D344143372D413346412D4531454539393435313135362F6469726563746F72792E786D6C504B01021400140006080800AC70623BF2C5666EFF000000A00100003B000000000000000000000000000F1000006662782F30333130353234382D343533342D344143372D413346412D453145453939343531313536
310
2F7265736F75726365732F636F72652E786D6C504B0506000000000E000E0080040000671100000000
  0
XRECORD
  5
4959
102
{ACAD_REACTORS
330
183
102
}
330
183
100
AcDbXrecord
102
MATERIAL
148
0.0
149
0.0
149
0.0
 93
        0
 94
       63
282
     0
 72
     1
 77
     1
171
     1
175
     1
179
     1
273
     0
  0
XRECORD
  5
184
102
{ACAD_REACTORS
330
183
102
}
330
183
100
AcDbXrecord
 70
     1
 90
429727718
  1
778E3A9F-1AF3-452F-85C1-1BC15BD3F630
310
504B03040A0000080000AC70623B3DEE336E79000000790000001B0000006175746F6465736B2D64657369676E2D7061636B6167652E786D6C3C3F786D6C2076657273696F6E3D22312E302220656E636F64696E673D227574662D3822203F3E3C666F726D6174733E3C666F726D61743E687474703A2F2F736368656D612E
310
6175746F6465736B2E636F6D2F64657369676E2D7061636B6167652F323030393C2F666F726D61743E3C2F666F726D6174733E504B0304140006080800AC70623BD486FD9CA0000000F4000000130000005B436F6E74656E745F54797065735D2E786D6C7D8EC10E82300C865F65E91D8A1E8C310C0EEA1BF002731658846E
310
D98AC1B77784ABF1D8FE5FBFBF75BBCE937A534CCEB38643598122B6FEE978D0B0485F9C41B54DDD7D022595594E1A469170414C76A4D9A4D207E29CF43ECE46F218070CC6BECC4078ACAA135ACF422C856C0E68EA1BF5669944DDD7BCDE7B1F8E415D77AECB980613C2E4AC91FC167A2B244592486606FC29C8FD7F045B9A
310
EF7053A7E60B504B0304140006080800AC70623BFD5588D4EC0000007C01000008000000636F72652E786D6C8D90416EC3201045AF82665B6103891DC7C24471939CA01740405C94182C03558F5F9C3852BBEB6A467FFE9B197D7EF81EEFE8CBCCC17AD7012D0820E394D7D60D1DA478C50DA083E0B3F7F1970D9093A3E960
310
9141F061F6695A25E55D342E66D5796D56518660222075CF4D07417D9A511632C5EC08B76292EA260753D05797E194AC46CF2356E77DF66ACD0C62C768BD63971E5727D2E06DDF9C71BF7B3FE10BABF79BFA488FE4DCF07281058F767CDD57B391D168108C903DA61413F641B72DA95A56BD91A62584978BFD0F9426FD4F28
310
5917376C7DF7890510343FF218085E2E59E4F2082AD72537F103504B0304140006080800AC70623B55019EA25F0000007C00000007000000636E782E786D6C4DCB3B0E80201045D1AD90E915ED2CF8AC45050C11660C8261F98AB1B07AC9C97D42D718D865D3E909258CFD00CCE24AC6E326A164D74DC0B4128928FF326038
310
472BA13128B1252AC747C6BAB984FC68F0B87FE8960A5C09FE86CFB69FBA01504B0304140006080800AC70623BB5D38BAD72010000D40300000C0000006662782F636F72652E786D6CC553DB8E823014FC95A6AF1B68C11B9A52A3AB7EC1FE4085CA36424B4A4BFCFC3D5C8CEBC635EED3F200CDCC393D3353CAD697AA44AD
310
B48D323AC5514831923A33B9D2458ABD3B0509466BCEAC31EE5B19465A5432C51D8C392BACF1F50865463BA91DA0DAE4720445D348875156C222C54DF6292B110AEFA0A23987B5C8CEA2906114020D759C35CE8200340CE9DE989F8E1746069C33EF553EB22A8769EAA4A4C57C1147F3457CD806B31D4D82E936D907DBC5FB
310
2E38C4F3E564BE8936749F30D23573E65475559759299CCC318F295D065114D0F8239AAEE86C15CFDE68B2A29491AEFCAEC9D7F98B4D5E69378947B9435B837904427AE2875B88C8A146B4A0877046BA10E1D3277C1F340402213B712CAF3ECE00B53273C64E81C98DBF51AD28BD84A934A4FD837E5F303274C2D47E7370FD
310
7046FCF28CE73BC2510B5D8009E16079F4AED3C9060D6368B5B441EB2E481B5B89F2351B4F1CFE89BA897F282933A5B1FFA5888C0744C6DF8374F7917F01504B0304140006080800AC70623B09885E1C7E0000009D0000000B0000006662782F636E782E786D6C4DCCDF0A83201C86E15B91DFB9CBA6FD11D41063F711CB42
310
663A9C8E5DFE6A74B0A30F1E3E5E317C368FDE36BD5C0C12EA0B0164C33DCE2EAC124A5E700F685022C598FF6E80C2B459090783126B8AE579D26C97A9F8BCAB77E17122E586D5843498B3EE8699D114F39E5E713D76EDA84DCBB569A052A2FA95F63DC2EA0B504B0304140006080800AC70623B961D28872A010000120200
310
00310000006662782F33394334313030352D393437462D344341332D393833322D3144373644414336394143352F636F72652E786D6C8D515B6EC32010BC8AC557AA0A1BFC4A1C61A2C8514FD00B10435294182C1E558EDFA576A4F62F3F80666766875D76784CF7EC5B39AFADE911CD09CA9419ADD4E6DAA3182E7887B203
310
67CEDAF08786322326D5A30423CEAECEC67985466B8232015063A55A41E1BD0A281BEFF0E8911FBFD42472110330FC2D9FC578135795D31CCAC0E3CC070701B2A5493A11AFBAA1A68434B8ABB71FB81E8E15EE765589E969DB9E8E43DB1D8786158B90B318B55CE55A421C7DD1CABD6A92C49C053D3DE38F4E89A024E22521
310
1DA61493F293D67BD2ECCBE69DECF684B022D1FF89E22C5F14456D4255AE711799479CB2622970266D3CDF9F61D463B62E64A9DFC6ABF10D7192C35CCA0A040B11BE0F8E6DBD3AFA601D8C77733B0397C290926D5B7356A40DC1F5BB3EB8D336F90F504B0304140006080800AC70623B503B51794E01000033030000300000
310
006662782F33394334313030352D393437462D344341332D393833322D3144373644414336394143352F636E782E786D6CD593C16EC32010447F0571AD6CE3D489D20813A9877E410FBD62D82434182CC055F3F75D1292E692438FBD206B7698593D61BEFD1E2DF982108D773D6D6B460938E5B571FB9ECE6957AD29D90A1E
310
BC4F77364A9C1CA1A759A682EF839FA72269D8C9D92654AD71C72206887E0E0A22CAF926B15E498B01E0AA19451807D01A34B919F16B070157417138917400F2F6FA41FCF0092A45DEE414C19BDC21783E4BD39D891265658C3D8DEA00A3ACE59CBC8678ACB54CB26EEB6BD7839D7E9348BE70AD9C8321B9BCA7F9A4A26C54
310
2347DEE050F09802D22BA6749A800A394DD62899107273365E3C82CFC6A55557BC06C10774B7ABE7AEC3B0F34CF06446280E154026D0542C187BA9DAB6628BF7B6DBB0E566B17C62EB0D63BCC976C107EF6DB9843110FC449477095CA2A2E54D1E3FC2577C449B80AC7D38FD01240228AD173AB78CFFCCA739BF6FC415F02F
310
103F504B0304140006080800AC70623B2EA4D28F640500003C100000340000006662782F33394334313030352D393437462D344341332D393833322D3144373644414336394143352F6F626A656374732E786D6CAD575D739B3814FD2B0CFB6C30B1D3263B844E6CC71D4F376DA79E76F621331E01326103122389C4E9AFDF
310
231018B09D7A3FFC609090EEE7B94757FE875D9E59CF54C894B31BDB73C6B64559C4E394253776A9B6A32BDBFA10F88273D559665B8CE4F4C6D6D376E027829785998AE99694991ACC2E677F5A32A28CDA569411296F6C193DD29C38A4543CA6F2C98989224EB2DD399E532FEC8B4D04291E07420B222853B014F30C52ACDA
310
28AF3F1CDB6EE0BBFA7BE0EB7FB36A727A955BF9D3D79F32A9088B0E940DC44CBCE9E2EEE2F27A74399D4E46D37717DE68B69C2D46DEFBC978FE6E3EBFBEBDBB8662A90424194B04DDDAC147C446A491EFD69F5A8B8DE1C74C8A386334AAFC878795CD46624C0BCA62E431A512DA3A5E8FFB434FC7A6F379A2C7466577FA3C
310
AFBA3B3A821ADB9B67D7521EFE0517E439A810926A54D5F1318ED6F81BEFA316729E996FA9B472A2A84849666569288878B5032CD54B02BF2746A35368846B0FECC0DBCBEBDA8AD2F835768F59B92DB34C43D30E2A646F807FAA646559FA938AE3DA60137255A64C5D1987D46B41EDE0DA77ABC9C0D78FC985F95807D2DA66
310
2441CAE166FD75E0E85CD7DE6A61079F96E16EADEBF1B8F242F0820AA5E1036835896B9E3A4A46AD7756E6F40638D38BF93E28DF10F9CF28DFBD29C89B4877D3DDD468518230B9E522476E9C71F5B3C6CDCBA87D3B7C019F0D561FAE6967FED562DF6D8DED13C6A9FC015C3A3557FF3D7FFD987591DA495FE03FA3C0B89898
310
50AE2392817AEE53868468505A19C714B87C1BEEEC6005A604B36317C9823620072FBEFB8CEFF8AF6583AD2AF59D274342077C7B06F323965559C0B6136039E0C94AB171EE54CC2FFF979AB95DAC3FAD4BB12511BD37C4B2A0DB94A50A67E71EBC5D837A89E879F4445F5FB888E1E86112D6DD24E4469544B475CC75E093E6
310
B0D083BDE69E8208FB12AE39CFFF8586FB544634CB08A3BC6CB4B4C790C66A4B32A64F4015D6019D5C0C502CE873AA3B89DE8A9E5938EB2391163A64EDA1D7F2B473C297EFABCF00A51DCC5EFF20AF5DC20CF7741FF18C8B4DF8BAA999D006F8B0A78FEE1F7D789B88BA5A0A105F61B9A11C13E24D9C6EB7A504EF1E89E28F
310
D5BC9BA996480E5F9A026A34D63539053BA3F68830F06D74A2211004073B679B14C738CAF2A8F2AEEEA10259C93D213F2CF36243725E32754E98C68D3F8DF5ADF06E17235F888A1EED605D3D473350764CE31309D547D0119F7AE979FFFEEA6E727BBD1C79B74BB4529717CBD1D5E5DC1B79B3B977395B4C96EF2638E6FA15
310
D09C50DD1A44347122FAA5484D98BFAFF6656B07F74449F7635D506E523FBFAF1CB4C5BE8B3D0078BB71951719CD295344C3F75EBF64DF08BA8A9E8C7A7E9593849E21E5CBC7F5C006CC9CB1EFAB2E35FA32D86B66E7BA168E0A518F651E329266838DC671A7608971BB0965FBAC19BD19EA918927FA50C9B33406E1C45642
310
794E1568E70CB6173995404CB72B8FCDEDE18CDDCF753FA84898D1C6924782963893403548A78C547FDEFA0D2D9CEEA26E6C1C76CE13FE4C21DA16527D6383DF541A51E984381E75E353090704D085B52408D0139664E8ACEB4DEDB8DDA56303FAC10968F4B74BCEE9968C5F3DE2CD4951E0D4EED16A659B5110FD23C71B73
310
2CA2F01A96AAF5653FD13A53A909C03570A77DA0857832AA77A8AFB7DDF29C6A4D2F2267DD93DE04412D75A48848AA7B810EBA31E976F1D5452B60ADBE58455626C8E5F992468202CCA52E70A008A830320BA200D5F9EF0F5F05C75D34B7962920F030E779CE9919DC9ABBACB57EC4CD347E002D507DFD901763CF7BA8BA7E
310
7311D984445287C4F209134DC1690F065803200F8E53733D73750E06CB570BCB1C185308AD407BD094D6D7700BC5A36F8EBA54BA6459BCD9F8BBD552A040A0650FFE06504B0304140006080000AC70623B000000000000000000000000350000006662782F33394334313030352D393437462D344341332D393833322D3144
310
373644414336394143352F76657274696365732E62696E504B0304140006080800AC70623BF270F1330600000004000000360000006662782F33394334313030352D393437462D344341332D393833322D3144373644414336394143352F747269616E676C65732E62696E636660600000504B0304140006080000AC70623B
310
000000000000000000000000370000006662782F33394334313030352D393437462D344341332D393833322D3144373644414336394143352F617474726962757465732E62696E504B0304140006080800AC70623B08DA0BD19000000041010000360000006662782F33394334313030352D393437462D344341332D393833
310
322D3144373644414336394143352F6469726563746F72792E786D6C858F410AC3201045AF22B36F53E9A60B35CBEEBAE80D244E44489C6234F4F835464A48035D0DF398FF9F8AF63D0E6CC63039F212F8F9020C7D47C6792B21C5FE7403D62A1188E2E60C98D7234A5830286103A55745067B9D86B8A3CF9C7F90C11DE607
310
FB144396D7B6A82D282E9A152AD114D5EF2CB866EEE831B8EEA07A7BB5A8D7D61A2BAAEB7FD5F70921FF497D00504B0304140006080800AC70623B95BFD5E5FE000000A00100003B0000006662782F33394334313030352D393437462D344341332D393833322D3144373644414336394143352F7265736F75726365732F63
310
6F72652E786D6C8D50596E833010BD0A9ADFCA603B1B41C611699213F40296992456828DBC543D7E4DA052FBD79F99D15B344F4F1CBE8667F1893E18675B60258502AD76BDB1B71652BC921A8A8314DEB9F84B06855503B630C120C5CDBB342E907636A28D19B5AEC70554216084423FF3D142D0771C54A952CC8AF02847A5
310
1FEA86252B339D755284E87380627E324D901E834B5E6310D5CC4A9192E9178DE9F34F7335E841EE38DBEEF8A5239B13ADC9FA589FC971F77E2217BEDDAFB61DEBE8B916D56496229AE127A3F6A822F62039A57BC218A1FC83AD1BBA69F8E68DD60DA5A29AE47F4C69ECFF694AC6C6155FE2CEB60092E5202F428A6AEA2BAF
310
5799794FDDCA6F504B010214000A0000080000AC70623B3DEE336E79000000790000001B00000000000000000000000000000000006175746F6465736B2D64657369676E2D7061636B6167652E786D6C504B01021400140006080800AC70623BD486FD9CA0000000F40000001300000000000000000000000000B20000005B
310
436F6E74656E745F54797065735D2E786D6C504B01021400140006080800AC70623BFD5588D4EC0000007C010000080000000000000000000000000083010000636F72652E786D6C504B01021400140006080800AC70623B55019EA25F0000007C000000070000000000000000000000000095020000636E782E786D6C504B
310
01021400140006080800AC70623BB5D38BAD72010000D40300000C00000000000000000000000000190300006662782F636F72652E786D6C504B01021400140006080800AC70623B09885E1C7E0000009D0000000B00000000000000000000000000B50400006662782F636E782E786D6C504B01021400140006080800AC70
310
623B961D28872A0100001202000031000000000000000000000000005C0500006662782F33394334313030352D393437462D344341332D393833322D3144373644414336394143352F636F72652E786D6C504B01021400140006080800AC70623B503B51794E010000330300003000000000000000000000000000D5060000
310
6662782F33394334313030352D393437462D344341332D393833322D3144373644414336394143352F636E782E786D6C504B01021400140006080800AC70623B2EA4D28F640500003C1000003400000000000000000000000000710800006662782F33394334313030352D393437462D344341332D393833322D3144373644
310
414336394143352F6F626A656374732E786D6C504B01021400140006080000AC70623B0000000000000000000000003500000000000000000000000000270E00006662782F33394334313030352D393437462D344341332D393833322D3144373644414336394143352F76657274696365732E62696E504B01021400140006
310
080800AC70623BF270F133060000000400000036000000000000000000000000007A0E00006662782F33394334313030352D393437462D344341332D393833322D3144373644414336394143352F747269616E676C65732E62696E504B01021400140006080000AC70623B0000000000000000000000003700000000000000
310
000000000000D40E00006662782F33394334313030352D393437462D344341332D393833322D3144373644414336394143352F617474726962757465732E62696E504B01021400140006080800AC70623B08DA0BD190000000410100003600000000000000000000000000290F00006662782F33394334313030352D393437
310
462D344341332D393833322D3144373644414336394143352F6469726563746F72792E786D6C504B01021400140006080800AC70623B95BFD5E5FE000000A00100003B000000000000000000000000000D1000006662782F33394334313030352D393437462D344341332D393833322D3144373644414336394143352F7265
310
736F75726365732F636F72652E786D6C504B0506000000000E000E0080040000641100000000
  0
XRECORD
  5
495A
102
{ACAD_REACTORS
330
10B
102
}
330
10B
100
AcDbXrecord
102
MATERIAL
148
0.0
149
0.0
149
0.0
 93
        0
 94
       63
282
     0
 72
     1
 77
     1
171
     1
175
     1
179
     1
273
     0
  0
XRECORD
  5
187
102
{ACAD_REACTORS
330
10B
102
}
330
10B
100
AcDbXrecord
 70
     0
 90
1778669749
  1
7E355024-1ABF-47F9-966E-F2159FBE82AB
310
504B03040A0000080000AC70623B3DEE336E79000000790000001B0000006175746F6465736B2D64657369676E2D7061636B6167652E786D6C3C3F786D6C2076657273696F6E3D22312E302220656E636F64696E673D227574662D3822203F3E3C666F726D6174733E3C666F726D61743E687474703A2F2F736368656D612E
310
6175746F6465736B2E636F6D2F64657369676E2D7061636B6167652F323030393C2F666F726D61743E3C2F666F726D6174733E504B0304140006080800AC70623BD486FD9CA0000000F4000000130000005B436F6E74656E745F54797065735D2E786D6C7D8EC10E82300C865F65E91D8A1E8C310C0EEA1BF002731658846E
310
D98AC1B77784ABF1D8FE5FBFBF75BBCE937A534CCEB38643598122B6FEE978D0B0485F9C41B54DDD7D022595594E1A469170414C76A4D9A4D207E29CF43ECE46F218070CC6BECC4078ACAA135ACF422C856C0E68EA1BF5669944DDD7BCDE7B1F8E415D77AECB980613C2E4AC91FC167A2B244592486606FC29C8FD7F045B9A
310
EF7053A7E60B504B0304140006080800AC70623BDCE527C8EB0000007C01000008000000636F72652E786D6C8D90416EC3201045AF82665B6103B15DC7C24471249FA01740405C94182C03558F5F9C3852BBEB6A467FFE9B197D7EFA9EEFE8CBACC17AD7032D0820E394D7D64D3DA478C52DA093E0ABF7F1970D9093B3E961
310
9341F069F569D925E55D342E66D5796D76518660222075CF4D0F417D9A591632C5EC08B76291EA262753D05797E194AC46CF2356E77DF66ACD0A621C9B73335C463C5E0E1457EC9DE2A1612D3E9233A92BD2D66333F07283058F767EDD57AB91D168108C9023A61413F641AB8ED41DABDF48DB11C2CBCDFE074A8BFE2794AC
310
8B07B6BFFBC402089A1F790C042FB72C72790495EB969BF801504B0304140006080800AC70623B55019EA25F0000007C00000007000000636E782E786D6C4DCB3B0E80201045D1AD90E915ED2CF8AC45050C11660C8261F98AB1B07AC9C97D42D718D865D3E909258CFD00CCE24AC6E326A164D74DC0B4128928FF32603847
310
2BA13128B1252AC747C6BAB984FC68F0B87FE8960A5C09FE86CFB69FBA01504B0304140006080800AC70623BB24894EB71010000D40300000C0000006662782F636F72652E786D6CC5535B6E833010BC8AE5DF0A6C085012194749244ED00B38E05014B091B1518EDFE511A5A9D228FD2A1F60CDEC7A67C6986D2F6D830669
310
FA5AAB0C073EC548AA4297B5AA32ECECC94B31DA7266B4B6DFCA3052A295191E61CC5965B4EB16A8D0CA4A650155BA940B28FA5E5A8C8A061619EE8B4FD90A5F380B15FDD9EF44711695F4031F68A8E3ACB70604A079C8F8C6FC74BC3032E39C3957970B5B9730AD3ED5D2609EE7C92ED91F722F3FAC022F0ADF036F9F84A9
310
B7A63B1A47348DF364CFC8D8CC99ADDBABBAC2486165897948E9DA0B028F861F41B4A1F1268CDF68BAA19491B1FCAEC975E58B4DAE5676152E72E7B61EF300844CC40FB7109145BD18400FE18C8C21C2674AF83E68080442B6E2D85C7D9C011A6461B5898029B5BB5183689C84A9D4A7D3837E5F303277C2D4697370FD7046
310
F8F28CE73BC2510B5581096161797476D4C9660D4B689D34DE602F4869D38AE6351B4F1CFE89BA897F28A9D08D36FFA5882C074496DF838CF7917F01504B0304140006080800AC70623B3A54DFB77D0000009D0000000B0000006662782F636E782E786D6C4DCCD10A83201805E05791FFDEA5EBA76DA046A37C8F581632D3
310
613AF6F8B3D1C52E0E073E0E47B49FD591B7899B0D5E023F3120C63FC264FD2221A7995E81B44AC410D2DF0C881F5723616750628921BF0E9ACC3C66978A3AEB9F07B2A6D77AB87514F95953EC39D20EEF9C6AD60C88BC2EB940A544F57B2ABD1FAB2F504B0304140006080800AC70623B4A17098729010000120200003100
310
00006662782F30364446464539412D343132462D344431342D413442312D4630364534343133343431372F636F72652E786D6C8D515B6EC32010BC0AE22B55850D0E76930813A54A7C825E80DA244589C1E251E5F85D6A476AFFF2018B7667666759B1BF8F37F4AD7D30CEB6981514236D7B37187B69718A67B2C1682F8577
310
2EFE816164D5A85B9CD3588A8B77695A52BDB351DB0859EB06BD2455083A62D4DFE0D1E2D07FE951152A4540846B31A9FEAA2EBA600594012745881E0CA0B949BEB1A4CDB1EB4EDB03E1ACEA083F324E0EFC9D918E3627CED91ACE9B2867A214299961A19B01EC98B3D1FE59914C96229AF161BFF75A453D605951BA258C11
310
5A7D30BEA3F5AEAA5FE96647A92833FC1F294DC393A4646C5C578BDD9916B064A29C0B520C2E7DDE1E66F47D723EA2DC6F1574FF02531594D6AC69443903617C506CF8A218A2F3F0BDABEB2760593DCB365C8A326F08C2EFFA20E66DCA1F504B0304140006080800AC70623B503B51794E0100003303000030000000666278
310
2F30364446464539412D343132462D344431342D413442312D4630364534343133343431372F636E782E786D6CD593C16EC32010447F0571AD6CE3D489D20813A9877E410FBD62D82434182CC055F3F75D1292E692438FBD206B7698593D61BEFD1E2DF982108D773D6D6B460938E5B571FB9ECE6957AD29D90A1EBC4F7736
310
4A9C1CA1A759A682EF839FA72269D8C9D92654AD71C72206887E0E0A22CAF926B15E498B01E0AA19451807D01A34B919F16B070157417138917400F2F6FA41FCF0092A45DEE414C19BDC21783E4BD39D891265658C3D8DEA00A3ACE59CBC8678ACB54CB26EEB6BD7839D7E9348BE70AD9C8321B9BCA7F9A4A26C542347DEE0
310
50F09802D22BA6749A800A394DD62899107273365E3C82CFC6A55557BC06C10774B7ABE7AEC3B0F34CF06446280E154026D0542C187BA9DAB6628BF7B6DBB0E566B17C62EB0D63BCC976C107EF6DB9843110FC449477095CA2A2E54D1E3FC2577C449B80AC7D38FD01240228AD173AB78CFFCCA739BF6FC415F02F103F504B
310
0304140006080800AC70623BD8F6D0D5660500003B100000340000006662782F30364446464539412D343132462D344431342D413442312D4630364534343133343431372F6F626A656374732E786D6CAD575B8F9B3814FE2B887D064292B964C5504D92491555D3568D5AEDC348910187610730B2CD4C667FFD7E06438024
310
6DF6928780CDF1B97EE762EFC33E4B8D57CA45C2F23BD3B547A641F39045491EDF99A5DC59B7A6F1C1F73863B243661A39C9E89DA9B64DDF8B392B0BBD15D11D295339D85DCDFF304448736A1A614A84B83345F84C33629352B2888A173B2292D8F16E6FBB764DD8671B73523C0F981684D35C4253ECE7E062D44AB9FDE5C8
310
747CCF51DF7D4FFD6BAAC9792AA7B2A72F3FC985247978246CC066E24E970FE3AB9975359D4EACE9F5D8B5E6ABF9D2726F26A3C5F56231BB7F9841B0901C9CB4269CEE4CFF237CC393D073EA4FADC65AF1532A852CCF6958D90F0B2B9D35C78816348F10C7840A48EB583DEA2F5DE59BCEE7895A6B91DDEDCBACEA9EE8306A
310
746F9E5D4D59F0274C1097A0820BAA5055FB471B5AE36F74F05AC058AABF25C2C888A43C21A991260127FCDDF441AA487CAFC746A1932B842B0B4CDF3DF0EBEA8AD4F835764F69B92BD35441D3F42B646F817F2A45A559F217E5A7A54127C4AA4C7279AB0D92EF0535FD99E7549BBEA71E93B1FE583BD2D8A52446C86166FD
310
7560E842E5DE7A69FA9F56C17EA3F2F1B4F082B38272A9E0036835816B9ECA4B5AAC7B51E4D40118D3F3F9C129DFE0F9CF48DF832A881B4FF6D3FD544B919CE462C77886D8D8A3EA678C9A17AB7D3B7E413D1B501FD3B43BFF8AD8735A65FB05E35CFC002E159ADBFF1EBFBECFBA48ED84CFF75E91608C4FB42B372149517A
310
1E931C0151A03452862DD4F25DB037FD352A252A3B4E91D46F1D72F4E239AFF88EFF9A37AA5525BEF3CC11D041BDBDA0F2C397555A40B7336039AA9395606DDC399F5FFD2F3973BFDC7CDA947C4742FAA80BCB92EE923C91E89D07F07615EA05A267D10B7D7F633C82A1C741D8748390695102DE563E578E8F9B66A11607C9
310
3D0121CEC54CD53CEF17121E1311D2342539656523A56D430AAB6D91D17302B2B076E8643C4031A7AF899A247A143DB5D0EB439E14CA656DD36BEBB47DC696EFEBCF0025E8531690F440141CAA7DC852C6B7C1FBB62E8426B087237D70FFE8A35B3BD4515C00F80ACA4DC5D11EDE46C96E570A94DD134EFCB15E7403D5D691
310
E397267F1A89754A4E519C917A846BF43632310F7082BECEF26D822E8EAC3C29BC2B7B2840547CCFF00FCAACD8928C95B9BCC44DA3C69E46FB96797788116F4486CFA6BFA99ED61C153BA2D121543D10A80E74C2A65E786E1E265757A3F1D472EFE72B6B7AB39A59B3EBEB076B3576AF66ABF9C3EDF87EDE6A5469E27B4D83
310
EAA620BC8986E8953CD16EFEBE3E64ADE93F12299C8F753E3971FDFCBEB631157B0ECE00DFEDC17556A434A3B9240ABD8FEA25FD463054F478D4FBEB8CC4F4022E5F3E6E063A60E782735F55A6D1B7C159BDBB50B97092897C2EB32027493A38A80DB78B3CD66637AE6C9F75416F966AA5FD893154B03489506F2223A62CA3
310
1255E78262CF332A8098EE501EE9CBC305A75FEB71509220A58D26CF0413712A806AC0AD0C657FDFF80D139C1AA2EE4CF43AFB057F3A114D03A1BE3351DE6412526107E88E6AEEA998030218C2DA1A08A8913C4E3158D787DA757B4AF906E5070D50CB6F492E1996B45DBDBA9B91A240D3EE55D54A372D20FC478637EA1844
310
E23528656BCB61A335A61283CCAA8DD257034C102F5AF41EF9F573B35CBBA2E979E4A26BD24F415073B524E171752D50FA6995EE975F1D4C02C6FA8B51A4658C585ECEC9E214602E558203454085E6591009A82E7E7FFACA19AEA299B14A0081A705CB3296EBC5BDBECA1A9B675C4CA3279405AA6E1F623C72DDA76AE8D7F7
310
906D4004B549245EB0D1249CB260803500F2A89BEA10382A0603F2F5D2D00D630AA615688F66D2FA166E2079D4C551A54AB758163F9DFB9D8A1460E098D8FDBF01504B0304140006080000AC70623B000000000000000000000000350000006662782F30364446464539412D343132462D344431342D413442312D46303645
310
34343133343431372F76657274696365732E62696E504B0304140006080800AC70623BF270F1330600000004000000360000006662782F30364446464539412D343132462D344431342D413442312D4630364534343133343431372F747269616E676C65732E62696E636660600000504B0304140006080000AC70623B0000
310
00000000000000000000370000006662782F30364446464539412D343132462D344431342D413442312D4630364534343133343431372F617474726962757465732E62696E504B0304140006080800AC70623B08DA0BD19000000041010000360000006662782F30364446464539412D343132462D344431342D413442312D
310
4630364534343133343431372F6469726563746F72792E786D6C858F410AC3201045AF22B36F53E9A60B35CBEEBAE80D244E44489C6234F4F835464A48035D0DF398FF9F8AF63D0E6CC63039F212F8F9020C7D47C6792B21C5FE7403D62A1188E2E60C98D7234A5830286103A55745067B9D86B8A3CF9C7F90C11DE607FB14
310
4396D7B6A82D282E9A152AD114D5EF2CB866EEE831B8EEA07A7BB5A8D7D61A2BAAEB7FD5F70921FF497D00504B0304140006080800AC70623BB40F7AF9FE000000A00100003B0000006662782F30364446464539412D343132462D344431342D413442312D4630364534343133343431372F7265736F75726365732F636F72
310
652E786D6C8D504B6E833010BD0A9A6D65B00950828CA3109513F4029699502BC146FE543D7E4D42A576D7CDCCE87D344F8F9FBE967BF689CE6B6B7A6039850C8DB29336730F315C490BD94970676DF82583CCC8057BD860107C7636AE3BA4AC096842428D9D7007A5F7182053F774F4E0D5072E3297312485BFE5AB543739
310
63CEF244279DE03EB814207B3ED9260887DE46A7D0F3E2C90A1EA39E768D9ED24F7DD5E8408C63736E86CB1B192F0746AAF29591A1295B72A4675A57B4ADC766E0C566163CE8E527A37228034E204A4A8F843142CB775675B4EECAFA85B61DA5BCD8E47F4C719DFE698ADA8443B9C77DDA3C0896823C08C18BADAFB41E65A6
310
BD752BBE01504B010214000A0000080000AC70623B3DEE336E79000000790000001B00000000000000000000000000000000006175746F6465736B2D64657369676E2D7061636B6167652E786D6C504B01021400140006080800AC70623BD486FD9CA0000000F40000001300000000000000000000000000B20000005B436F
310
6E74656E745F54797065735D2E786D6C504B01021400140006080800AC70623BDCE527C8EB0000007C010000080000000000000000000000000083010000636F72652E786D6C504B01021400140006080800AC70623B55019EA25F0000007C000000070000000000000000000000000094020000636E782E786D6C504B0102
310
1400140006080800AC70623BB24894EB71010000D40300000C00000000000000000000000000180300006662782F636F72652E786D6C504B01021400140006080800AC70623B3A54DFB77D0000009D0000000B00000000000000000000000000B30400006662782F636E782E786D6C504B01021400140006080800AC70623B
310
4A17098729010000120200003100000000000000000000000000590500006662782F30364446464539412D343132462D344431342D413442312D4630364534343133343431372F636F72652E786D6C504B01021400140006080800AC70623B503B51794E010000330300003000000000000000000000000000D10600006662
310
782F30364446464539412D343132462D344431342D413442312D4630364534343133343431372F636E782E786D6C504B01021400140006080800AC70623BD8F6D0D5660500003B10000034000000000000000000000000006D0800006662782F30364446464539412D343132462D344431342D413442312D46303645343431
310
33343431372F6F626A656374732E786D6C504B01021400140006080000AC70623B0000000000000000000000003500000000000000000000000000250E00006662782F30364446464539412D343132462D344431342D413442312D4630364534343133343431372F76657274696365732E62696E504B010214001400060808
310
00AC70623BF270F13306000000040000003600000000000000000000000000780E00006662782F30364446464539412D343132462D344431342D413442312D4630364534343133343431372F747269616E676C65732E62696E504B01021400140006080000AC70623B00000000000000000000000037000000000000000000
310
00000000D20E00006662782F30364446464539412D343132462D344431342D413442312D4630364534343133343431372F617474726962757465732E62696E504B01021400140006080800AC70623B08DA0BD190000000410100003600000000000000000000000000270F00006662782F30364446464539412D343132462D
310
344431342D413442312D4630364534343133343431372F6469726563746F72792E786D6C504B01021400140006080800AC70623BB40F7AF9FE000000A00100003B000000000000000000000000000B1000006662782F30364446464539412D343132462D344431342D413442312D4630364534343133343431372F7265736F
310
75726365732F636F72652E786D6C504B0506000000000E000E0080040000621100000000
  0
XRECORD
  5
33B
102
{ACAD_REACTORS
330
33A
102
}
330
33A
100
AcDbXrecord
102
DISPLAYNAME
  1
Imperial24
102
FLAGS
 90
        0
  0
ENDSEC
  0
EOF
